symbol,date,open,high,low,close,adj_close,volume,daily_return,ma30,indexed_value,drawdown
ABX.TO,2025-01-02,22.65999984741211,23.18000030517578,22.65999984741211,23.010000228881836,22.167327880859375,1680600,,,100.0,0.0
ABX.TO,2025-01-03,22.950000762939453,23.09000015258789,22.84000015258789,22.899999618530273,22.061357498168945,1849000,-0.004780476170153647,,99.52195238298464,-0.004780476170153647
ABX.TO,2025-01-06,22.790000915527344,22.829999923706055,22.219999313354492,22.229999542236328,21.4158935546875,3374100,-0.029257671180706657,,96.61017182490133,-0.03389828175098675
ABX.TO,2025-01-07,22.530000686645508,22.799999237060547,22.239999771118164,22.36000061035156,21.541135787963867,4536800,0.0058480974868757585,,97.17515752795717,-0.028248424720428322
ABX.TO,2025-01-08,22.489999771118164,22.84000015258789,22.38999938964844,22.81999969482422,21.98428726196289,4777300,0.02057233557046856,,99.17427747773546,-0.008257225222645492
ABX.TO,2025-01-09,22.81999969482422,23.1299991607666,22.790000915527344,23.1299991607666,22.282934188842773,1099800,0.013584562616073548,,100.5215166600356,0.0
ABX.TO,2025-01-10,23.190000534057617,23.36000061035156,22.63999938964844,22.700000762939453,21.868682861328125,5798500,-0.018590519722580634,,98.65276942202348,-0.018590519722580634
ABX.TO,2025-01-13,22.200000762939453,22.440000534057617,22.06999969482422,22.260000228881836,21.444795608520508,3236100,-0.01938330056252291,,96.74055314099114,-0.037613474653707346
ABX.TO,2025-01-14,22.13999938964844,22.3799991607666,22.020000457763672,22.36000061035156,21.541135787963867,3323100,0.004492473661305452,,97.17515752795717,-0.03328997853659377
ABX.TO,2025-01-15,22.600000381469727,22.829999923706055,22.40999984741211,22.690000534057617,21.859046936035156,3677100,0.014758328028781298,,98.60930037900324,-0.0190229549311266
ABX.TO,2025-01-16,22.90999984741211,22.950000762939453,22.61000061035156,22.63999938964844,21.81087875366211,1872500,-0.0022035810853967552,,98.39200678984388,-0.021184617392848826
ABX.TO,2025-01-17,22.75,23.18000030517578,22.5,23.13999938964844,22.292566299438477,2968600,0.022084738135344173,,100.56496849440856,0.0
ABX.TO,2025-01-20,22.989999771118164,23.260000228881836,22.950000762939453,23.209999084472656,22.36000061035156,667600,0.0030249685032799345,,100.86917435663749,0.0
ABX.TO,2025-01-21,22.88999938964844,23.34000015258789,22.8799991607666,22.899999618530273,22.061357498168945,2463800,-0.013356131665057114,,99.52195238298464,-0.013356131665057114
ABX.TO,2025-01-22,23.1200008392334,23.170000076293945,22.6299991607666,22.65999984741211,21.830148696899418,2110100,-0.01048026175581973,,98.47893627156074,-0.023696417664981873
ABX.TO,2025-01-23,22.3700008392334,22.719999313354492,22.25,22.719999313354492,21.887950897216797,2703900,0.002647815235706119,,98.7396902994167,-0.021111346165000877
ABX.TO,2025-01-24,22.989999771118164,23.309999465942383,22.8700008392334,23.149999618530273,22.302202224731445,2591100,0.018925998576108105,,100.60843753742881,-0.0025849008963513276
ABX.TO,2025-01-27,22.799999237060547,23.100000381469727,22.600000381469727,23.09000015258789,22.244400024414062,1962900,-0.002591770971087537,,100.34768350957283,-0.005169972396332545
ABX.TO,2025-01-28,23.079999923706055,23.350000381469727,22.90999984741211,22.979999542236328,22.138427734375,1768300,-0.0047639985759451164,,99.86962728823383,-0.009909341231143842
ABX.TO,2025-01-29,23.0,23.290000915527344,22.799999237060547,23.020000457763672,22.17696189880371,2043000,0.0017406007730567108,,100.0434604386966,-0.008185988665094679
ABX.TO,2025-01-30,23.43000030517578,24.229999542236328,23.40999984741211,23.989999771118164,23.111440658569336,3501700,0.04213736597599671,,104.2590283447071,0.0
ABX.TO,2025-01-31,24.350000381469727,24.469999313354492,23.709999084472656,23.760000228881836,22.889863967895508,3650000,-0.009587316253765077,,103.25946406765614,-0.009587316253765077
ABX.TO,2025-02-03,23.86000061035156,24.530000686645508,23.86000061035156,24.11000061035156,23.227046966552734,3027400,0.0147306685234192,,104.7805450047427,0.0
ABX.TO,2025-02-04,23.809999465942383,24.100000381469727,23.68000030517578,23.88999938964844,23.01510238647461,3358400,-0.009124904271443857,,103.8244325620647,-0.009124904271443857
ABX.TO,2025-02-05,24.13999938964844,24.6299991607666,24.1200008392334,24.549999237060547,23.650928497314453,3498500,0.027626473267983398,,106.69273547280415,0.0
ABX.TO,2025-02-06,24.59000015258789,24.63999938964844,24.420000076293945,24.61000061035156,23.70873260498047,4032700,0.0024440523623661115,,106.95349810498377,0.0
ABX.TO,2025-02-07,24.75,24.979999542236328,24.309999465942383,24.329999923706055,23.438989639282227,3973700,-0.011377367579808007,,105.73664884309706,-0.011377367579808007
ABX.TO,2025-02-10,24.969999313354492,25.309999465942383,24.799999237060547,24.93000030517578,24.017013549804688,6514100,0.02466078612679312,,108.34419772598052,0.0
ABX.TO,2025-02-11,24.739999771118164,24.86000061035156,24.399999618530273,24.420000076293945,23.525691986083984,2501500,-0.020457229734322957,,106.12777558271921,-0.020457229734322957
ABX.TO,2025-02-12,24.8700008392334,26.200000762939453,24.68000030517578,25.969999313354492,25.01892852783203,5221200,0.06347258744318052,22.495841026306152,112.86398009854359,0.0
ABX.TO,2025-02-13,26.040000915527344,26.329999923706055,25.75,26.190000534057617,25.230871200561523,3610300,0.008471292945008368,22.597959136962892,113.82008393689796,0.0
ABX.TO,2025-02-14,26.15999984741211,26.25,25.399999618530273,25.43000030517578,24.498701095581055,4635800,-0.029018819808496077,22.679203923543295,110.5171594305452,-0.029018819808496077
ABX.TO,2025-02-18,25.8799991607666,26.1200008392334,25.63999938964844,26.059999465942383,25.105632781982425,4248200,0.024774035326748267,22.802195231119793,113.25511544248941,-0.004963697748824103
ABX.TO,2025-02-19,25.989999771118164,27.1299991607666,25.760000228881836,26.719999313354492,25.7414608001709,4667100,0.025326110029171955,22.942206064860027,116.12342695755247,0.0
ABX.TO,2025-02-20,26.65999984741211,27.190000534057617,26.579999923706055,26.670000076293945,25.69329261779785,2952100,-0.0018712295602403284,23.065839576721192,115.90613336839309,-0.0018712295602403284
ABX.TO,2025-02-21,26.479999542236328,26.6200008392334,26.010000228881836,26.049999237060547,25.095996856689453,2023000,-0.023247147416779468,23.15960833231608,113.21164639946915,-0.0250748762275822
ABX.TO,2025-02-24,26.260000228881836,26.290000915527344,25.770000457763672,26.040000915527344,25.08636474609375,2228100,-0.0003838106392308749,23.266864395141603,113.16819456509619,-0.025449062862539562
ABX.TO,2025-02-25,25.899999618530273,25.959999084472656,25.34000015258789,25.8700008392334,24.922592163085938,4375900,-0.006528350546816997,23.382790946960448,112.42939292022484,-0.03181127300590203
ABX.TO,2025-02-26,25.75,26.559999465942383,25.700000762939453,26.469999313354492,25.5006160736084,4088600,0.02319276850257168,23.5147736231486,115.03694180310829,-0.009356295993928287
ABX.TO,2025-02-27,26.15999984741211,26.219999313354492,25.649999618530273,25.670000076293945,24.729915618896484,3896200,-0.030222817067919516,23.610469245910643,111.56020135494005,-0.03929633943958999
ABX.TO,2025-02-28,25.100000381469727,25.68000030517578,24.959999084472656,25.65999984741211,24.85973358154297,4395200,0.005249430068709593,23.71209774017334,112.14582883040396,-0.03425319275672478
ABX.TO,2025-03-03,26.010000228881836,26.18000030517578,25.600000381469727,25.649999618530273,24.85004997253418,2009500,-0.00038952987879070644,23.797347195943196,112.10214467929276,-0.034629379993492804
ABX.TO,2025-03-04,25.8799991607666,26.059999465942383,25.31999969482422,25.68000030517578,24.87911033630371,3905200,0.001169428785924076,23.8813175201416,112.23324015424454,-0.03350044780137196
ABX.TO,2025-03-05,25.920000076293945,26.559999465942383,25.68000030517578,26.479999542236328,25.65416145324707,4162700,0.031152686187994494,24.00107765197754,115.72960706463155,-0.0033913905508908826
ABX.TO,2025-03-06,26.270000457763672,26.780000686645508,26.1200008392334,26.38999938964844,25.566967010498047,4118700,-0.00339884205172436,24.125638262430826,115.33626040951074,-0.006778705801797069
ABX.TO,2025-03-07,26.329999923706055,27.020000457763672,26.270000457763672,26.739999771118164,25.90605354309082,3411400,0.013262681195369774,24.259575017293294,116.86592846158824,0.0
ABX.TO,2025-03-10,26.549999237060547,26.90999984741211,26.1299991607666,26.260000228881836,25.441020965576172,5072100,-0.017950730192892395,24.364202308654786,114.76809971103239,-0.017950730192892395
ABX.TO,2025-03-11,26.489999771118164,27.0,26.38999938964844,26.6200008392334,25.789796829223633,3052700,0.013709192886534938,24.482382202148436,116.341477727192,-0.004487627329026078
ABX.TO,2025-03-12,26.520000457763672,26.600000381469727,26.13999938964844,26.399999618530273,25.576656341552734,3152500,-0.008264527599123217,24.596989822387695,115.37997037359285,-0.012715066808233977
ABX.TO,2025-03-13,26.56999969482422,27.450000762939453,26.479999542236328,27.059999465942383,26.216073989868164,4191200,0.025000048472974434,24.731626892089842,118.26447522574304,0.0
ABX.TO,2025-03-14,27.399999618530273,27.450000762939453,26.969999313354492,27.0,26.157943725585938,4267800,-0.0022173520071957498,24.83317699432373,118.00224125422127,-0.0022173520071957498
ABX.TO,2025-03-17,27.100000381469727,27.489999771118164,27.049999237060547,27.440000534057617,26.5842227935791,2895800,0.016296352361069077,24.956322288513185,119.92524735709596,0.0
ABX.TO,2025-03-18,28.010000228881836,28.15999984741211,27.6299991607666,27.649999618530273,26.78767204284668,3624000,0.00765300723091733,25.075009791056313,120.84303614228935,0.0
ABX.TO,2025-03-19,27.739999771118164,27.8700008392334,27.479999542236328,27.809999465942383,26.942684173583984,3889300,0.00578669660018849,25.20592918395996,121.5423181286904,0.0
ABX.TO,2025-03-20,27.709999084472656,27.8700008392334,27.5,27.59000015258789,26.729541778564453,2601700,-0.007910956222710208,25.308549626668295,120.5808021707676,-0.007910956222710208
ABX.TO,2025-03-21,27.36000061035156,27.40999984741211,26.8700008392334,27.049999237060547,26.206382751464844,8908600,-0.019572315583769262,25.391804631551107,118.22075665733729,-0.027328436074719242
ABX.TO,2025-03-24,27.09000015258789,27.280000686645508,27.030000686645508,27.079999923706055,26.23544692993164,3494200,0.0011090496060610633,25.485019874572753,118.35186934093635,-0.02624969505992114
ABX.TO,2025-03-25,27.309999465942383,27.780000686645508,27.260000228881836,27.63999938964844,26.777984619140625,2623100,0.02067956725334108,25.577052243550618,120.79933478253088,-0.006112960140951307
ABX.TO,2025-03-26,27.700000762939453,27.850000381469727,27.3799991607666,27.59000015258789,26.729541778564453,2230700,-0.0018090547614082464,25.6838472366333,120.5808021707676,-0.007910956222710208
ABX.TO,2025-03-27,27.81999969482422,28.059999465942383,27.709999084472656,28.010000228881836,27.136445999145508,2220000,0.015223015192402878,25.75443115234375,122.41640555412532,0.0
ABX.TO,2025-03-28,28.190000534057617,28.440000534057617,27.329999923706055,27.3799991607666,26.526092529296875,2862300,-0.022492019399587226,25.79760519663493,119.6630133855742,-0.022492019399587226
ABX.TO,2025-03-31,27.690000534057617,28.030000686645508,27.030000686645508,27.940000534057617,27.068626403808594,5317200,0.020452838046633337,25.883269373575846,122.11046161852146,-0.002499206983075486
ABX.TO,2025-04-01,28.020000457763672,28.260000228881836,27.809999465942383,28.13999938964844,27.26239013671875,2632300,0.007158240319238951,25.95516128540039,122.98455764828003,0.0
ABX.TO,2025-04-02,28.25,28.260000228881836,27.459999084472656,27.780000686645508,26.913618087768555,2228600,-0.012793157430479485,25.99423319498698,121.4111968407677,-0.012793157430479485
ABX.TO,2025-04-03,25.8700008392334,27.770000457763672,25.760000228881836,27.299999237060547,26.448585510253903,3793300,-0.017278709090621902,26.019409624735513,119.31336809021184,-0.029850817275509645
ABX.TO,2025-04-04,26.75,26.8799991607666,25.049999237060547,25.11000061035156,24.326887130737305,4829000,-0.08021972965979718,25.993772633870442,109.74208195721518,-0.10767592244334145
ABX.TO,2025-04-07,24.299999237060547,26.299999237060547,24.280000686645508,25.1200008392334,24.336578369140625,5408700,0.00039837560602129507,25.96877975463867,109.78580052562093,-0.10732044229817739
ABX.TO,2025-04-08,25.93000030517578,26.020000457763672,24.739999771118164,24.979999542236328,24.20094108581543,6338600,-0.0055733916768343494,25.944724718729656,109.17392125873683,-0.11229569511515292
ABX.TO,2025-04-09,25.690000534057617,26.68000030517578,25.5,26.530000686645508,25.702600479125977,5887600,0.06204962806965786,25.95145753224691,115.94812246774755,-0.057213973161214016
ABX.TO,2025-04-10,26.600000381469727,27.270000457763672,26.40999984741211,26.88999938964844,26.051374435424805,6142100,0.013569598009434136,25.99550615946452,117.52149187958352,-0.04442074576810018
ABX.TO,2025-04-11,27.760000228881836,28.940000534057617,27.75,28.6200008392334,27.72742080688477,6520600,0.06433619752441411,26.09109573364258,125.08237779451225,0.0
ABX.TO,2025-04-14,28.219999313354492,28.770000457763672,27.549999237060547,28.34000015258789,27.456151962280273,5171600,-0.009783414277650393,26.17796579996745,123.85864507371497,-0.009783414277650393
ABX.TO,2025-04-15,28.649999618530273,28.729999542236328,28.190000534057617,28.40999984741211,27.523971557617188,3924400,0.0024701056225973073,26.266127840677896,124.16458900931883,-0.007337474721668458
ABX.TO,2025-04-16,29.190000534057617,29.38999938964844,28.36000061035156,28.63999938964844,27.746795654296875,4255300,0.008095637514129894,26.335882314046223,125.16978051402917,0.0
ABX.TO,2025-04-17,28.3700008392334,28.440000534057617,27.770000457763672,27.959999084472656,27.088003158569336,4460800,-0.02374301176739735,26.386583518981933,122.19787294236204,-0.02374301176739735
ABX.TO,2025-04-21,28.790000915527344,28.899999618530273,27.989999771118164,28.31999969482422,27.43677520751953,2592800,0.01287551713976609,26.43760757446289,123.77123374987438,-0.011173198182592103
ABX.TO,2025-04-22,28.84000015258789,28.84000015258789,27.489999771118164,27.6200008392334,26.758607864379883,3871300,-0.024717458156444883,26.48152713775635,120.7119234586903,-0.03561448328048511
ABX.TO,2025-04-23,26.440000534057617,26.649999618530273,26.010000228881836,26.469999313354492,25.64447021484375,3396900,-0.04163660737445285,26.476682917277017,115.6858884962258,-0.07576822439774444
ABX.TO,2025-04-24,26.729999542236328,26.940000534057617,26.329999923706055,26.899999618530273,26.06106185913086,2495500,0.016244891814765294,26.492829767862954,117.565193239342,-0.060754179191317315
ABX.TO,2025-04-25,26.219999313354492,26.540000915527344,26.1200008392334,26.40999984741211,25.58634376525879,3151800,-0.018215608267924233,26.471838760375977,115.42367173335133,-0.07786311313045324
ABX.TO,2025-04-28,26.190000534057617,26.700000762939453,26.190000534057617,26.65999984741211,25.82854652404785,2945500,0.009466094922007784,26.460858853658042,116.51628316622589,-0.06913407782826131
ABX.TO,2025-04-29,26.40999984741211,26.63999938964844,26.1200008392334,26.13999938964844,25.324764251708984,2760600,-0.019504863421943464,26.41887690226237,114.24364897663617,-0.08729049050436255
ABX.TO,2025-04-30,25.950000762939453,26.290000915527344,25.950000762939453,26.290000915527344,25.47008895874023,4594700,0.005738442640051078,26.374957466125487,114.89922960327871,-0.08205295933709278
ABX.TO,2025-05-01,25.63999938964844,25.709999084472656,25.34000015258789,25.440000534057617,24.646596908569336,3002600,-0.03233173042720405,26.298421223958332,111.18433868545209,-0.11173177560225556
ABX.TO,2025-05-02,25.719999313354492,25.739999771118164,25.010000228881836,25.420000076293945,24.627220153808594,3067400,-0.0007861837815834605,26.228343836466472,111.0969273616115,-0.11243011767397304
ABX.TO,2025-05-05,26.0,26.040000915527344,25.489999771118164,25.760000228881836,24.956615447998047,4840000,0.013375252754156852,26.18668492635091,112.58287684528325,-0.10055864616088528
ABX.TO,2025-05-06,26.25,26.540000915527344,26.030000686645508,26.530000686645508,25.702600479125977,6723500,0.029891274026413228,26.168923377990723,115.94812246774755,-0.0736731981825921
ABX.TO,2025-05-07,25.84000015258789,26.989999771118164,25.739999771118164,26.850000381469727,26.01262092590332,6186000,0.012061831915767485,26.143411254882814,117.34666923190235,-0.0625
ABX.TO,2025-05-08,26.719999313354492,26.93000030517578,26.260000228881836,26.280000686645508,25.460399627685547,5467200,-0.021228975726466426,26.101106516520183,114.85551963919661,-0.08240216474356221
ABX.TO,2025-05-09,26.540000915527344,27.100000381469727,26.299999237060547,27.09000015258789,26.245136260986328,2276500,0.030821850590572186,26.071396191914875,118.39557930501846,-0.054120101363055895
ABX.TO,2025-05-12,26.059999465942383,26.229999542236328,25.329999923706055,25.459999084472656,24.665971755981445,3813800,-0.06016979638822939,26.009392166137694,111.27174140496903,-0.1110335022717599
ABX.TO,2025-05-13,25.61000061035156,25.649999618530273,25.1299991607666,25.280000686645508,24.491588592529297,3076300,-0.007069786877942907,25.923490905761717,110.48507390769832,-0.11731830595232984
ABX.TO,2025-05-14,24.75,24.84000015258789,24.420000076293945,24.6299991607666,23.86185836791992,3596100,-0.025712102023527583,25.810139846801757,107.6442704153066,-0.1400139077239838
ABX.TO,2025-05-15,24.899999618530273,25.09000015258789,24.709999084472656,25.049999237060547,24.26875877380371,5288400,0.01705233513710036,25.721977869669598,109.47985659001705,-0.12534913666524783
ABX.TO,2025-05-16,24.31999969482422,25.020000457763672,24.290000915527344,24.940000534057617,24.162187576293945,3939100,-0.004391291639719186,25.645764605204263,108.99909861105566,-0.12918998368908285
ABX.TO,2025-05-20,25.40999984741211,26.020000457763672,25.329999923706055,26.0,25.189130783081055,2539900,0.04250207906649428,25.67450606028239,113.63178691839934,-0.09217874752394117
ABX.TO,2025-05-21,26.049999237060547,26.25,25.979999542236328,26.1200008392334,25.305389404296875,2844400,0.004615428067645366,25.706799761454263,114.15624625711922,-0.08798876383485832
ABX.TO,2025-05-22,26.040000915527344,26.1200008392334,25.56999969482422,25.88999938964844,25.082557678222656,2749500,-0.008805702315585862,25.736186981201172,113.15102033511431,-0.09601966328899803
ABX.TO,2025-05-23,26.270000457763672,26.40999984741211,25.969999313354492,26.18000030517578,25.363515853881836,2043100,0.011201336772091341,25.7248841603597,114.4184630199937,-0.08589387510214941
ABX.TO,2025-05-26,25.90999984741211,26.170000076293945,25.90999984741211,26.09000015258789,25.276323318481445,1610500,-0.0034377148618789377,25.699049123128255,114.02512496919653,-0.08903631131304535
ABX.TO,2025-05-27,25.559999465942383,26.219999313354492,25.559999465942383,26.15999984741211,25.344141006469727,3825300,0.0026830519270457653,25.61960646311442,114.33106030047675,-0.08659214843264518
ABX.TO,2025-05-28,26.260000228881836,26.40999984741211,26.010000228881836,26.31999969482422,25.4991512298584,4023000,0.006116215315764784,25.554373105367024,115.03033368255414,-0.08100554934134907
ABX.TO,2025-05-29,26.34000015258789,26.399999618530273,26.059999465942383,26.219999313354492,25.402271270751953,1836200,-0.00379934054404929,25.48364976247152,114.5932942719985,-0.08449712221749284
ABX.TO,2025-05-30,26.030000686645508,26.350000381469727,25.940000534057617,26.31999969482422,25.63406562805176,8796200,0.009124946144744683,25.413225428263345,115.63895191077938,-0.0761432077623686
ABX.TO,2025-06-02,26.729999542236328,27.88999938964844,26.600000381469727,27.84000015258789,27.114456176757812,3690600,0.057750907335043955,25.414107195536296,122.31720630690039,-0.0227896397630023
ABX.TO,2025-06-03,27.530000686645508,27.68000030517578,27.299999237060547,27.56999969482422,26.851490020751953,3850000,-0.009698374708000612,25.39459768931071,121.13092820690025,-0.032266992005120954
ABX.TO,2025-06-04,27.56999969482422,27.770000457763672,27.469999313354492,27.56999969482422,26.851490020751953,2512900,0.0,25.397693761189778,121.13092820690025,-0.032266992005120954
ABX.TO,2025-06-05,27.850000381469727,28.280000686645508,27.229999542236328,27.350000381469727,26.637226104736328,2874000,-0.007979591294562494,25.430785624186196,120.16435290667819,-0.039989105891177656
ABX.TO,2025-06-06,27.3700008392334,27.43000030517578,26.790000915527344,27.149999618530273,26.44243431091309,4528400,-0.0073127657158191806,25.443498039245604,119.28561914647865,-0.04700944064442958
ABX.TO,2025-06-09,27.200000762939453,27.86000061035156,27.149999618530273,27.790000915527344,27.06575584411621,7021000,0.023572774195977475,25.49281177520752,122.09751211144595,-0.024544809377842425
ABX.TO,2025-06-10,27.8799991607666,28.0,27.290000915527344,27.40999984741211,26.695659637451172,3357400,-0.013673965316046921,25.521715545654295,120.42795496565843,-0.03788314982176777
ABX.TO,2025-06-11,27.440000534057617,27.690000534057617,27.350000381469727,27.670000076293945,26.948884963989254,2364900,0.00948563661573032,25.575852902730308,121.57029078483819,-0.02875685899910596
ABX.TO,2025-06-12,27.88999938964844,28.63999938964844,27.729999542236328,28.479999542236328,27.737773895263672,4163600,0.029273527729573257,25.65144240061442,125.12908206322044,-0.0003251459788584654
ABX.TO,2025-06-13,28.790000915527344,29.440000534057617,28.600000381469727,29.31999969482422,28.555883407592773,3998600,0.02949441852897916,25.781751950581867,128.81969157974007,0.0
ABX.TO,2025-06-16,28.959999084472656,29.38999938964844,28.899999618530273,29.100000381469727,28.341617584228516,6604700,-0.00750338626565783,25.905565198262533,127.85310767519435,-0.00750338626565783
ABX.TO,2025-06-17,29.170000076293945,29.290000915527344,28.649999618530273,29.13999938964844,28.38057327270508,3825400,0.0013745047670901123,26.019697125752767,128.0288423811812,-0.0061391949387592515
ABX.TO,2025-06-18,29.100000381469727,29.149999618530273,28.770000457763672,28.90999984741211,28.156570434570312,3519000,-0.00789282288212989,26.101496124267577,127.01833340446241,-0.013983562242598557
ABX.TO,2025-06-19,28.899999618530273,28.940000534057617,28.6299991607666,28.770000457763672,28.020217895507812,834000,-0.0048426543772208674,26.168416023254395,126.40322751621399,-0.0187584990609162
ABX.TO,2025-06-20,28.600000381469727,29.38999938964844,28.5,28.790000915527344,28.039697647094727,7546000,0.0006952034298790544,26.254392623901367,126.49110347353104,-0.018076336603923715
ABX.TO,2025-06-23,28.829999923706055,29.5,28.829999923706055,29.079999923706055,28.3221378326416,4137100,0.010072868441794336,26.323626009623208,127.76523171787731,-0.008185548722650315
ABX.TO,2025-06-24,28.1200008392334,28.6299991607666,28.030000686645508,28.350000381469727,27.611162185668945,5304600,-0.02510317728039757,26.421799023946125,124.55791845579236,-0.03308324272232577
ABX.TO,2025-06-25,28.270000457763672,28.989999771118164,28.260000228881836,28.6299991607666,27.883865356445312,3555100,0.009876555320004199,26.53487491607666,125.78812162796557,-0.023533435879233844
ABX.TO,2025-06-26,28.709999084472656,28.940000534057617,28.6200008392334,28.88999938964844,28.137086868286133,2821900,0.009081291585791185,26.677382532755534,126.93044023849808,-0.014665858286677436
ABX.TO,2025-06-27,28.15999984741211,28.510000228881836,27.920000076293945,28.030000686645508,27.299503326416016,3277300,-0.029767955218355402,26.778407351175943,123.15198057763234,-0.04399724089231627
ABX.TO,2025-06-30,27.979999542236328,28.36000061035156,27.88999938964844,28.350000381469727,27.611162185668945,2174900,0.011416283128907967,26.893373171488445,124.55791845579236,-0.03308324272232577
ABX.TO,2025-07-02,28.700000762939453,28.959999084472656,28.479999542236328,28.829999923706055,28.078651428222656,3644500,0.016931168612538627,26.9896905263265,126.66682957519421,-0.0167122120705685
ABX.TO,2025-07-03,28.6200008392334,29.209999084472656,28.579999923706055,29.13999938964844,28.38057327270508,2042100,0.010752718849558196,27.092196655273437,128.0288423811812,-0.0061391949387592515
ABX.TO,2025-07-04,29.079999923706055,29.299999237060547,29.030000686645508,29.18000030517578,28.419532775878903,587700,0.001372752509241515,27.203429158528646,128.20459429581524,-0.004774870024774502
ABX.TO,2025-07-07,28.920000076293945,29.600000381469727,28.61000061035156,29.520000457763672,28.750669479370117,3044900,0.011651729326537907,27.316334279378257,129.6983995269687,0.0
ABX.TO,2025-07-08,29.469999313354492,29.520000457763672,28.1299991607666,28.350000381469727,27.611162185668945,5192700,-0.03963411337321443,27.39416224161784,124.55791845579236,-0.03963411337321443
ABX.TO,2025-07-09,28.190000534057617,28.709999084472656,28.170000076293945,28.59000015258789,27.844911575317383,2915100,0.008465757003512264,27.477521260579426,125.61239552630238,-0.03150388914256952
ABX.TO,2025-07-10,28.68000030517578,28.799999237060547,28.469999313354492,28.770000457763672,28.020217895507812,3066600,0.006295811703917353,27.561556816101074,126.40322751621399,-0.02540641999263482
ABX.TO,2025-07-11,29.1299991607666,29.229999542236328,28.829999923706055,29.040000915527344,28.283180236816406,3513800,0.009384735775047393,27.65758711496989,127.58948840756685,-0.0162601167562082
ABX.TO,2025-07-14,29.06999969482422,29.3700008392334,29.030000686645508,29.09000015258789,28.331876754760746,3379200,0.0017217483160167912,27.747514152526854,127.80916539437403,-0.01456636426883462
ABX.TO,2025-07-15,29.11000061035156,29.290000915527344,28.510000228881836,28.829999923706055,28.078651428222656,2273700,-0.008937823947562484,27.77965399424235,126.66682957519421,-0.023373996617006232
ABX.TO,2025-07-16,28.920000076293945,29.399999618530273,28.84000015258789,29.030000686645508,28.273439407348633,3291500,0.006937227011201363,27.827052307128906,127.5455461267465,-0.016598920326496014
ABX.TO,2025-07-17,28.63999938964844,28.729999542236328,28.219999313354492,28.59000015258789,27.844911575317383,3769500,-0.015156551201898294,27.860166358947755,125.61239552630238,-0.03150388914256952
ABX.TO,2025-07-18,28.670000076293945,28.850000381469727,28.3799991607666,28.43000030517578,27.689077377319336,2540800,-0.005596505400152996,27.895228068033855,124.90940507641328,-0.03692408285701032
ABX.TO,2025-07-21,28.850000381469727,29.489999771118164,28.799999237060547,29.190000534057617,28.42927360534668,3248500,0.026732426578924384,27.961456044514975,128.24853657663562,-0.011178726612055212
ABX.TO,2025-07-22,29.5,29.770000457763672,29.34000015258789,29.579999923706055,28.809106826782227,4026700,0.013360637584637791,28.019567743937174,129.96201879459622,0.0
ABX.TO,2025-07-23,29.559999465942383,29.8799991607666,29.34000015258789,29.399999618530273,28.633798599243164,3147100,-0.00608516704780615,28.084172375996907,129.17117820036097,-0.00608516704780615
ABX.TO,2025-07-24,29.049999237060547,29.65999984741211,28.790000915527344,29.3799991607666,28.61431884765625,2438700,-0.0006803062303940566,28.139686838785806,129.08330224304393,-0.006761333501144606
ABX.TO,2025-07-25,29.40999984741211,29.979999542236328,29.31999969482422,29.84000015258789,29.06233024597168,3339000,0.01565689544107829,28.18383871714274,131.10434600945237,0.0
ABX.TO,2025-07-28,29.61000061035156,29.670000076293945,28.950000762939453,29.38999938964844,28.62405776977539,3082800,-0.015080431351750856,28.186111195882162,129.12723591954062,-0.015080431351750856
ABX.TO,2025-07-29,29.38999938964844,29.75,29.280000686645508,29.6200008392334,28.848064422607425,2043100,0.00782581752153133,28.202992757161457,130.1377621049067,-0.0073726305341242915
ABX.TO,2025-07-30,29.469999313354492,29.790000915527344,29.020000457763672,29.190000534057617,28.42927360534668,3924600,-0.014517120148017648,28.204616101582847,128.24853657663562,-0.021782721318871157
ABX.TO,2025-07-31,29.34000015258789,29.549999237060547,28.989999771118164,29.25,28.487709045410156,3173900,0.0020554672227885984,28.215654055277508,128.51214723993948,-0.01977202776577669
ABX.TO,2025-08-01,29.600000381469727,29.700000762939453,29.15999984741211,29.469999313354492,28.70197105407715,2851900,0.0075212088246707776,28.238379160563152,129.4787139358379,-0.01239952849081949
ABX.TO,2025-08-05,30.100000381469727,31.100000381469727,30.100000381469727,31.059999465942383,30.250534057617188,5816800,0.05395319368911644,28.312073707580566,136.46450406743588,0.0
ABX.TO,2025-08-06,31.11000061035156,31.549999237060547,30.989999771118164,31.270000457763672,30.455066680908203,6437500,0.0067612896652153864,28.38317133585612,137.38718010845577,0.0
ABX.TO,2025-08-07,31.469999313354492,32.209999084472656,31.469999313354492,31.770000457763672,30.942033767700195,3592000,0.015989690382036237,28.494200388590496,139.58395858085103,0.0
ABX.TO,2025-08-08,32.150001525878906,32.369998931884766,31.850000381469727,32.220001220703125,31.380306243896484,5119600,0.01416430734600893,28.6107484181722,141.56106867076278,0.0
ABX.TO,2025-08-11,30.899999618530273,31.56999969482422,30.530000686645508,31.459999084472656,30.640111923217773,9424400,-0.023587861601021776,28.69418258666992,138.22194577486408,-0.023587861601021776
ABX.TO,2025-08-12,31.93000030517578,32.4900016784668,31.6200008392334,32.38999938964844,31.545875549316406,3984600,0.029561368064464633,28.83572832743327,142.3079755885013,0.0
ABX.TO,2025-08-13,32.5,33.22999954223633,32.45000076293945,32.84000015258789,31.98414421081543,3394100,0.013893057455763635,28.98149439493815,144.28506846976578,0.0
ABX.TO,2025-08-14,32.84000015258789,33.0099983215332,32.47999954223633,32.66999816894531,31.81857681274414,4304100,-0.00517654613423435,29.1061585744222,143.53817015635087,-0.00517654613423435
ABX.TO,2025-08-15,32.650001525878906,33.33000183105469,32.34000015258789,33.310001373291016,32.44190216064453,8862600,0.019589982027440334,29.241536204020182,146.3500803299655,0.0
ABX.TO,2025-08-18,33.33000183105469,33.7400016784668,33.20000076293945,33.5,32.62694549560547,3442900,0.005703837402771583,29.381783294677735,147.18483739205016,0.0
ABX.TO,2025-08-19,33.61000061035156,33.880001068115234,33.18000030517578,33.2599983215332,32.39320373535156,2609500,-0.007164071190341348,29.50320110321045,146.1303947388347,-0.007164071190341348
ABX.TO,2025-08-20,33.599998474121094,34.77000045776367,33.599998474121094,34.47999954223633,33.58140563964844,7558500,0.03668059244785837,29.7022092183431,151.49054419249455,0.0
ABX.TO,2025-08-21,34.65999984741211,35.63999938964844,34.560001373291016,35.5099983215332,34.584564208984375,11457500,0.029872441317689846,29.926864306132,156.01593658406975,0.0
ABX.TO,2025-08-22,35.2599983215332,36.47999954223633,35.2599983215332,36.25,35.30527877807617,7294000,0.02083919764715647,30.169699668884277,159.2671835226514,0.0
ABX.TO,2025-08-25,36.150001525878906,36.77000045776367,36.099998474121094,36.45000076293945,35.50006866455078,4787400,0.005517302035738858,30.410262616475425,160.14590867852732,0.0
ABX.TO,2025-08-26,36.45000076293945,37.06999969482422,36.2599983215332,37.040000915527344,36.07469177246094,8726800,0.01618653511180268,30.668356450398765,162.73811605236384,0.0
ABX.TO,2025-08-27,36.90999984741211,36.9900016784668,36.31999969482422,36.45000076293945,35.50006866455078,3596900,-0.015928704575899344,30.915737024943034,160.14590867852732,-0.015928704575899344
ABX.TO,2025-08-28,36.25,36.45000076293945,35.970001220703125,36.189998626708984,35.2468376159668,2945100,-0.0071332551769639485,31.148183631896973,159.0035470463766,-0.022948336238484912
ABX.TO,2025-08-29,36.060001373291016,36.86000061035156,36.060001373291016,36.630001068115234,35.879608154296875,5527000,0.017952547834913624,31.41600685119629,161.85806583064763,-0.005407769507624338
ABX.TO,2025-09-02,37.2599983215332,37.47999954223633,36.66999816894531,37.18000030517578,36.41834259033203,4496100,0.015015059075293768,31.706982358296713,164.2883742509076,0.0
ABX.TO,2025-09-03,37.560001373291016,37.63999938964844,37.18000030517578,37.43000030517578,36.6632194519043,5098700,0.006723997967916118,31.981447219848633,165.39304894552293,0.0
ABX.TO,2025-09-04,37.27000045776367,37.77000045776367,37.09000015258789,37.65999984741211,36.88850784301758,3447800,0.006144806552212945,32.250760587056476,166.40935723637384,0.0
ABX.TO,2025-09-05,38.20000076293945,39.38999938964844,37.88999938964844,39.369998931884766,38.563472747802734,6130700,0.04540614415506106,32.581749725341794,173.9653644997997,0.0
ABX.TO,2025-09-08,39.779998779296875,40.2400016784668,39.29999923706055,40.06999969482422,39.24913787841797,5857300,0.0177801707615739,32.93624369303385,177.0584983872056,0.0
ABX.TO,2025-09-09,40.5,40.529998779296875,39.90999984741211,40.43000030517578,39.60176467895508,6079500,0.008984319646190508,33.2875581741333,178.64924853279072,0.0
ABX.TO,2025-09-10,40.65999984741211,41.2400016784668,40.54999923706055,40.91999816894531,40.08172225952149,4993000,0.012119600842471323,33.669480323791504,180.81440611581561,0.0
ABX.TO,2025-09-11,40.45000076293945,40.720001220703125,40.099998474121094,40.689998626708984,39.8564338684082,5322700,-0.005620726316463931,34.03642597198486,179.79809782496466,-0.005620726316463931
ABX.TO,2025-09-12,40.81999969482422,40.959999084472656,39.91999816894531,40.220001220703125,39.39606475830078,5065400,-0.011550684931506794,34.40198567708333,177.72130664570423,-0.017106488009203002
ABX.TO,2025-09-15,40.09000015258789,40.2599983215332,39.630001068115234,40.0,39.180572509765625,6492600,-0.005469892738201754,34.75841445922852,176.74919016105918,-0.022482810092867123
ABX.TO,2025-09-16,39.880001068115234,40.060001373291016,39.369998931884766,39.709999084472656,38.89651107788086,5443800,-0.007250058222451061,35.098232460021975,175.46774824162043,-0.02956986663314054
ABX.TO,2025-09-17,39.15999984741211,41.060001373291016,39.04999923706055,40.630001068115234,39.797664642333984,7980900,0.02316797932464376,35.4164701461792,179.5329814050241,-0.007086961367285816
ABX.TO,2025-09-18,40.349998474121094,41.540000915527344,40.16999816894531,41.52000045776367,40.66943359375,7664600,0.021905027826398804,35.75694904327393,183.4656563584575,0.0
ABX.TO,2025-09-19,42.290000915527344,45.7400016784668,41.88999938964844,45.54999923706055,44.61687469482422,14916600,0.09706161980285977,36.21277707417806,201.27313014280423,0.0
ABX.TO,2025-09-22,47.02000045776367,49.33000183105469,46.93000030517578,48.939998626708984,47.93742752075195,11596200,0.07442369840200702,36.76468111673991,216.2526208769802,0.0
ABX.TO,2025-09-23,49.04999923706055,49.91999816894531,47.54999923706055,47.79999923706055,46.82078552246094,7710700,-0.023293740528893103,37.304036903381345,211.21528843757872,-0.023293740528893103
ABX.TO,2025-09-24,47.880001068115234,48.08000183105469,46.08000183105469,46.70000076293945,45.74332046508789,7362400,-0.02301253696087957,37.7772850672404,206.3546888057061,-0.04577022942489439
ABX.TO,2025-09-25,46.97999954223633,48.470001220703125,46.68000030517578,47.810001373291016,46.8305778503418,6842400,0.023768658991069946,38.27216618855794,211.25946303513732,-0.02308946740896778
ABX.TO,2025-09-26,47.95000076293945,48.08000183105469,47.13999938964844,48.060001373291016,47.07545852661133,6408600,0.005229076545929079,38.78072891235352,212.36415493839993,-0.017981127455524826
ABX.TO,2025-09-29,48.849998474121094,49.619998931884766,45.79999923706055,46.119998931884766,45.17519760131836,8804100,-0.04036627543879934,39.20517209370931,203.7918049668286,-0.05762157175075433
ABX.TO,2025-09-30,45.540000915527344,46.63999938964844,45.380001068115234,45.709999084472656,44.77359771728515,7024000,-0.008889831264877301,39.61006050109863,201.98013020750872,-0.06599915696555037
ABX.TO,2025-10-01,46.150001525878906,47.61000061035156,46.04999923706055,47.0,46.03717041015625,4045000,0.028221379502485044,40.06485939025879,207.68028811405617,-0.0396403647186343
ABX.TO,2025-10-02,47.41999816894531,47.540000915527344,45.529998779296875,47.38999938964844,46.419185638427734,6548100,0.008297973677965365,40.492785390218096,209.40361367825886,-0.03167132574368903
ABX.TO,2025-10-03,47.439998626708984,47.59000015258789,46.9900016784668,47.369998931884766,46.39958953857422,3565400,-0.0004221551839826976,40.886619567871094,209.3152128571999,-0.032080110713325394
ABX.TO,2025-10-06,48.20000076293945,49.18000030517578,47.439998626708984,47.5,46.52693176269531,4620300,0.002744468763354657,41.2606746673584,209.8896719205814,-0.029423684811748396
ABX.TO,2025-10-07,47.5,47.529998779296875,45.779998779296875,46.36000061035156,45.410282135009766,3996000,-0.02400007018259609,41.5910151163737,204.85230506388538,-0.052717584493832015
ABX.TO,2025-10-08,47.16999816894531,47.56999969482422,46.7599983215332,47.31999969482422,46.350616455078125,6747900,0.02070751988002728,41.933545939127605,209.0942882434652,-0.033101715042737845
ABX.TO,2025-10-09,47.5,47.5099983215332,45.75,46.33000183105469,45.38090133666992,4180100,-0.020921299274369476,42.26290702819824,204.71976406256238,-0.0533304834302033
ABX.TO,2025-10-10,46.4900016784668,46.4900016784668,45.5099983215332,45.86000061035156,44.920528411865234,4565400,-0.010144640393748294,42.58536338806152,202.6429556746547,-0.0629341052475274
ABX.TO,2025-10-14,46.560001373291016,47.439998626708984,46.369998931884766,46.79999923706055,45.841270446777344,6364000,0.02049713276901044,42.917418797810875,206.7965552418228,-0.04372694118947429
ABX.TO,2025-10-15,47.36000061035156,48.779998779296875,47.33000183105469,48.70000076293945,47.70234680175781,4383800,0.040598271750369896,43.293552271525066,215.1921379885707,-0.004903907680327113
ABX.TO,2025-10-16,49.209999084472656,51.09000015258789,49.02000045776367,50.08000183105469,49.054073333740234,4966600,0.02833668828915159,43.70658073425293,221.28997052502893,0.0
ABX.TO,2025-10-17,49.06999969482422,49.279998779296875,45.91999816894531,46.72999954223633,45.772701263427734,7335600,-0.06689295806257778,44.002720514933266,206.4872298070291,-0.06689295806257778
ABX.TO,2025-10-20,48.06999969482422,48.880001068115234,47.31999969482422,48.7599983215332,47.76111602783203,5299500,0.04344106223840094,44.30930862426758,215.45725440851126,-0.02635779697868401
ABX.TO,2025-10-21,45.529998779296875,45.63999938964844,43.880001068115234,44.15999984741211,43.25535202026367,6157500,-0.09433958798078956,44.44284909566243,195.13110580014015,-0.11821080125242323
ABX.TO,2025-10-22,42.84000015258789,44.38999938964844,42.619998931884766,44.09000015258789,43.18678283691406,9822300,-0.0015852184792644053,44.56234970092773,194.82178036534646,-0.11960862978509368
ABX.TO,2025-10-23,45.459999084472656,45.470001220703125,44.529998779296875,44.66999816894531,43.75489807128906,6144200,0.013154840371425003,44.68478889465332,197.38462978692942,-0.10802722184553648
ABX.TO,2025-10-24,44.029998779296875,46.790000915527344,43.75,45.4900016784668,44.55810546875,8809000,0.018356971056184168,44.84151128133138,201.0080137228637,-0.09165330337405087
ABX.TO,2025-10-27,44.20000076293945,44.790000915527344,43.400001525878906,44.540000915527344,43.627567291259766,5106000,-0.020883701577995684,44.982561365763345,196.81022234948972,-0.11062294471574541
ABX.TO,2025-10-28,43.38999938964844,44.59000015258789,43.33000183105469,44.38999938964844,43.48063659667969,4660800,-0.003367840649907472,45.12589683532715,196.1473968823438,-0.11361822491562679
ABX.TO,2025-10-29,45.08000183105469,45.130001068115234,44.27000045776367,44.70000076293945,43.7842903137207,3302800,0.00698365389305744,45.28882280985514,197.51722241419424,-0.10742804138132367
ABX.TO,2025-10-30,44.86000061035156,46.29999923706055,44.630001068115234,46.27000045776367,45.32212829589844,4604200,0.035123053751902944,45.47297159830729,204.45463043397456,-0.07607818850131864
ABX.TO,2025-10-31,46.349998474121094,46.4900016784668,45.34000015258789,46.040000915527344,45.09683990478515,3159000,-0.004970825501451004,45.62055180867513,203.4383221431236,-0.08067084260326307
ABX.TO,2025-11-03,46.0,46.7599983215332,45.650001525878906,46.45000076293945,45.49843978881836,7547400,0.008905277728575411,45.649937311808266,205.24999690244348,-0.07248396113266808
ABX.TO,2025-11-04,45.16999816894531,45.52000045776367,44.56999969482422,44.619998931884766,43.70592498779297,4123200,-0.039397280639630106,45.5088872273763,197.1637051731947,-0.10902557081368236
ABX.TO,2025-11-05,45.41999816894531,46.279998779296875,45.36000061035156,46.25,45.30253601074219,6978900,0.03653076838884317,45.45827891031901,204.36624682156284,-0.07647759030069523
ABX.TO,2025-11-06,46.40999984741211,47.08000183105469,45.7599983215332,45.93000030517578,44.98909378051758,4698200,-0.0069188671943285485,45.43313802083333,202.95226390080109,-0.08286731920439094
ABX.TO,2025-11-07,45.779998779296875,46.470001220703125,45.279998779296875,46.439998626708984,45.48863983154297,6552500,0.01110371445716285,45.38840675354004,205.20578788759036,-0.0726837397975042
ABX.TO,2025-11-10,48.619998931884766,49.97999954223633,47.81999969482422,48.88999938964844,47.888450622558594,11008700,0.052756266177726774,45.415506490071614,216.03167905459821,-0.023761996343327207
ABX.TO,2025-11-11,49.34000015258789,50.41999816894531,48.65999984741211,50.18000030517578,49.15203094482422,5076500,0.026385909459146317,45.54806760152181,221.7318713784402,0.0
ABX.TO,2025-11-12,50.310001373291016,52.619998931884766,50.02000045776367,52.31999969482422,51.24818801879883,5558400,0.04264639799579517,45.76388727823893,231.18793701359758,0.0
ABX.TO,2025-11-13,52.189998626708984,52.66999816894531,50.63999938964844,51.11000061035156,50.06298065185547,8958700,-0.023126815069219653,45.89808095296224,225.8412963480497,-0.023126815069219653
ABX.TO,2025-11-14,49.349998474121094,52.900001525878906,49.09000015258789,52.0,50.93474197387695,10577200,0.01741329243026546,46.04859949747721,229.77393688418854,-0.006116236632735084
ABX.TO,2025-11-17,51.689998626708984,53.540000915527344,51.59000015258789,51.97999954223633,50.91515350341797,6527400,-0.0003845797524414385,46.199118296305336,229.68557048042413,-0.006498464204406473
ABX.TO,2025-11-18,53.150001525878906,53.56999969482422,52.099998474121094,52.7599983215332,51.679168701171875,5015800,0.015005654410972458,46.37085952758789,233.13215277424044,0.0
ABX.TO,2025-11-19,53.900001525878906,54.33000183105469,52.86000061035156,53.08000183105469,51.99262237548828,3974800,0.0060653776404360205,46.590270868937175,234.54618732094403,0.0
ABX.TO,2025-11-20,52.95000076293945,53.56999969482422,50.59000015258789,50.79999923706055,49.75932312011719,7996400,-0.04295415682714199,46.703894424438474,224.47145360755198,-0.04295415682714199
ABX.TO,2025-11-21,50.939998626708984,51.9900016784668,50.380001068115234,51.529998779296875,50.47437286376953,4199100,0.014370166208375501,46.87367680867513,227.69714570492815,-0.02920124899171317
ABX.TO,2025-11-24,53.25,55.93000030517578,52.79999923706055,55.93000030517578,54.78423309326172,14696800,0.08538709814432988,47.20246696472168,247.13954423241861,0.0
ABX.TO,2025-11-25,55.68000030517578,56.34000015258789,54.790000915527344,55.18000030517578,54.04959487915039,3885600,-0.013409665019143757,47.476077779134116,243.82548573127804,-0.013409665019143757
ABX.TO,2025-11-26,55.529998779296875,57.68000030517578,55.4900016784668,57.560001373291016,56.38084411621094,5446500,0.04313166902125709,47.76536102294922,254.34208588078675,0.0
ABX.TO,2025-11-27,57.25,57.66999816894531,56.9900016784668,57.5,56.32206726074219,718300,-0.0010424969045799148,48.00762748718262,254.07693504355166,-0.0010424969045799148
ABX.TO,2025-11-28,57.470001220703125,58.58000183105469,56.95000076293945,58.43000030517578,57.47892761230469,3892300,0.020540090373580178,48.39783503214518,259.2956982511884,0.0
ABX.TO,2025-12-01,58.970001220703125,60.13999938964844,58.349998474121094,59.27000045776367,58.30525588989258,7116100,0.014376195101646116,48.74930636088053,263.0233837982651,0.0
ABX.TO,2025-12-02,58.41999816894531,59.45000076293945,56.220001220703125,57.41999816894531,56.48536682128906,4520400,-0.031213122056102716,49.19030685424805,254.8136028161607,-0.031213122056102716
ABX.TO,2025-12-03,57.68000030517578,58.2400016784668,56.47999954223633,56.5099983215332,55.59018325805664,3434200,-0.015848061429159954,49.6037535349528,250.77530118574464,-0.046566516009521663
ABX.TO,2025-12-04,56.09000015258789,57.31999969482422,56.0099983215332,57.11000061035156,56.18041229248047,6045800,0.010617504743308803,50.017937342325844,253.437909135589,-0.036443431470823184
ABX.TO,2025-12-05,57.709999084472656,58.31999969482422,56.529998779296875,56.790000915527344,55.865623474121094,7259100,-0.005603177433454065,50.39485460917155,252.01785156233868,-0.04184240989146237
ABX.TO,2025-12-08,56.63999938964844,56.91999816894531,55.459999084472656,55.4900016784668,54.586788177490234,8751800,-0.022891274044820387,50.7601619720459,246.2488418580383,-0.06377585786476159
ABX.TO,2025-12-09,55.5,56.720001220703125,55.45000076293945,56.66999816894531,55.74757766723633,5266300,0.021265026364470474,51.16906000773112,251.48532997236978,-0.04386702679920207
ABX.TO,2025-12-10,56.459999084472656,57.939998626708984,55.880001068115234,57.7599983215332,56.8198356628418,8312400,0.019234162998182702,51.60357818603516,256.3224398007101,-0.025476609344720957
ABX.TO,2025-12-11,57.16999816894531,60.5,56.630001068115234,59.45000076293945,58.48232650756836,3421500,0.02925898720636,52.04225145975749,263.82217478754205,0.0
ABX.TO,2025-12-12,60.5,60.5,58.0,59.2599983215332,58.29541778564453,5164200,-0.003195986430184816,52.482204055786134,262.9790026969392,-0.003195986430184816
ABX.TO,2025-12-15,60.09000015258789,60.900001525878906,59.2400016784668,59.630001068115234,58.65939712524414,7300100,0.006243704109609061,52.92090263366699,264.620965776819,0.0
ABX.TO,2025-12-16,59.40999984741211,60.369998931884766,58.560001373291016,59.040000915527344,58.079002380371094,5049900,-0.009894318273231506,53.4000052134196,262.00272171965327,-0.009894318273231506
ABX.TO,2025-12-17,59.939998626708984,60.58000183105469,59.02000045776367,60.0,59.02337265014648,5365500,0.016260097988435085,53.85736643473307,266.26291164805144,0.0
ABX.TO,2025-12-18,59.70000076293945,61.06999969482422,59.38999938964844,60.5099983215332,59.52507019042969,4278500,0.008499980901751636,54.34189898173015,268.52614131190467,0.0
ABX.TO,2025-12-19,60.54999923706055,62.56999969482422,60.40999984741211,61.619998931884766,60.617000579833984,12797000,0.0183440420298715,54.846177673339845,273.4519961342495,0.0
ABX.TO,2025-12-22,62.86000061035156,63.849998474121094,61.880001068115234,62.709999084472656,61.68925857543945,7161700,0.017689063882223577,55.306204605102536,278.28910596258976,0.0
ABX.TO,2025-12-23,62.83000183105469,63.31999969482422,61.91999816894531,62.58000183105469,61.56138229370117,6285700,-0.0020729100120712163,55.71984965006511,277.71223768858954,-0.0020729100120712163
ABX.TO,2025-12-24,62.34000015258789,62.4900016784668,61.56999969482422,62.060001373291016,61.049842834472656,1993300,-0.008309421266534112,56.04657147725423,275.40460971476324,-0.010365106596067486
ABX.TO,2025-12-29,60.099998474121094,61.400001525878906,59.36000061035156,60.29999923706055,59.31848907470703,3380500,-0.02835967595297384,56.35508842468262,267.59422422729733,-0.03843083148475879
ABX.TO,2025-12-30,61.33000183105469,61.369998931884766,60.36000061035156,60.59000015258789,59.6037712097168,2443200,0.004809329088784953,56.64405606587728,268.88117291386453,-0.033806328911739514
ABX.TO,2025-12-31,60.099998474121094,60.56999969482422,59.599998474121094,59.790000915527344,58.816795349121094,2678000,-0.013203457509873284,56.907444127400716,265.3310117720914,-0.04656342599426189
AEM.TO,2025-01-02,114.58999633789062,118.41000366210938,114.52999877929688,118.05999755859376,115.81996154785156,793500,,,100.0,0.0
AEM.TO,2025-01-03,117.79000091552734,118.20999908447266,116.93000030517578,117.13999938964844,114.91742706298828,636700,-0.007792564190158169,,99.22074358098419,-0.007792564190158169
AEM.TO,2025-01-06,116.98999786376952,116.98999786376952,113.91000366210938,114.1500015258789,111.98416900634766,690100,-0.02552491934084855,,96.68814210414054,-0.0331185789585946
AEM.TO,2025-01-07,117.0199966430664,118.76000213623048,115.6999969482422,116.58999633789062,114.37785339355467,1311200,0.021375203374249585,,98.75487080549489,-0.012451291945051124
AEM.TO,2025-01-08,117.75,120.08000183105467,117.13999938964844,119.95999908447266,117.68391418457033,907600,0.02890472843234848,,101.60935352749938,0.0
AEM.TO,2025-01-09,120.1999969482422,122.06999969482422,120.1999969482422,121.75,119.43995666503906,389100,0.014921686558747815,,103.12553645227372,0.0
AEM.TO,2025-01-10,122.38999938964844,123.58999633789062,120.91000366210938,121.69000244140624,119.38108825683594,961600,-0.000492870307783333,,103.07470893738216,-0.000492870307783333
AEM.TO,2025-01-13,119.76000213623048,119.95999908447266,117.41000366210938,118.61000061035156,116.35953521728516,830300,-0.025310148229259144,,100.46587277548927,-0.0257905439164946
AEM.TO,2025-01-14,118.80999755859376,120.61000061035156,117.9800033569336,120.52999877929688,118.24311065673828,839000,0.016187546950370724,,102.09216880795249,-0.010020482606647674
AEM.TO,2025-01-15,121.91000366210938,121.91000366210938,119.12000274658205,120.83000183105467,118.53740692138672,764700,0.002488908343275753,,102.34626685868172,-0.007556514326135244
AEM.TO,2025-01-16,122.08000183105467,123.37000274658205,121.05999755859376,121.20999908447266,118.9102020263672,685900,0.0031449574835706873,,102.66814151655447,-0.004435321758844202
AEM.TO,2025-01-17,120.6500015258789,123.33000183105467,119.8499984741211,123.08999633789062,120.75452423095705,661800,0.015510210000155178,,104.26054595180189,0.0
AEM.TO,2025-01-20,122.5,124.1999969482422,122.5,124.01000213623048,121.6570816040039,185600,0.007474315176138724,,105.03982213268195,0.0
AEM.TO,2025-01-21,124.5,127.62000274658205,124.38999938964844,127.0999984741211,124.68844604492188,1044400,0.024917287189126558,,107.65712954705675,0.0
AEM.TO,2025-01-22,128.0500030517578,129.99000549316406,126.76000213623048,128.3800048828125,125.94417572021484,602000,0.010070938528182083,,108.7413378808457,0.0
AEM.TO,2025-01-23,130.0,130.0,125.29000091552734,127.4800033569336,125.06124877929688,770500,-0.007010462658308181,,107.97901079221757,-0.007010462658308181
AEM.TO,2025-01-24,129.0,129.08999633789062,127.87000274658205,128.97000122070312,126.52296447753906,688500,0.011687998580773629,,109.24106931711033,0.0
AEM.TO,2025-01-27,126.83999633789062,128.61000061035156,125.87000274658205,128.52000427246094,126.0814971923828,695300,-0.0034892265366943676,,108.85990247915221,-0.0034892265366943676
AEM.TO,2025-01-28,128.7899932861328,129.5500030517578,127.86000061035156,129.5,127.04290771484376,644200,0.007625310167391097,,109.6899930003477,0.0
AEM.TO,2025-01-29,130.0,131.75,128.75,129.97999572753906,127.5137939453125,608200,0.003706513326392713,,110.0965604211754,0.0
AEM.TO,2025-01-30,132.49000549316406,136.85000610351562,131.55999755859375,136.72999572753906,134.13572692871094,1034800,0.051931110968578276,,115.81399711766622,0.0
AEM.TO,2025-01-31,137.57000732421875,138.41000366210938,135.00999450683594,135.0800018310547,132.5170440673828,1346700,-0.01206749982566846,,114.41641172763883,-0.01206749982566846
AEM.TO,2025-02-03,135.7100067138672,141.99000549316406,135.7100067138672,138.1699981689453,135.5483856201172,1480900,0.02287510692732475,,117.03369938014937,0.0
AEM.TO,2025-02-04,137.8000030517578,139.33999633789062,135.61000061035156,136.82000732421875,134.2240447998047,1114300,-0.009770244140155593,,115.89025156457973,-0.009770244140155593
AEM.TO,2025-02-05,138.32000732421875,142.38999938964844,138.32000732421875,141.13999938964844,138.46205139160156,1352400,0.03157412368341217,,119.54938470118151,0.0
AEM.TO,2025-02-06,140.8800048828125,141.6300048828125,139.44000244140625,141.6199951171875,138.9329376220703,841300,0.003400832399463649,,119.95595212200922,0.0
AEM.TO,2025-02-07,142.0,142.88999938964844,140.44000244140625,140.47999572753906,137.81455993652344,685100,-0.008049766345466058,,118.99033473567914,-0.008049766345466058
AEM.TO,2025-02-10,143.4499969482422,145.25,142.67999267578125,143.80999755859375,141.08139038085938,1069100,0.0237045377922378,,121.81094562233207,0.0
AEM.TO,2025-02-11,141.94000244140625,142.58999633789062,140.42999267578125,140.50999450683594,137.843994140625,693000,-0.022947011164936693,,119.01574849312492,-0.022947011164936693
AEM.TO,2025-02-12,138.8699951171875,143.63999938964844,138.8300018310547,142.22999572753906,139.5313720703125,1032700,0.012241214716733229,126.03375905354818,120.47264582510196,-0.010986695738980812
AEM.TO,2025-02-13,142.6300048828125,143.08999633789062,141.25,143.02999877929688,140.316162109375,726700,0.005624470163362538,126.85029907226563,121.15024062704659,-0.005424019917996126
AEM.TO,2025-02-14,140.92999267578125,141.0,135.30999755859375,135.7899932861328,133.21356201171875,1553200,-0.050618545938562964,127.46017023722331,115.01779160639848,-0.05576800985516839
AEM.TO,2025-02-18,137.05999755859375,138.92999267578125,135.0500030517578,137.94000244140625,135.32275390625,1455400,0.015833161899429626,128.23812306722004,116.83888692221744,-0.040817831884584654
AEM.TO,2025-02-19,137.10000610351562,140.60000610351562,136.77999877929688,139.42999267578125,136.7845001220703,1143800,0.010801924832485987,128.9850112915039,118.10097179626256,-0.030456818203940972
AEM.TO,2025-02-20,139.4199981689453,141.0500030517578,138.4600067138672,138.9199981689453,136.28419494628906,1555400,-0.0036576159969496924,129.60502065022786,117.66900379256525,-0.034003034855411784
AEM.TO,2025-02-21,138.00999450683594,138.39999389648438,136.33999633789062,136.77000427246094,134.1749725341797,768600,-0.015476647258624854,130.0961878458659,115.84788212759392,-0.04895342913785661
AEM.TO,2025-02-24,138.14999389648438,139.8000030517578,136.63999938964844,139.05999755859375,136.4215087890625,813100,0.016743333070633026,130.66420186360676,117.78756180358367,-0.03302973963622835
AEM.TO,2025-02-25,137.61000061035156,138.88999938964844,134.30999755859375,138.6999969482422,136.06834411621094,1129700,-0.0025887755969451476,131.32116216023763,117.48263623796288,-0.035533008649229814
AEM.TO,2025-02-26,138.07000732421875,141.5,137.3699951171875,141.05999755859375,138.38356018066406,790900,0.01701509693155212,131.9925104777018,119.4816146813261,-0.019122509304113966
AEM.TO,2025-02-27,140.08999633789062,141.2100067138672,137.19000244140625,137.24000549316406,134.63604736328125,1063000,-0.027080621516676673,132.52913182576498,116.24597829593971,-0.04568528138387673
AEM.TO,2025-02-28,134.6199951171875,139.55999755859375,132.9600067138672,139.3699951171875,137.3029022216797,2783400,0.01980788140045897,133.1422218322754,118.548564847306,-0.026782328618816353
AEM.TO,2025-03-03,141.1199951171875,142.6199951171875,137.99000549316406,139.05999755859375,136.99749755859375,1647300,-0.002224313238425646,133.68365427652995,118.28487570511979,-0.028947069569139172
AEM.TO,2025-03-04,140.74000549316406,141.80999755859375,136.8699951171875,138.72000122070312,136.6625518798828,894300,-0.0024449036272919944,134.18383661905924,117.99568058345454,-0.03132120040104214
AEM.TO,2025-03-05,138.49000549316406,143.0,137.5399932861328,142.7899932861328,140.67218017578125,1482600,0.02933962699176451,134.71662775675455,121.4576298384125,-0.002900525745978544
AEM.TO,2025-03-06,141.44000244140625,142.4600067138672,139.10000610351562,139.99000549316406,137.91371154785156,849000,-0.01960919795572058,135.11561228434246,119.07594313167844,-0.022452846718170494
AEM.TO,2025-03-07,140.58999633789062,143.77999877929688,139.58999633789062,142.00999450683594,139.90374755859375,938000,0.014429573306434573,135.61036224365233,120.79415818212982,-0.008347258409393987
AEM.TO,2025-03-10,141.0,142.00999450683594,138.5,140.1999969482422,138.12059020996094,1387800,-0.012745601027492115,135.9969497680664,119.25456403548861,-0.020986468611526643
AEM.TO,2025-03-11,142.5399932861328,147.0,142.11000061035156,144.97999572753906,142.82968139648438,1675800,0.03409405635586271,136.5552225748698,123.32043586240842,0.0
AEM.TO,2025-03-12,144.86000061035156,146.4600067138672,143.5500030517578,145.22000122070312,143.06614685058594,1533800,0.001655576430539929,137.0893305460612,123.52460226942614,0.0
AEM.TO,2025-03-13,146.07000732421875,150.25999450683594,145.6300048828125,148.22999572753906,146.031494140625,1149000,0.020727106693772868,137.7065872192383,126.08490987997038,0.0
AEM.TO,2025-03-14,149.77999877929688,150.3800048828125,147.91000366210938,148.80999755859375,146.6029052734375,1021600,0.003912930811091009,138.12215983072917,126.57827140865335,0.0
AEM.TO,2025-03-17,149.5800018310547,150.8699951171875,148.72000122070312,150.52000427246094,148.2875518798828,1180900,0.011491222519111721,138.64784342447916,128.0328104914947,0.0
AEM.TO,2025-03-18,153.6300048828125,153.94000244140625,150.75,151.3300018310547,149.08551025390625,1042400,0.005381155490852052,139.09908091227214,128.72177495268022,0.0
AEM.TO,2025-03-19,151.3800048828125,151.5,149.4600067138672,151.1300048828125,148.8885040283203,888400,-0.0013214310716743727,139.58789621988933,128.55167799965668,-0.0013214310716743727
AEM.TO,2025-03-20,150.6199951171875,152.14999389648438,149.7100067138672,150.8800048828125,148.64219665527344,750500,-0.0016543075280011088,139.92723439534504,128.33901399100466,-0.0029735525463058243
AEM.TO,2025-03-21,149.7100067138672,150.0,147.41000366210938,149.66000366210938,147.44029235839844,2537500,-0.008085888959663445,140.210812886556,127.3012789746807,-0.011035397690264181
AEM.TO,2025-03-24,149.35000610351562,150.38999938964844,148.52999877929688,149.19000244140625,146.97726440429688,579800,-0.003140443814205307,140.5162363688151,126.90149646058424,-0.014141185458055872
AEM.TO,2025-03-25,150.0500030517578,152.61000061035156,149.85000610351562,150.64999389648438,148.4156036376953,757800,0.00978613419720431,140.76071014404297,128.14337153477356,-0.004493438799451521
AEM.TO,2025-03-26,150.75,151.35000610351562,148.8000030517578,149.5800018310547,147.3614959716797,481100,-0.007102404600185186,141.0779602050781,127.23324546330176,-0.011563929179236876
AEM.TO,2025-03-27,152.08999633789062,154.38999938964844,151.02999877929688,154.33999633789062,152.0508575439453,849500,0.03182216318682629,141.49527638753256,131.28208256322446,0.0
AEM.TO,2025-03-28,154.77000427246094,157.8800048828125,152.75999450683594,153.7899932861328,151.509033203125,1118000,-0.0035634415324735658,141.86837209065754,130.81426653774903,-0.0035634415324735658
AEM.TO,2025-03-31,153.42999267578125,157.05999755859375,151.07000732421875,155.91000366210938,153.59759521484375,1438800,0.013785065930152607,142.54783986409504,132.61754982657646,0.0
AEM.TO,2025-04-01,157.36000061035156,158.10000610351562,153.02000427246094,154.86000061035156,152.5631561279297,917100,-0.006734734912139384,143.12251993815104,131.72440578379704,-0.006734734912139384
AEM.TO,2025-04-02,155.47999572753906,155.47999572753906,150.9600067138672,153.99000549316406,151.7060546875,963900,-0.00561801067953116,143.61990509033203,130.98437666534878,-0.012314909779010286
AEM.TO,2025-04-03,144.63999938964844,155.91000366210938,144.63999938964844,152.80999755859375,150.54354858398438,1179400,-0.007662885346997328,144.0952168782552,129.9806584047143,-0.01988342738431248
AEM.TO,2025-04-04,148.99000549316406,151.6300048828125,140.67999267578125,141.4600067138672,139.36190795898438,2726700,-0.07427512324622831,144.2681147257487,120.32632898207822,-0.0926817066110136
AEM.TO,2025-04-07,136.11000061035156,147.05999755859375,135.39999389648438,141.88999938964844,139.78553771972656,2036000,0.003039781579819323,144.3802490234375,120.69209474048522,-0.0899236571757367
AEM.TO,2025-04-08,147.47999572753906,147.50999450683594,141.19000244140625,142.6999969482422,140.58351135253906,1602600,0.0057085564488972285,144.53075459798177,121.38107237624692,-0.08472843499991856
AEM.TO,2025-04-09,148.0500030517578,151.0,145.5500030517578,149.2899932861328,147.0757598876953,1681400,0.04618072541150098,144.82049458821615,126.98653834980792,-0.04246053017969498
AEM.TO,2025-04-10,149.89999389648438,158.63999938964844,149.74000549316406,156.02999877929688,153.71580505371094,2193400,0.0451471076612886,145.45648651123048,132.71961326822105,0.0
AEM.TO,2025-04-11,160.64999389648438,164.39999389648438,159.27000427246094,163.4199981689453,160.99620056152344,1396600,0.047362699660380425,146.2462631225586,139.00557245048566,0.0
AEM.TO,2025-04-14,161.3300018310547,165.3699951171875,158.8800048828125,164.25999450683594,161.82374572753906,763000,0.005140153389516788,147.0738047281901,139.72008241487873,0.0
AEM.TO,2025-04-15,166.33999633789062,168.82000732421875,164.25,168.3800048828125,165.88265991210938,1002200,0.025082315122060495,148.0478083292643,143.22458555088897,0.0
AEM.TO,2025-04-16,174.58999633789062,175.3300018310547,168.6999969482422,170.0500030517578,167.5278778076172,1003100,0.00991796186762084,148.94299825032553,144.64508152888848,0.0
AEM.TO,2025-04-17,168.86000061035156,169.6699981689453,166.44000244140625,168.3800048828125,165.88265991210938,817400,-0.009820561909087866,149.87529652913412,143.22458555088897,-0.009820561909087866
AEM.TO,2025-04-21,173.72000122070312,174.92999267578125,167.9600067138672,170.85000610351562,168.31600952148438,1017500,0.014669101705170773,150.82237192789714,145.3255615630159,0.0
AEM.TO,2025-04-22,172.83999633789062,173.1999969482422,166.3300018310547,167.49000549316406,165.005859375,1393600,-0.019666282226479814,151.71854756673176,142.46754805459597,-0.019666282226479814
AEM.TO,2025-04-23,159.25,165.39999389648438,158.25,164.25999450683594,161.82374572753906,1610300,-0.01928485242593181,152.3516830444336,139.72008241487873,-0.038571873301907256
AEM.TO,2025-04-24,165.75999450683594,166.66000366210938,162.97000122070312,165.7899932861328,163.3310546875,707900,0.009314510384024643,153.02717997233074,141.0215065733889,-0.029616641032284452
AEM.TO,2025-04-25,161.99000549316406,165.42999267578125,161.41000366210938,164.47000122070312,162.0306396484375,753800,-0.007961835803672379,153.56048482259115,139.89871649326508,-0.0373426740030014
AEM.TO,2025-04-28,163.1699981689453,164.55999755859375,160.9199981689453,164.5,162.06019592285156,692600,0.00018241163818277784,154.0757278442383,139.92423564732027,-0.03716707410315778
AEM.TO,2025-04-29,162.97999572753906,164.36000061035156,160.67999267578125,160.99000549316406,158.60226440429688,838100,-0.021337327768015446,154.41955159505207,136.93862636862437,-0.057711355828856004
AEM.TO,2025-04-30,161.0,162.27000427246094,160.4199981689453,162.02999877929688,159.6268310546875,1218100,0.0064599749205274115,154.77092895507812,137.82324646061718,-0.05162419481961256
AEM.TO,2025-05-01,158.47999572753906,158.8800048828125,155.0500030517578,155.75999450683594,153.44979858398438,1337200,-0.03869670549675264,154.9229721069336,132.48994088172432,-0.08832321405292365
AEM.TO,2025-05-02,157.69000244140625,157.80999755859375,151.6999969482422,153.50999450683594,151.23318481445312,994700,-0.014445204816075918,155.00933837890625,130.57609654961803,-0.10149257195199102
AEM.TO,2025-05-05,157.58999633789062,158.1300048828125,155.00999450683594,157.88999938964844,155.5482177734375,612200,0.02853231560439906,155.27960255940755,134.3017349467622,-0.07585607444202835
AEM.TO,2025-05-06,161.5,164.32000732421875,159.77999877929688,164.11000061035156,161.6759796142578,1614400,0.03939461299225977,155.76955973307292,139.59249981917895,-0.039449782145524415
AEM.TO,2025-05-07,161.0,162.9499969482422,159.80999755859375,162.35000610351562,159.9420623779297,937600,-0.010724643453313698,156.15377502441407,138.0954200298615,-0.04975134075101639
AEM.TO,2025-05-08,161.5800018310547,162.33999633789062,159.16000366210938,159.58999633789062,157.22300720214844,845500,-0.017000250811799233,156.48249206542968,135.7477632533931,-0.06590580629182508
AEM.TO,2025-05-09,161.0,163.6199951171875,159.24000549316406,163.5,161.0750274658203,789100,0.024500359916912018,156.78329772949218,139.07363231101695,-0.043020162349677094
AEM.TO,2025-05-12,155.3300018310547,155.3300018310547,147.33999633789062,148.8300018310547,146.6226043701172,1833400,-0.0897247905096269,156.62041676839192,126.59527978649808,-0.12888497780478914
AEM.TO,2025-05-13,148.1999969482422,149.39999389648438,147.30999755859375,149.0500030517578,146.83934020996094,830700,0.0014781884469645679,156.3951416015625,126.78241146651872,-0.12759730564300298
AEM.TO,2025-05-14,145.77999877929688,147.0,144.2100067138672,146.3699951171875,144.19908142089844,1128200,-0.017980595563064194,156.11633911132813,124.50278820142925,-0.1432836256583636
AEM.TO,2025-05-15,147.8800048828125,148.9199981689453,146.8300018310547,148.6999969482422,146.49453735351562,920500,0.015918658496284266,155.94262186686197,126.48470556864304,-0.12964585026704423
AEM.TO,2025-05-16,145.42999267578125,148.8699951171875,145.02999877929688,148.80999755859375,146.6029052734375,973600,0.0007397403471800512,155.81126708984374,126.57827140865335,-0.1290020141861511
AEM.TO,2025-05-20,150.60000610351562,156.94000244140625,150.60000610351562,156.75,154.4251251220703,1142900,0.05335651318807866,156.3133743286133,133.33204661639337,-0.08252859866928453
AEM.TO,2025-05-21,159.0,160.6699981689453,156.58999633789062,160.30999755859375,157.9323272705078,1108400,0.022711344061823624,156.91826731363932,136.36019660156538,-0.06169159000677926
AEM.TO,2025-05-22,159.30999755859375,160.97000122070312,158.17999267578125,158.9499969482422,156.5924835205078,999700,-0.008483657356008645,157.45189971923827,135.20336341659973,-0.06965187705142295
AEM.TO,2025-05-23,161.49000549316406,162.61000061035156,160.64999389648438,161.47999572753906,159.0849609375,862700,0.015916967155487738,157.85220642089843,137.35539091141322,-0.054843556535280724
AEM.TO,2025-05-26,159.80999755859375,162.5,159.25999450683594,161.74000549316406,159.34112548828125,257500,0.0016102373805271242,158.0397171020508,137.57656569627568,-0.053321630299567824
AEM.TO,2025-05-27,158.5,162.6699981689453,158.17999267578125,160.7899932861328,158.4051971435547,1167100,-0.005873740014440854,157.95335032145184,136.76847671729612,-0.05888217292048292
AEM.TO,2025-05-28,161.3000030517578,163.24000549316406,160.5500030517578,163.11000061035156,160.6907958984375,1010100,0.01442881165579113,157.91558532714845,138.74188330829944,-0.045302961047645085
AEM.TO,2025-05-29,163.1999969482422,164.2100067138672,161.0399932861328,163.17999267578125,160.75975036621094,689100,0.0004291127403277528,157.74482167561848,138.80141921804412,-0.044893288385077446
AEM.TO,2025-05-30,162.2899932861328,163.86000061035156,160.02000427246094,161.77000427246094,159.91162109375,3047200,-0.005275756341552529,157.4909464518229,138.06913675038803,-0.04993219867573928
AEM.TO,2025-06-02,164.30999755859375,170.75,164.30999755859375,170.32000732421875,168.36338806152344,1078100,0.05285273771828303,157.57363739013672,145.36646862204606,0.0
AEM.TO,2025-06-03,168.41000366210938,169.36000061035156,165.94000244140625,168.05999755859375,166.12936401367188,823500,-0.01326906089009805,157.50074920654296,143.43759209852158,-0.01326906089009805
AEM.TO,2025-06-04,168.36000061035156,169.4499969482422,167.6199951171875,169.25999450683594,167.31556701660156,810700,0.00714023682671816,157.577739461263,144.46177047595924,-0.006223568300603333
AEM.TO,2025-06-05,171.2899932861328,172.75,166.27999877929688,166.80999755859375,164.89370727539062,848400,-0.014474802221903449,157.68007151285806,142.3707149196937,-0.02060828560224104
AEM.TO,2025-06-06,166.3300018310547,166.67999267578125,160.4600067138672,161.60000610351562,159.7435760498047,1248200,-0.031233036788873014,157.56048889160155,137.92404514294876,-0.051197663048743625
AEM.TO,2025-06-09,161.1300048828125,162.60000610351562,159.57000732421875,162.19000244140625,160.32679748535156,738200,0.003650985222498404,157.50369415283203,138.42760379359285,-0.04773359973746272
AEM.TO,2025-06-10,162.25,163.0,158.27999877929688,160.07000732421875,158.2311553955078,876000,-0.013071065615436028,157.37605946858724,136.61820750141922,-0.06018073633866938
AEM.TO,2025-06-11,160.8699951171875,162.5500030517578,160.07000732421875,162.47999572753906,160.6134490966797,836700,0.015055781493961806,157.44309895833334,138.67510138165733,-0.046031022861168336
AEM.TO,2025-06-12,164.39999389648438,167.14999389648438,164.1999969482422,166.1199951171875,164.21163940429688,700100,0.02240279582970217,157.5959259033203,141.78181136457385,-0.024659450638457314
AEM.TO,2025-06-13,167.89999389648438,169.7899932861328,166.19000244140625,169.1300048828125,167.1870574951172,823500,0.01811941042434073,158.0538345336914,144.35081419539503,-0.0069868549210734265
AEM.TO,2025-06-16,167.41000366210938,169.1999969482422,166.83999633789062,168.44000244140625,166.50498962402344,723400,-0.0040796690922900725,158.56289469401042,143.76191064027518,-0.011038019957289702
AEM.TO,2025-06-17,169.3699951171875,169.82000732421875,167.00999450683594,169.08999633789062,167.1475372314453,556800,0.0038590291430471435,158.949538675944,144.31669204309614,-0.007221586854939233
AEM.TO,2025-06-18,168.99000549316406,170.2100067138672,167.42999267578125,167.97999572753906,166.05026245117188,741000,-0.0065647080324855445,159.09534810384113,143.3692950956191,-0.013738887278190837
AEM.TO,2025-06-19,167.5,167.88999938964844,166.25,166.75999450683594,164.8442840576172,217400,-0.0072627310294635095,159.25875549316407,142.32804246745584,-0.020901836464708667
AEM.TO,2025-06-20,166.5399932861328,169.4499969482422,166.22000122070312,166.2899932861328,164.3796844482422,1808700,-0.0028184150395691443,159.4973114013672,141.92690297201312,-0.023661341454031093
AEM.TO,2025-06-23,167.0,170.91000366210938,167.0,168.08999633789062,166.15899658203125,736500,0.010824404121236197,159.66677703857422,143.46317712545766,-0.013093057254743856
AEM.TO,2025-06-24,163.85000610351562,166.24000549316406,160.92999267578125,165.3000030517578,163.40106201171875,1251200,-0.016598165775218332,160.22605895996094,141.08195152888982,-0.029473902295143573
AEM.TO,2025-06-25,164.0399932861328,165.6699981689453,163.8800048828125,164.32000732421875,162.43231201171875,770600,-0.005928664037266329,160.7458246866862,140.24552403655312,-0.03522782546783476
AEM.TO,2025-06-26,164.99000549316406,168.07000732421875,164.10000610351562,167.89999389648438,165.97119140625,2454100,0.021786794454270453,161.47156168619793,143.30102444186898,-0.01420853240610287
AEM.TO,2025-06-27,162.61000061035156,163.17999267578125,156.92999267578125,159.0800018310547,157.25253295898438,1442900,-0.052531155397473994,161.83016153971354,135.7732560582959,-0.06599329717978186
AEM.TO,2025-06-30,159.6300048828125,162.24000549316406,158.00999450683594,162.24000549316406,160.376220703125,1078300,0.019864148992470465,162.28927205403645,138.47027624583075,-0.04744004887499509
AEM.TO,2025-07-02,162.97000122070312,162.97000122070312,159.27999877929688,161.3699951171875,159.51620483398438,980000,-0.005362489933795178,162.45897471110027,137.72773078333265,-0.05254814202423941
AEM.TO,2025-07-03,161.22000122070312,163.24000549316406,160.75,163.13999938964844,161.265869140625,662000,0.01096856779197819,162.5700927734375,139.23840673526493,-0.042155952090396576
AEM.TO,2025-07-04,163.38999938964844,164.52999877929688,163.0399932861328,163.36000061035156,161.4833526611328,198700,0.0013486022905329076,162.73312174479167,139.42618396951823,-0.040864201413412515
AEM.TO,2025-07-07,162.7899932861328,167.13999938964844,160.5,166.8699951171875,164.95301818847656,812400,0.02148621186126043,162.92872365315756,142.4219244972944,-0.020256006441261798
AEM.TO,2025-07-08,166.22000122070312,166.22999572753906,157.92999267578125,158.97000122070312,157.14378356933594,1048000,-0.047342174789537506,162.85547892252603,135.67936085388118,-0.06663921783331916
AEM.TO,2025-07-09,158.55999755859375,161.72999572753906,157.67999267578125,161.05999755859375,159.2097930908203,718700,0.013147255809663028,162.8822987874349,137.46317211911872,-0.05436808486746658
AEM.TO,2025-07-10,161.6300048828125,162.5399932861328,159.25,161.42999267578125,159.57550048828125,898400,0.002297015719707085,162.84512227376302,137.77892718635715,-0.05219595349335038
AEM.TO,2025-07-11,163.0,164.1999969482422,161.88999938964844,163.99000549316406,162.10614013671875,683400,0.01585857252958034,162.89000193277994,139.96390429618978,-0.03716513427799495
AEM.TO,2025-07-14,164.5399932861328,167.3300018310547,163.6999969482422,163.75,161.8688507080078,672100,-0.0014637905048556776,162.9552429199219,139.75902646205847,-0.038574522812182876
AEM.TO,2025-07-15,163.22999572753906,164.3300018310547,160.97999572753906,163.35000610351562,161.4734649658203,748700,-0.0024426301938766937,162.72557881673177,139.41764684415543,-0.04092292971192413
AEM.TO,2025-07-16,164.05999755859375,165.6699981689453,161.9600067138672,163.7899932861328,161.90838623046875,960300,0.0026934534707636626,162.58487955729166,139.79316178893353,-0.03833970024822675
AEM.TO,2025-07-17,161.6300048828125,163.44000244140625,160.75999450683594,163.02000427246094,161.14727783203125,570600,-0.004700858406148867,162.379269917806,139.1360139292159,-0.042860329152174526
AEM.TO,2025-07-18,163.25999450683594,164.33999633789062,161.4499969482422,161.61000061035156,159.7534637451172,731500,-0.008649318224083657,162.2079284667969,137.93258226831156,-0.05113893475023212
AEM.TO,2025-07-21,164.36000061035156,168.99000549316406,164.27999877929688,167.9199981689453,165.990966796875,989100,0.039044555939704795,162.41617482503256,143.3180986925946,-0.014091075809079756
AEM.TO,2025-07-22,169.11000061035156,176.6199951171875,169.00999450683594,175.02000427246094,173.0093994140625,1247000,0.04228201541699583,162.83892822265625,149.3778767510494,0.0
AEM.TO,2025-07-23,174.75999450683594,176.14999389648438,172.8300018310547,172.9199981689453,170.93353271484375,748800,-0.011998577570057845,163.26234079996746,147.58555470960138,-0.011998577570057845
AEM.TO,2025-07-24,171.83999633789062,174.7899932861328,168.8699951171875,171.75,169.77694702148438,587900,-0.0067662890656382535,163.56779073079426,146.58694818452364,-0.01868368079148064
AEM.TO,2025-07-25,170.3699951171875,175.11000061035156,170.3699951171875,173.9199981689453,171.92202758789062,933500,0.012634698668098965,163.8248036702474,148.43903010351133,-0.006285044800193096
AEM.TO,2025-07-28,172.85000610351562,173.2100067138672,167.75999450683594,169.97999572753906,168.0272979736328,757800,-0.022654046540177886,163.85281168619792,145.07628540716752,-0.028796709642960217
AEM.TO,2025-07-29,170.07000732421875,174.22999572753906,169.72999572753906,173.8300018310547,171.8330535888672,564000,0.022649626942353063,164.03041381835936,148.3622091498222,-0.006799317431187446
AEM.TO,2025-07-30,171.8000030517578,175.14999389648438,169.75999450683594,170.6999969482422,168.73902893066406,684700,-0.018005992407060245,164.08346354166667,145.69080033837582,-0.024682881380208577
AEM.TO,2025-07-31,173.7100067138672,178.39999389648438,170.88999938964844,172.00999450683594,170.03396606445312,1466400,0.007674200462070679,164.21625366210938,146.80886074565203,-0.01719810229783114
AEM.TO,2025-08-01,174.63999938964844,176.5,171.0800018310547,172.74000549316406,170.75558471679688,900200,0.0042439676556753625,164.41329701741537,147.43191280222314,-0.013027122832046767
AEM.TO,2025-08-05,179.52999877929688,185.97999572753903,179.39999389648438,185.4199981689453,183.28993225097656,1511600,0.0734051981665389,165.04363861083985,158.2541815775422,0.0
AEM.TO,2025-08-06,185.32000732421875,187.0,184.02999877929688,186.1199951171875,183.9818878173828,1356700,0.0037751968038199912,165.63773498535156,158.85162225802486,0.0
AEM.TO,2025-08-07,188.08999633789065,188.5800018310547,185.72999572753903,186.6300048828125,184.4860382080078,846100,0.0027402175105704085,166.34056752522787,159.28691025491884,0.0
AEM.TO,2025-08-08,186.77999877929688,189.47000122070312,185.41000366210935,186.6499938964844,184.5057830810547,770300,0.00010702638117576768,167.07634989420572,159.3039581564921,0.0
AEM.TO,2025-08-11,182.7100067138672,187.55999755859375,182.0800018310547,186.8000030517578,184.6540679931641,590300,0.0008036870694956288,167.69911244710286,159.43198868778194,0.0
AEM.TO,2025-08-12,188.22999572753903,188.3999938964844,183.1300048828125,186.55999755859375,184.41683959960935,553100,-0.001284717938429214,168.6045893351237,159.2271635519553,-0.001284717938429214
AEM.TO,2025-08-13,187.91000366210935,187.91000366210935,183.17999267578125,183.9900054931641,181.87635803222656,928400,-0.013775756991056043,169.32126057942708,157.03368884048842,-0.015042776967363447
AEM.TO,2025-08-14,183.97000122070312,185.86000061035156,182.0,183.38999938964844,181.28326416015625,690500,-0.003260972885575475,170.0468292236328,156.5216062390577,-0.018254695765124618
AEM.TO,2025-08-15,182.86000061035156,184.6000061035156,180.9199981689453,184.3500061035156,182.23223876953125,1049300,0.005234761265864085,170.745708211263,157.34095948066874,-0.013115493473571882
AEM.TO,2025-08-18,185.02999877929688,185.11000061035156,182.83999633789065,184.38999938964844,182.2717437744141,548900,0.00021678384214340873,171.43865458170572,157.3750684583915,-0.012901552858495369
AEM.TO,2025-08-19,184.6000061035156,184.80999755859375,180.2599945068359,180.61000061035156,178.53518676757812,556000,-0.020499924615087095,171.89139353434246,154.1488914187003,-0.03313699661256575
AEM.TO,2025-08-20,182.13999938964844,186.9199981689453,181.94000244140625,186.8500061035156,184.70350646972656,769800,0.034549602315528505,172.81005096435547,159.47467431459597,0.0
AEM.TO,2025-08-21,187.19000244140625,191.2100067138672,187.19000244140625,189.58999633789065,187.4120178222656,527500,0.014664103591249145,173.7501251220703,161.81322745892592,0.0
AEM.TO,2025-08-22,188.08999633789065,190.86000061035156,186.61000061035156,189.8300018310547,187.64926147460935,1054400,0.0012658934848497339,174.68591715494793,162.01806576932867,0.0
AEM.TO,2025-08-25,190.5399932861328,190.7400054931641,188.25,189.3699951171875,187.1945343017578,502400,-0.002423282507365787,175.5221969604492,161.62545022467265,-0.002423282507365787
AEM.TO,2025-08-26,189.6699981689453,193.33999633789065,188.83999633789065,193.13999938964844,190.9212646484375,1244400,0.019908328844004508,176.49061075846353,164.84314283730572,0.0
AEM.TO,2025-08-27,192.27000427246097,193.0,190.1300048828125,192.4199981689453,190.20950317382812,517300,-0.003728036664328638,177.44847869873047,164.22860155694505,-0.003728036664328638
AEM.TO,2025-08-28,194.22999572753903,194.22999572753903,190.1499938964844,191.42999267578125,189.2308807373047,616700,-0.005144971308973401,178.359228515625,163.38365011382174,-0.008853827331625319
AEM.TO,2025-08-29,191.27000427246097,198.8699951171875,191.27000427246097,198.0099945068359,195.7352600097656,1150700,0.03437271573813816,179.5121612548828,168.99958987544358,0.0
AEM.TO,2025-09-02,200.17999267578125,203.97000122070312,197.3300018310547,203.58999633789065,201.81277465820312,1915600,0.031049667025421446,180.914138285319,174.2469708685089,0.0
AEM.TO,2025-09-03,205.32000732421875,206.69000244140625,203.0,205.2599945068359,203.4682159423828,1149300,0.0082028567665422,182.16337992350262,175.67629381254713,0.0
AEM.TO,2025-09-04,203.0,205.5,201.6000061035156,205.2100067138672,203.41864013671875,1046200,-0.00024365380821000926,183.1770212809245,175.63348961454747,-0.00024365380821000926
AEM.TO,2025-09-05,207.3800048828125,211.1999969482422,205.52999877929688,210.4199981689453,208.58316040039065,865900,0.025388628398070212,184.4320088704427,180.09258301662754,0.0
AEM.TO,2025-09-08,212.47000122070312,213.9499969482422,210.0099945068359,212.92999267578125,211.07122802734375,1583900,0.011928420406408069,185.80848490397136,182.2408030589258,0.0
AEM.TO,2025-09-09,213.44000244140625,214.4600067138672,210.3999938964844,211.7100067138672,209.8619079589844,1022800,-0.005729440623724824,187.07314758300782,181.19666519857975,-0.005729440623724824
AEM.TO,2025-09-10,213.07000732421875,216.0,210.61000061035156,211.94000244140625,210.0898895263672,1048000,0.0010863408686216935,188.47523396809896,181.39350654124294,-0.004649323880606904
AEM.TO,2025-09-11,211.92999267578125,212.77999877929688,209.6499938964844,212.72999572753903,210.87298583984375,929700,0.0037274345530953212,189.7765650431315,182.0696389652319,-0.0009392193779926838
AEM.TO,2025-09-12,213.4199981689453,213.83999633789065,210.33999633789065,212.2400054931641,210.3872833251953,568600,-0.00230329414986008,191.1648401896159,181.65027903093613,-0.003240350229353983
AEM.TO,2025-09-15,210.6699981689453,212.9900054931641,209.13999938964844,211.82000732421875,209.9709320068359,865600,-0.001978975686072526,192.4960723876953,181.29079754536562,-0.005212913341108294
AEM.TO,2025-09-16,210.9499969482422,211.7899932861328,207.55999755859375,209.55999755859375,207.7306671142578,1611200,-0.010669404908414504,193.72857513427735,179.35653262018474,-0.01582669956633398
AEM.TO,2025-09-17,207.0,213.1000061035156,206.25,211.17999267578125,209.3365020751953,1417500,0.007730370210837778,194.59679412841797,180.74302501707095,-0.008218675602359782
AEM.TO,2025-09-18,210.13999938964844,213.2100067138672,208.1199951171875,213.0099945068359,211.15054321289065,843600,0.00866567043832478,195.5024159749349,182.3092845058948,0.0
AEM.TO,2025-09-19,215.5,223.86000061035156,214.4199981689453,222.1300048828125,220.19093322753903,3366800,0.042814902945968125,196.6925791422526,190.11483882816358,0.0
AEM.TO,2025-09-22,226.7899932861328,226.7899932861328,221.5399932861328,222.77999877929688,220.8352508544922,1507400,0.002926176920678758,197.9035614013672,190.67114848182112,0.0
AEM.TO,2025-09-23,225.0,226.66000366210935,223.1699981689453,224.7599945068359,222.7979736328125,1207200,0.008887724087190962,199.1750249226888,192.36578104091535,0.0
AEM.TO,2025-09-24,225.1699981689453,225.7400054931641,219.52999877929688,219.5800018310547,217.66319274902344,891100,-0.02304680244646906,200.28323669433593,187.93236488780465,-0.02304680244646906
AEM.TO,2025-09-25,219.6000061035156,223.77000427246097,218.5399932861328,223.0,221.0533447265625,933200,0.015575219377802929,201.5891362508138,190.85945269912153,-0.00783054207272671
AEM.TO,2025-09-26,224.25,229.41000366210935,223.77999877929688,227.8500061035156,225.8610076904297,881300,0.02174888133818631,203.07506103515624,195.0104322881459,0.0
AEM.TO,2025-09-29,235.0,235.16000366210935,230.63999938964844,232.27999877929688,230.25233459472656,1079300,0.019442607421267466,204.67573089599608,198.80194356617596,0.0
AEM.TO,2025-09-30,229.86000061035156,235.67999267578125,229.44000244140625,234.3999938964844,232.35382080078125,971000,0.00912688338102452,206.34513346354166,200.61638572102544,0.0
AEM.TO,2025-10-01,236.2100067138672,238.8800048828125,236.1000061035156,237.30999755859375,235.23841857910156,522500,0.012414677617001768,208.23524119059246,203.10697347444008,0.0
AEM.TO,2025-10-02,238.8699951171875,238.97000122070312,229.27000427246097,234.7100067138672,232.6611328125,915700,-0.010956058037496663,209.83382873535157,200.88172168523383,-0.010956058037496663
AEM.TO,2025-10-03,237.07000732421875,237.57000732421875,234.2100067138672,236.30999755859375,234.2471618652344,416400,0.006816905916178895,211.3950002034505,202.2511134822421,-0.004213838538171588
AEM.TO,2025-10-06,237.67999267578125,240.05999755859375,236.32000732421875,237.72999572753903,235.65475463867188,647200,0.006009006735574696,212.99518330891928,203.46644178543437,0.0
AEM.TO,2025-10-07,238.44000244140625,238.9600067138672,230.86000061035156,232.11000061035156,230.0838165283203,573200,-0.023640253382086196,214.4248260498047,198.6564435468752,-0.023640253382086196
AEM.TO,2025-10-08,238.0,238.0,232.02000427246097,236.6699981689453,234.60401916503903,714500,0.019645895591106743,215.88091786702475,202.5592272952977,-0.0044587917406713196
AEM.TO,2025-10-09,237.08999633789065,237.13999938964844,224.5,226.82000732421875,224.83999633789065,1031600,-0.04161916262943299,217.03526763916017,194.12888187240242,-0.04589238319151856
AEM.TO,2025-10-10,227.4600067138672,230.25,225.3699951171875,230.16000366210935,228.15084838867188,577000,0.01472536961709281,218.33259989420574,196.98750141132646,-0.031842795879530206
AEM.TO,2025-10-14,237.9600067138672,243.47000122070312,237.67999267578125,240.4900054931641,238.3906707763672,1355200,0.04488180719035073,219.75444691975912,205.82865646857857,0.0
AEM.TO,2025-10-15,241.22999572753903,251.6699981689453,241.22999572753903,251.1199951171875,248.9278564453125,911000,0.04420133403135629,221.3249496459961,214.9265576663715,0.0
AEM.TO,2025-10-16,253.0099945068359,263.2300109863281,251.1999969482422,260.70001220703125,258.42425537109375,1140200,0.03814920138464917,223.1568176269531,223.12583419769533,0.0
AEM.TO,2025-10-17,255.83999633789065,256.44000244140625,239.47999572753903,244.41000366210935,242.2764587402344,1143400,-0.062485607659665376,224.45207824707032,209.18368086328258,-0.062485607659665376
AEM.TO,2025-10-20,249.91000366210935,251.2599945068359,245.6699981689453,250.4600067138672,248.2736358642578,663700,0.024753445527505802,225.77509409586588,214.361697712775,-0.039278896217616155
AEM.TO,2025-10-21,236.2599945068359,236.5,224.8300018310547,228.4600067138672,226.4656982421875,1213200,-0.08783831414944787,226.28824310302736,195.53252756747128,-0.12366701834165761
AEM.TO,2025-10-22,222.57000732421875,229.63999938964844,222.32000732421875,228.1699981689453,226.17822265625,986200,-0.0012694001262393284,226.83212025960287,195.28431855229326,-0.12477943553920234
AEM.TO,2025-10-23,232.3800048828125,233.1000061035156,228.75,230.1499938964844,228.14093017578125,647100,0.00867770334597684,227.43382161458334,196.97893793681132,-0.11718453111851301
AEM.TO,2025-10-24,226.6300048828125,231.0399932861328,224.7599945068359,228.5800018310547,226.5846405029297,563800,-0.006821615357018307,227.9575434366862,195.6352233887724,-0.12320675867844832
AEM.TO,2025-10-27,218.5800018310547,223.8500061035156,213.0099945068359,217.0800018310547,215.18502807617188,2626800,-0.050310614176914736,228.11746826171876,185.79269514544535,-0.16731876515550337
AEM.TO,2025-10-28,211.11000061035156,219.1000061035156,211.11000061035156,218.47999572753903,216.5727996826172,971700,0.006449201502783275,228.33753051757813,186.9909096741835,-0.1619486360844048
AEM.TO,2025-10-29,223.38999938964844,223.72000122070312,217.38999938964844,218.8800048828125,216.9693145751953,1056000,0.001830861923377336,228.6454854329427,187.33326421072366,-0.16041427975237732
AEM.TO,2025-10-30,221.2100067138672,229.3500061035156,219.08999633789065,227.5399932861328,225.55369567871097,1290700,0.0395649547048762,229.1860585530599,194.74509632393756,-0.12719610875991927
AEM.TO,2025-10-31,228.6000061035156,229.0,222.4900054931641,225.5800018310547,223.61082458496097,867600,-0.008613785235944471,229.60140126546224,193.06760388844984,-0.13471425403215798
AEM.TO,2025-11-03,226.0,228.7599945068359,223.7599945068359,228.3500061035156,226.35665893554688,991900,0.012279523389274072,229.80692545572916,195.43838204610918,-0.12408895747614035
AEM.TO,2025-11-04,221.02999877929688,225.8800048828125,219.55999755859375,219.7400054931641,217.8218231201172,1122400,-0.037705256189789926,229.70647786458332,188.0693277817426,-0.15711540773396837
AEM.TO,2025-11-05,223.47999572753903,226.5800018310547,223.1699981689453,225.4199981689453,223.45220947265625,1081200,0.025848587032687664,229.72828572591146,192.93065416908806,-0.1353280319922684
AEM.TO,2025-11-06,227.86000061035156,230.22000122070312,224.91000366210935,225.0500030517578,223.08544921875,749200,-0.0016413364395536645,229.90902760823568,192.6139900560934,-0.13674724960162
AEM.TO,2025-11-07,224.7100067138672,226.58999633789065,221.41000366210935,226.52000427246097,224.54261779785156,884200,0.006531885356954481,230.02533671061198,193.87212255728537,-0.13110858160194216
AEM.TO,2025-11-10,232.0,236.9900054931641,229.7400054931641,235.44000244140625,233.384765625,659500,0.03937848375451258,230.27612864176433,201.5065127858603,-0.09689295499811879
AEM.TO,2025-11-11,236.47000122070312,236.47000122070312,229.02000427246097,235.0500030517578,232.99815368652344,672200,-0.0016565431657084018,230.3676559448242,201.17270854925914,-0.09838899080141983
AEM.TO,2025-11-12,236.08999633789065,244.38999938964844,234.0,242.4499969482422,240.33355712890625,933000,0.03148266767921215,230.6336471557617,207.50616207864246,-0.07000387102290184
AEM.TO,2025-11-13,243.05999755859375,243.4499969482422,235.11000061035156,236.66000366210935,234.59408569335935,885400,-0.023881273610361742,230.61216939290364,202.55065064620635,-0.09221336303558114
AEM.TO,2025-11-14,228.8699951171875,237.36000061035156,227.36000061035156,236.02000427246097,233.95968627929688,999800,-0.0027042429999352136,230.65545450846355,202.002904467064,-0.09466823869402696
AEM.TO,2025-11-17,234.02999877929688,236.92999267578125,230.4499969482422,231.63999938964844,229.617919921875,1335100,-0.018557754228815115,230.5011464436849,198.25418421245743,-0.1114691630158835
AEM.TO,2025-11-18,232.77999877929688,235.3300018310547,229.5099945068359,232.83999633789065,230.80743408203125,841200,0.005180406479428745,230.33956909179688,199.28122147292552,-0.10686621211079861
AEM.TO,2025-11-19,237.6199951171875,241.27000427246097,233.8300018310547,235.86000061035156,233.80108642578125,819100,0.012970346278733835,230.4634780883789,201.86596792227843,-0.09528195760863845
AEM.TO,2025-11-20,236.66000366210935,238.19000244140625,223.47999572753903,223.6999969482422,221.7472381591797,689500,-0.05155599766824859,230.03491872151693,191.4585665507787,-0.14192559889258982
AEM.TO,2025-11-21,221.1000061035156,227.0,220.1199951171875,225.52000427246097,223.5513610839844,809400,0.008135943156638792,229.9919642130534,193.01626256508737,-0.13494435434101315
AEM.TO,2025-11-24,228.1199951171875,234.9499969482422,227.22000122070312,234.6999969482422,232.6511993408203,2589800,0.04070580564891868,230.14197591145833,200.87314503614246,-0.09973156735331856
AEM.TO,2025-11-25,235.55999755859375,237.19000244140625,232.8800048828125,233.8800048828125,231.83837890625,1270700,-0.003493729827627412,229.92356618245444,200.17134853776037,-0.10287686202932766
AEM.TO,2025-11-26,236.0399932861328,244.17999267578125,235.94000244140625,243.02999877929688,240.9084930419922,849500,0.039122574004064825,229.65625406901043,208.00256693442236,-0.0677790956733112
AEM.TO,2025-11-27,242.7400054931641,242.7400054931641,241.36000061035156,242.1000061035156,239.9866180419922,662000,-0.0038266604400671866,229.04166615804036,207.20661174010198,-0.07134638852930175
AEM.TO,2025-11-28,245.3500061035156,245.3500061035156,240.97000122070312,243.7899932861328,241.661865234375,678900,0.0069805858595402,229.02117970784505,208.65303528401816,-0.06486384226065844
AEM.TO,2025-12-01,244.52000427246097,245.6300048828125,238.52999877929688,240.91000366210935,239.3558349609375,1070400,-0.00954238382295447,228.7239196777344,206.66198793551362,-0.07378727040453015
AEM.TO,2025-12-02,238.67999267578125,240.3800048828125,229.75,237.1999969482422,235.6697540283203,1084700,-0.015400004487957197,229.03072153727214,203.47939239381654,-0.08805095059710355
AEM.TO,2025-12-03,239.2599945068359,239.8500061035156,234.7599945068359,236.1999969482422,234.67620849609375,799100,-0.0042158381177211934,229.3139877319336,202.62155621519196,-0.09189558016099586
AEM.TO,2025-12-04,235.2100067138672,239.8500061035156,233.7899932861328,239.4900054931641,237.94497680664065,813500,0.013928844050679734,229.6407892862956,205.44384027301942,-0.07924673531532533
AEM.TO,2025-12-05,240.69000244140625,240.69000244140625,231.75,233.57000732421875,232.0631866455078,837900,-0.024719118848692934,229.8234074910482,200.36544956857875,-0.10200694469538785
AEM.TO,2025-12-08,233.5,234.22999572753903,228.02999877929688,228.3300018310547,226.85699462890625,1163100,-0.02243437268899684,230.21247304280598,195.87037639895885,-0.12215285557022248
AEM.TO,2025-12-09,229.3999938964844,231.77999877929688,228.3999938964844,230.2599945068359,228.77452087402344,726100,0.008452577132364247,230.61919708251952,197.52598586341628,-0.11473278487150396
AEM.TO,2025-12-10,227.6999969482422,228.3699951171875,222.05999755859375,226.44000244140625,224.9791717529297,2097800,-0.0165899117899746,230.88619232177734,194.24904718171442,-0.12941928988104223
AEM.TO,2025-12-11,225.6300048828125,237.36000061035156,225.3800048828125,234.75,233.23556518554688,986400,0.036698479100475634,231.1422546386719,201.37769177999985,-0.09747030188546446
AEM.TO,2025-12-12,239.6000061035156,240.47999572753903,230.7899932861328,231.6199951171875,230.1257476806641,1024700,-0.013333376075851944,231.359418741862,198.69264728221012,-0.10950406977005078
AEM.TO,2025-12-15,238.1000061035156,238.5800018310547,230.83999633789065,231.7599945068359,230.2648468017578,1463800,0.0006044483179115101,231.48969167073568,198.81274671864125,-0.10896581100291614
AEM.TO,2025-12-16,231.6499938964844,233.6499938964844,228.2599945068359,229.1499938964844,227.67169189453125,1019100,-0.011261618710992738,231.81802062988282,196.57379337021072,-0.11900029829785996
AEM.TO,2025-12-17,230.8699951171875,232.27999877929688,227.13999938964844,230.97999572753903,229.48988342285156,1059400,0.00798602370453061,232.01927642822267,198.14363634375474,-0.11196461379638234
AEM.TO,2025-12-18,230.8699951171875,235.4600067138672,229.0,232.4900054931641,230.9901428222656,1187500,0.00653736616637568,232.28276621500652,199.43897384807102,-0.10615920130807044
AEM.TO,2025-12-19,233.02000427246097,243.3000030517578,232.58999633789065,241.5,239.9420166015625,3368800,0.038754354059969076,232.79607950846355,207.1681024539361,-0.07151897852231792
AEM.TO,2025-12-22,246.4900054931641,249.16000366210935,243.63999938964844,247.69000244140625,246.09210205078125,943000,0.025631548556297012,233.21965738932292,212.47814173130004,-0.04772057213671255
AEM.TO,2025-12-23,248.25,249.6999969482422,244.5800018310547,248.36000061035156,246.7577667236328,821700,0.0027049412285251595,233.67831115722657,213.05288261702944,-0.04514471225120886
AEM.TO,2025-12-24,248.36000061035156,248.69000244140625,244.2599945068359,247.67999267578125,246.08213806152344,373600,-0.002738023897201458,233.86993052164715,212.46953873305634,-0.04775912884743427
AEM.TO,2025-12-29,240.5099945068359,240.63999938964844,232.08999633789065,234.6699981689453,233.1560821533203,1447000,-0.05252740410184287,233.8219970703125,201.30906541269295,-0.09777786988875592
AEM.TO,2025-12-30,238.5,239.16000366210935,234.4499969482422,235.3000030517578,233.78201293945312,1025600,0.0026845998626843226,233.81607462565105,201.84949970205696,-0.09535576448214855
AEM.TO,2025-12-31,233.92999267578125,237.2100067138672,232.02000427246097,232.7599945068359,231.2583923339844,681900,-0.01079475950154607,233.87075703938802,199.67058289726586,-0.10512118143902371
CNQ.TO,2025-01-02,44.849998474121094,45.59000015258789,44.810001373291016,45.18000030517578,41.65226745605469,7239300,,,100.0,0.0
CNQ.TO,2025-01-03,45.45000076293945,45.650001525878906,45.2400016784668,45.61000061035156,42.048702239990234,4643000,0.009517723959537205,,100.95177239595372,0.0
CNQ.TO,2025-01-06,46.2400016784668,47.029998779296875,45.959999084472656,46.22999954223633,42.62028503417969,13435200,0.013593351607552151,,102.32404533353751,0.0
CNQ.TO,2025-01-07,46.810001373291016,47.08000183105469,46.2599983215332,47.0099983215332,43.339385986328125,7967600,0.01687226989617141,,104.05048424327303,0.0
CNQ.TO,2025-01-08,47.04999923706055,47.209999084472656,46.58000183105469,46.9900016784668,43.320945739746094,6565600,-0.0004254847216305091,,104.00621235194926,-0.0004254847216305091
CNQ.TO,2025-01-09,46.90999984741211,47.2400016784668,46.779998779296875,46.90999984741211,43.2471923828125,1905400,-0.0017024872304651772,,103.82914310353102,-0.002127247569790436
CNQ.TO,2025-01-10,47.88999938964844,48.209999084472656,47.04999923706055,47.27000045776367,43.579078674316406,12182100,0.007674169656289864,,104.6259455629747,0.0
CNQ.TO,2025-01-13,47.369998931884766,48.2599983215332,45.2400016784668,45.45000076293945,41.90119171142578,12417300,-0.03850212106203832,,100.59762474067881,-0.03850212106203832
CNQ.TO,2025-01-14,45.45000076293945,45.540000915527344,44.70000076293945,45.2599983215332,41.72602844238281,5497600,-0.004180388716610306,,100.17708756529508,-0.04252155594619533
CNQ.TO,2025-01-15,45.41999816894531,45.61000061035156,44.810001373291016,45.13999938964844,41.61539840698242,5126800,-0.002651343526574923,,99.91148369266772,-0.045060160220672385
CNQ.TO,2025-01-16,44.79999923706055,44.95000076293945,44.040000915527344,44.33000183105469,40.86863708496094,8999900,-0.01794435114421944,,98.11863694594653,-0.062195936027277354
CNQ.TO,2025-01-17,44.2599983215332,45.119998931884766,44.040000915527344,45.0099983215332,41.49554443359375,7695500,0.015339570716037088,,99.62373471594005,-0.047810424270180785
CNQ.TO,2025-01-20,45.16999816894531,46.9900016784668,45.060001373291016,46.970001220703125,43.30250930786133,5872800,0.04354599750243793,,103.96194961906392,-0.006346379383602607
CNQ.TO,2025-01-21,45.650001525878906,45.779998779296875,44.41999816894531,45.650001525878906,42.085575103759766,10829000,-0.028103087408854477,,101.04029786172443,-0.034271113937909936
CNQ.TO,2025-01-22,45.70000076293945,46.08000183105469,45.27000045776367,45.38999938964844,41.84587478637695,7196100,-0.0056955457253903274,,100.46481822514592,-0.03977146696680689
CNQ.TO,2025-01-23,45.529998779296875,46.22999954223633,45.04999923706055,45.45000076293945,41.90119171142578,4430700,0.0013219206273311634,,100.59762474067881,-0.03850212106203832
CNQ.TO,2025-01-24,45.43000030517578,45.619998931884766,44.880001068115234,44.95000076293945,41.44023895263672,3509100,-0.011000946272928247,,99.4909556757224,-0.04907950756976942
CNQ.TO,2025-01-27,44.5,44.810001373291016,43.72999954223633,44.529998779296875,41.05302810668945,5064100,-0.009343837191426951,,98.56132838386898,-0.057964753833029015
CNQ.TO,2025-01-28,44.54999923706055,44.779998779296875,43.36000061035156,43.779998779296875,40.36158752441406,6388100,-0.016842620731373548,,96.90129731111911,-0.07383109619980543
CNQ.TO,2025-01-29,43.40999984741211,44.29999923706055,43.36000061035156,44.2599983215332,40.80411148071289,4352500,0.01096398787662034,,97.963721960067,-0.06367659156683736
CNQ.TO,2025-01-30,44.5099983215332,45.09000015258789,43.959999084472656,44.79999923706055,41.30194091796875,7219500,0.012200472432567722,,99.15892564923254,-0.05225300363428065
CNQ.TO,2025-01-31,44.79999923706055,45.54999923706055,44.02000045776367,44.150001525878906,40.70270156860352,6756300,-0.01450874549831438,,97.72025403310155,-0.06600362360134282
CNQ.TO,2025-02-03,42.0099983215332,44.16999816894531,42.0099983215332,43.72999954223633,40.31549072265625,6657600,-0.009513148538669802,,96.7906267412481,-0.07488886986460253
CNQ.TO,2025-02-04,43.5,44.91999816894531,43.29999923706055,44.400001525878906,40.93317794799805,4785500,0.015321337140382862,,98.27358856557973,-0.060714930347477436
CNQ.TO,2025-02-05,44.29999923706055,44.560001373291016,43.68000030517578,44.560001373291016,41.080684661865234,3993500,0.0036035978944655156,,98.62772706241623,-0.05733012464817466
CNQ.TO,2025-02-06,44.84000015258789,45.11000061035156,43.41999816894531,43.95000076293945,40.518310546875,4734800,-0.013689502003657705,,97.27756259517908,-0.07023480579559127
CNQ.TO,2025-02-07,44.09000015258789,44.150001525878906,43.27000045776367,43.41999816894531,40.029693603515625,5168300,-0.012059163789519323,,96.10447653479858,-0.08144699655829646
CNQ.TO,2025-02-10,43.7599983215332,44.119998931884766,43.619998931884766,43.93000030517578,40.499874114990234,5199200,0.01174579341355031,,97.23329986229372,-0.07065786274047414
CNQ.TO,2025-02-11,43.91999816894531,44.43000030517578,43.720001220703125,44.18000030517578,40.7303581237793,4118400,0.005690980869092366,,97.78665271164877,-0.06536899441648869
CNQ.TO,2025-02-12,43.7400016784668,44.20000076293945,42.81999969482422,42.900001525878906,39.550296783447266,7154900,-0.028972525523734194,41.529043451944986,94.95352642007998,-0.09244761508103028
CNQ.TO,2025-02-13,43.0,43.38999938964844,42.720001220703125,43.130001068115234,39.7623405456543,3307900,0.00536136968498746,41.46604588826497,95.46260737811126,-0.08758189123698767
CNQ.TO,2025-02-14,43.2400016784668,43.40999984741211,42.529998779296875,42.66999816894531,39.338253021240234,4464900,-0.010665557373996437,41.37569758097331,94.44444546204872,-0.09731333892507299
CNQ.TO,2025-02-18,42.70000076293945,43.5,42.58000183105469,43.099998474121094,39.73468399047851,15047400,0.010077492994521764,41.2795108795166,95.396208699564,-0.08821652042184214
CNQ.TO,2025-02-19,43.400001525878906,43.70000076293945,43.119998931884766,43.29999923706055,39.9190673828125,11554100,0.004640363879027554,41.165500259399415,95.83888182060964,-0.08398551329771353
CNQ.TO,2025-02-20,43.11000061035156,43.790000915527344,42.97999954223633,43.5,40.10345077514648,16648800,0.004618930361418361,41.058250427246094,96.28155494165523,-0.07975450617358537
CNQ.TO,2025-02-21,43.400001525878906,43.470001220703125,42.5099983215332,42.65999984741211,39.32903671264648,6462700,-0.01931040964135511,40.92764523824056,94.42231867482522,-0.0975248236299846
CNQ.TO,2025-02-24,42.65999984741211,42.869998931884766,41.79999923706055,41.88999938964844,38.61915969848633,19305800,-0.018049692377334114,40.76231460571289,92.71802486919002,-0.11381422294164367
CNQ.TO,2025-02-25,41.7599983215332,42.02000045776367,40.83000183105469,41.2599983215332,38.038352966308594,18128600,-0.015039341526648986,40.63355331420898,91.32360682750594,-0.12714187349888317
CNQ.TO,2025-02-26,41.15999984741211,41.56999969482422,40.709999084472656,41.08000183105469,37.872413635253906,5681100,-0.004362421559147567,40.50509948730469,90.92521475622252,-0.13094964860800873
CNQ.TO,2025-02-27,41.33000183105469,41.65999984741211,40.790000915527344,40.79999923706055,37.6142692565918,14221100,-0.006816158620051915,40.371728515625,90.30545406988182,-0.1368732336519084
CNQ.TO,2025-02-28,40.54999923706055,40.95000076293945,39.91999816894531,40.849998474121094,37.66036605834961,16171400,0.0012255136858663196,40.26478614807129,90.41612463975282,-0.1358154599871113
CNQ.TO,2025-03-03,40.65999984741211,41.150001525878906,38.279998779296875,38.75,35.724334716796875,18078400,-0.05140766126789942,40.07241249084473,85.76804313111623,-0.1802411660930494
CNQ.TO,2025-03-04,38.0,39.439998626708984,37.11000061035156,38.97999954223633,35.93638229370117,21984500,0.005935662023808019,39.82687492370606,86.27713324758592,-0.17537535471394683
CNQ.TO,2025-03-05,38.95000076293945,39.540000915527344,38.4900016784668,39.40999984741211,36.33280563354492,21214100,0.01103125341343092,39.63511594136556,87.2288781682244,-0.1662787112808357
CNQ.TO,2025-03-06,39.52000045776367,40.56999969482422,38.95000076293945,39.95000076293945,36.83064270019531,38070500,0.01370213662197206,39.46794153849284,88.42410017426677,-0.15485494827815915
CNQ.TO,2025-03-07,41.0099983215332,41.63999938964844,40.56999969482422,40.7400016784668,37.5589599609375,20193900,0.01977476382019061,39.32320048014323,90.17266587122576,-0.138142404486557
CNQ.TO,2025-03-10,40.650001525878906,41.02000045776367,40.0,40.90999984741211,37.71567916870117,17749800,0.004172618409206796,39.19904848734538,90.5489219968473,-0.13454620161740283
CNQ.TO,2025-03-11,41.08000183105469,41.47999954223633,40.86000061035156,41.400001525878906,38.16741943359375,17866900,0.011977519027881023,39.10286153157552,91.63347343301866,-0.12418021227952325
CNQ.TO,2025-03-12,41.599998474121094,42.29999923706055,41.41999816894531,42.02000045776367,38.739009857177734,38647200,0.014975872932108336,39.04877560933431,93.00576468747929,-0.11106404642719525
CNQ.TO,2025-03-13,41.79999923706055,42.060001373291016,40.97999954223633,41.38999938964844,38.158203125,32828900,-0.014992813040886732,38.96057866414388,91.6113466457952,-0.12439169698443464
CNQ.TO,2025-03-14,41.650001525878906,42.380001068115234,41.2400016784668,42.209999084472656,38.9141731262207,15763100,0.019811467503966895,38.88098640441895,93.42630186286301,-0.10704461154303824
CNQ.TO,2025-03-17,42.459999084472656,43.0,42.22999954223633,42.59000015258789,39.264503479003906,46900800,0.009002641573466974,38.833046468098956,94.26738537206889,-0.09900565423966434
CNQ.TO,2025-03-18,42.790000915527344,42.91999816894531,42.400001525878906,42.849998474121094,39.50419998168945,17231800,0.00610466149950728,38.806003443400066,94.84285585020898,-0.09350538874582748
CNQ.TO,2025-03-19,43.27000045776367,44.31999969482422,42.93000030517578,44.0099983215332,40.57362747192383,22872400,0.02707123522891397,38.79401842753092,97.41036911071197,-0.06896545989082281
CNQ.TO,2025-03-20,43.90999984741211,44.40999984741211,43.59000015258789,44.130001068115234,40.68426132202149,14337500,0.0027267428867241428,38.7808043162028,97.67598214177778,-0.06642676808128556
CNQ.TO,2025-03-21,43.529998779296875,43.68000030517578,43.150001525878906,43.470001220703125,40.61698532104492,18388800,-0.0016536124484126669,38.7840934753418,97.51446392179719,-0.06797053639909123
CNQ.TO,2025-03-24,43.72999954223633,44.29999923706055,43.59000015258789,44.08000183105469,41.186954498291016,39462300,0.014032778965276327,38.822668838500974,98.88286283992917,-0.05489157294725466
CNQ.TO,2025-03-25,44.20000076293945,44.709999084472656,44.13999938964844,44.45000076293945,41.53266525268555,20732600,0.008393695494258502,38.85709520975749,99.71285548020806,-0.046958620601516454
CNQ.TO,2025-03-26,44.61000061035156,45.34000015258789,44.58000183105469,44.689998626708984,41.75690841674805,15877400,0.005399199947756728,38.891313552856445,100.25122512430748,-0.04181295963565812
CNQ.TO,2025-03-27,44.61000061035156,44.95000076293945,44.22999954223633,44.279998779296875,41.37382125854492,15349400,-0.009174222247964048,38.952097702026364,99.33149810438641,-0.050603580499079426
CNQ.TO,2025-03-28,43.90999984741211,44.18000030517578,43.40999984741211,43.72999954223633,40.859920501708984,21330300,-0.012420915960954404,38.98868370056152,98.09770991415613,-0.06239595363933137
CNQ.TO,2025-03-31,43.43000030517578,44.63999938964844,43.380001068115234,44.279998779296875,41.37382125854492,6407800,0.012577135504080239,39.056535975138345,99.33149810438641,-0.050603580499079426
CNQ.TO,2025-04-01,44.369998931884766,44.84000015258789,44.04999923706055,44.81999969482422,41.87837600708008,3760000,0.01219502412847473,39.12799237569173,100.54284812048695,-0.039025668255778134
CNQ.TO,2025-04-02,44.36000061035156,45.060001373291016,44.130001068115234,45.060001373291016,42.102630615234375,4734500,0.005354902208155821,39.20077781677246,101.08124523990163,-0.033879744684739865
CNQ.TO,2025-04-03,42.529998779296875,43.63999938964844,42.040000915527344,42.04999923706055,39.29018020629883,17962200,-0.06679987373325535,39.17366879781087,94.32903082107599,-0.0984164557509396
CNQ.TO,2025-04-04,40.349998474121094,40.65999984741211,38.0099983215332,39.2400016784668,36.66460418701172,22744100,-0.06682524756825092,39.08485438028971,88.02546998358441,-0.15866499929884414
CNQ.TO,2025-04-07,37.91999816894531,39.7599983215332,36.97999954223633,37.84000015258789,35.35649490356445,22179700,-0.03567771458202884,38.97609888712565,84.88492238956114,-0.18868190932173112
CNQ.TO,2025-04-08,38.849998474121094,38.880001068115234,35.54999923706055,35.849998474121094,33.49709701538086,17021500,-0.05258999494308303,38.824723688761395,80.42082475035012,-0.23134912360773296
CNQ.TO,2025-04-09,35.04999923706055,39.77000045776367,34.91999816894531,39.2599983215332,36.683292388916016,15854000,0.0951185522755047,38.78508631388346,88.0703371734055,-0.1582361650400026
CNQ.TO,2025-04-10,38.25,38.25,36.029998779296875,36.61000061035156,34.207218170166016,10742300,-0.06749869102529504,38.67151794433594,82.12570469604425,-0.21505412205223495
CNQ.TO,2025-04-11,36.41999816894531,38.08000183105469,36.099998474121094,37.720001220703125,35.24436569213867,19496800,0.030319551762826746,38.59098459879557,84.61571925063458,-0.1912549148747802
CNQ.TO,2025-04-14,38.470001220703125,38.540000915527344,37.5,37.9900016784668,35.49665069580078,15327000,0.007158165531076177,38.583395131429036,85.2214125755617,-0.1854657836830096
CNQ.TO,2025-04-15,37.849998474121094,38.77000045776367,37.79999923706055,38.209999084472656,35.702205657958984,12479500,0.005790826968993912,38.57558924357097,85.71491502984003,-0.1807489569759928
CNQ.TO,2025-04-16,38.349998474121094,39.63999938964844,38.349998474121094,39.06999969482422,36.50576400756836,9923400,0.022507246675675274,38.58135452270508,87.64412176620118,-0.16230987166134714
CNQ.TO,2025-04-17,39.529998779296875,40.189998626708984,39.45000076293945,39.880001068115234,37.262603759765625,19856100,0.020732061710593275,38.59575322469075,89.46116510722882,-0.14494282822627536
CNQ.TO,2025-04-21,39.470001220703125,39.81999969482422,39.060001373291016,39.619998931884766,37.01966857910156,17517700,-0.006519543889908497,38.57777684529622,88.8779191148699,-0.15051741098603522
CNQ.TO,2025-04-22,40.18000030517578,41.0,40.08000183105469,40.52000045776367,37.860595703125,10649700,0.02271568483187769,38.582607396443684,90.8968419139964,-0.1312208322238264
CNQ.TO,2025-04-23,40.849998474121094,41.18000030517578,39.86000061035156,40.220001220703125,37.58028793334961,7977000,-0.00740368091335275,38.563036346435545,90.22387070043371,-0.1376529959662094
CNQ.TO,2025-04-24,40.619998931884766,40.720001220703125,40.150001525878906,40.689998626708984,38.019439697265625,5695300,0.011685694497468146,38.53905067443848,91.27819928981805,-0.12757587232626344
CNQ.TO,2025-04-25,40.29999923706055,40.900001525878906,40.29999923706055,40.68000030517578,38.01009750366211,8933300,-0.00024572149610579963,38.53411382039388,91.25577027412672,-0.12779024568815422
CNQ.TO,2025-04-28,40.619998931884766,40.97999954223633,40.52000045776367,40.900001525878906,38.21565628051758,5434800,0.005408004460805804,38.51082992553711,91.74928188684346,-0.12307333144607746
CNQ.TO,2025-04-29,40.5,40.93000030517578,40.40999984741211,40.54999923706055,37.88862609863281,3497600,-0.008557492235230502,38.46496734619141,90.96413811950883,-0.1305776246030942
CNQ.TO,2025-04-30,40.290000915527344,40.29999923706055,38.849998474121094,39.560001373291016,36.96360397338867,6237500,-0.02441424301942474,38.38028081258138,88.74331754540663,-0.15180391376255975
CNQ.TO,2025-05-01,39.5099983215332,40.720001220703125,39.33000183105469,40.0,37.37472915649414,5015700,0.011122432309399688,38.273650868733725,89.73035908771696,-0.14236991020828615
CNQ.TO,2025-05-02,40.54999923706055,40.68000030517578,39.619998931884766,40.040000915527344,37.41210174560547,4602100,0.0009999427408515782,38.16457888285319,89.82008430892073,-0.14151232922566315
CNQ.TO,2025-05-05,39.47999954223633,39.5099983215332,38.58000183105469,38.66999816894531,36.13201522827149,6725600,-0.03421584080034579,38.01507987976074,86.74681460353305,-0.17088620669793753
CNQ.TO,2025-05-06,39.099998474121094,39.66999816894531,38.79999923706055,39.279998779296875,36.70198440551758,10101700,0.01577463016234182,37.8655808766683,88.11521352166501,-0.15780724324610118
CNQ.TO,2025-05-07,39.58000183105469,39.849998474121094,38.970001220703125,39.81999969482422,37.206539154052734,6470100,0.013747342458662937,37.72137667338053,89.32656353776555,-0.1462293310027999
CNQ.TO,2025-05-08,40.650001525878906,42.36000061035156,40.63999938964844,41.81999969482422,39.07527923583984,14956800,0.05022611950145728,37.631989034016925,93.81309019266789,-0.10334774335490737
CNQ.TO,2025-05-09,42.27000045776367,42.70000076293945,42.130001068115234,42.529998779296875,39.738677978515625,8252100,0.01697745366506087,37.57748425801595,95.40579758459009,-0.088124871214043
CNQ.TO,2025-05-12,44.0,44.34000015258789,43.63999938964844,43.959999084472656,41.07482147216797,8987800,0.03362324973102315,37.58464762369792,98.61365054256422,-0.05746466603536382
CNQ.TO,2025-05-13,44.150001525878906,45.02000045776367,43.7599983215332,44.93000030517578,41.981163024902344,17810700,0.022065623665546763,37.604892349243165,100.78962224372216,-0.03666703606461974
CNQ.TO,2025-05-14,44.470001220703125,44.84000015258789,43.869998931884766,43.900001525878906,41.018768310546875,6831400,-0.022924441464010847,37.57623875935872,98.4790764484162,-0.05875090620670842
CNQ.TO,2025-05-15,43.29999923706055,43.380001068115234,42.939998626708984,43.150001525878906,40.317989349365234,8828600,-0.017084349190501058,37.516750717163085,96.7966255184134,-0.07483153440031565
CNQ.TO,2025-05-16,43.5,43.52000045776367,42.810001373291016,42.900001525878906,40.08439254760742,10684300,-0.005793860396500428,37.54322446187337,96.2357993833074,-0.0801918313332447
CNQ.TO,2025-05-20,42.849998474121094,43.099998474121094,42.59000015258789,42.72999954223633,39.92555236816406,14734600,-0.003962644045427566,37.65192273457845,95.85445116592416,-0.0838367036957477
CNQ.TO,2025-05-21,42.77000045776367,43.06999969482422,42.31999969482422,42.61000061035156,39.81343078613281,15887600,-0.0028082662701156558,37.8004872639974,95.58526634387445,-0.08640953417867692
CNQ.TO,2025-05-22,42.36000061035156,42.95000076293945,41.83000183105469,42.77000045776367,39.96292495727539,14491600,0.0037548678471248653,38.016014862060544,95.94417638712792,-0.08297912271312469
CNQ.TO,2025-05-23,42.189998626708984,42.75,42.119998931884766,42.61000061035156,39.81343078613281,6909500,-0.003740821556540319,38.12035280863444,95.58526634387445,-0.08640953417867692
CNQ.TO,2025-05-26,42.439998626708984,43.06999969482422,42.439998626708984,42.79999923706055,39.9909553527832,5547100,0.004458911556856515,38.313144048055015,96.01147259264035,-0.08233591509239235
CNQ.TO,2025-05-27,43.0099983215332,43.150001525878906,42.619998931884766,43.04999923706055,40.224552154541016,14574300,0.00584124084301374,38.479150263468426,96.57229872774637,-0.0769756181594633
CNQ.TO,2025-05-28,43.29999923706055,43.45000076293945,42.349998474121094,42.54999923706055,39.75736618041992,15155900,-0.011614448119302456,38.62117411295573,95.45066477441118,-0.08769603695520145
CNQ.TO,2025-05-29,42.599998474121094,42.75,42.310001373291016,42.4900016784668,39.7013053894043,7796800,-0.00141007306070573,38.754477437337236,95.31607236338633,-0.08898245219666612
CNQ.TO,2025-05-30,42.29999923706055,42.349998474121094,41.470001220703125,41.66999816894531,38.93511962890625,8967400,-0.019298754864179646,38.835455958048506,93.47659084822892,-0.10656395652868866
CNQ.TO,2025-06-02,42.47999954223633,42.66999816894531,41.91999816894531,42.220001220703125,39.44902038574219,23863500,0.013198900163502003,38.90833651224772,94.71037903845921,-0.09477158338843661
CNQ.TO,2025-06-03,42.540000915527344,43.439998626708984,42.04999923706055,43.13999938964844,40.30863952636719,27927100,0.021790633385048164,39.01796887715658,96.77417818584523,-0.07504608283232639
CNQ.TO,2025-06-04,43.15999984741211,43.470001220703125,42.029998779296875,42.310001373291016,39.53311538696289,15049900,-0.01923965056912924,39.0737195332845,94.91227681343491,-0.09284187299117974
CNQ.TO,2025-06-05,42.75,42.869998931884766,42.189998626708984,42.36000061035156,39.579833984375,33654000,0.001181758557472934,39.140371068318686,95.02444020876844,-0.09176983111160597
CNQ.TO,2025-06-06,43.04999923706055,43.540000915527344,42.400001525878906,43.25,40.41142272949219,31593200,0.021010415188842835,39.22010383605957,97.02094315064203,-0.07268753817622808
CNQ.TO,2025-06-09,43.41999816894531,43.5,42.790000915527344,43.279998779296875,40.439453125,33170400,0.0006936255547211889,39.301082356770834,97.08823935615445,-0.07204433055549575
CNQ.TO,2025-06-10,43.31999969482422,44.43000030517578,43.31999969482422,44.029998779296875,41.140228271484375,27431000,0.017328996619174086,39.39856808980306,98.77068112771882,-0.0559637898969485
CNQ.TO,2025-06-11,44.34000015258789,44.93000030517578,43.91999816894531,44.72999954223633,41.794281005859375,29529600,0.01589813090143566,39.528756586710614,100.34095034551125,-0.040955378653035
CNQ.TO,2025-06-12,44.529998779296875,45.09000015258789,44.2599983215332,45.06999969482422,42.11197280883789,22555800,0.007601322365947016,39.700368881225586,101.10367425559296,-0.03366537132284908
CNQ.TO,2025-06-13,46.25,46.25,45.09000015258789,45.900001525878906,43.45442199707031,51979400,0.0318780883129437,39.90302530924479,104.32666611227586,-0.0028604706900231536
CNQ.TO,2025-06-16,45.5,45.86000061035156,45.0,45.2400016784668,42.82958984375,43639500,-0.014379023459624829,40.08360824584961,102.826550532783,-0.017198363374490544
CNQ.TO,2025-06-17,45.709999084472656,46.599998474121094,45.310001373291016,46.43000030517578,43.95618438720703,33843700,0.026304117026734408,40.344413884480794,105.53131215145272,0.0
CNQ.TO,2025-06-18,46.38999938964844,46.91999816894531,45.86000061035156,46.0,43.549095153808594,20600500,-0.009261250471888416,40.57265090942383,104.55396023699107,-0.009261250471888416
CNQ.TO,2025-06-19,46.31999969482422,46.7400016784668,45.970001220703125,46.040000915527344,43.58696365356445,5030700,0.0008695588191238723,40.78533172607422,104.64487605518948,-0.00839974485478856
CNQ.TO,2025-06-20,46.540000915527344,46.540000915527344,45.56999969482422,46.0,43.549095153808594,30066700,-0.0008688033435144682,40.93445892333985,104.55396023699107,-0.009261250471888416
CNQ.TO,2025-06-23,46.189998626708984,46.439998626708984,43.90999984741211,44.119998931884766,41.76926040649414,31164400,-0.04086961488013363,41.002145004272464,100.28088014791244,-0.04975236161192764
CNQ.TO,2025-06-24,43.20000076293945,44.099998474121094,43.16999816894531,43.2599983215332,40.955078125,19616400,-0.019492379648827884,40.99815355936686,98.32616716055072,-0.06827494933979006
CNQ.TO,2025-06-25,43.20000076293945,43.310001373291016,42.88999938964844,43.040000915527344,40.746803283691406,13130400,-0.005085446075158595,40.95700823465983,97.82613473967872,-0.07301318684179692
CNQ.TO,2025-06-26,43.16999816894531,43.560001373291016,42.95000076293945,43.560001373291016,41.23910140991211,15247200,0.012081883400598903,40.96435267130534,99.0080586931348,-0.061813440251326734
CNQ.TO,2025-06-27,43.45000076293945,43.650001525878906,42.84000015258789,43.11000061035156,40.81307601928711,17009900,-0.010330617691941324,40.980855560302736,97.98524429035474,-0.07150548692380787
CNQ.TO,2025-06-30,43.040000915527344,43.06999969482422,42.77000045776367,42.79999923706055,40.51959228515625,10519800,-0.007190924153625877,40.995362218221025,97.2806398304883,-0.07818222054439661
CNQ.TO,2025-07-02,43.619998931884766,44.06999969482422,43.06999969482422,44.060001373291016,41.712459564208984,4999400,0.02943927151729331,41.05492579142253,100.14451099983405,-0.051044576645534745
CNQ.TO,2025-07-03,44.0099983215332,44.0099983215332,43.47999954223633,43.790000915527344,41.456844329833984,4279900,-0.00612803073819046,41.109706242879234,99.530822358166,-0.056859804649023515
CNQ.TO,2025-07-04,43.58000183105469,44.02000045776367,43.4900016784668,43.77000045776367,41.43790817260742,10910700,-0.0004567679362159627,41.15887235005697,99.4853598698476,-0.057290600849616236
CNQ.TO,2025-07-07,43.93000030517578,44.0099983215332,43.11000061035156,43.38999938964844,41.078155517578125,34159900,-0.008681728178236314,41.20102984110515,98.62165501774356,-0.06547494760410832
CNQ.TO,2025-07-08,43.25,44.400001525878906,43.209999084472656,43.970001220703125,41.627254486083984,21428200,0.013367176826400762,41.2555731455485,99.93994811927804,-0.05298298598003093
CNQ.TO,2025-07-09,44.04999923706055,44.25,43.59000015258789,43.779998779296875,41.44738006591797,15135600,-0.004321073354144667,41.29633407592773,99.50810027244522,-0.05707511596523429
CNQ.TO,2025-07-10,43.470001220703125,43.56999969482422,42.900001525878906,43.459999084472656,41.14442443847656,17988900,-0.007309403560842309,41.34256935119629,98.78075540998115,-0.06396733447020486
CNQ.TO,2025-07-11,43.470001220703125,43.9900016784668,43.290000915527344,43.90999984741211,41.57044982910156,14789300,0.01035438935990074,41.40487416585287,99.80356981276122,-0.054275287797723615
CNQ.TO,2025-07-14,43.97999954223633,44.0,43.130001068115234,43.56999969482422,41.248565673828125,9697000,-0.007743100125130242,41.48198903401693,99.03078077885559,-0.06159812893511585
CNQ.TO,2025-07-15,43.33000183105469,43.56999969482422,42.79999923706055,42.970001220703125,40.6805305480957,11182900,-0.013771027342481257,41.52303937276204,97.6670251890027,-0.07452088675978596
CNQ.TO,2025-07-16,42.93000030517578,43.04999923706055,42.15999984741211,42.33000183105469,40.07463073730469,10604300,-0.014894098052007254,41.5152390797933,96.21236293938982,-0.08830506341747046
CNQ.TO,2025-07-17,42.29999923706055,42.77000045776367,42.209999084472656,42.619998931884766,40.349178314208984,9820600,0.00685090721618864,41.54244117736816,96.87150491093784,-0.08205912599747456
CNQ.TO,2025-07-18,43.029998779296875,43.029998779296875,41.95000076293945,42.29999923706055,40.04623031616211,9026700,-0.007508157804051008,41.557987721761066,96.14417836535063,-0.08895117093427407
CNQ.TO,2025-07-21,42.380001068115234,42.380001068115234,41.779998779296875,41.83000183105469,39.601280212402344,8124800,-0.011110911070702945,41.530982971191406,95.07592894956741,-0.0990737534550914
CNQ.TO,2025-07-22,41.810001373291016,42.459999084472656,41.75,42.439998626708984,40.17877578735352,12478000,0.014582750149837898,41.52229372660319,96.46239746670268,-0.08593577109829587
CNQ.TO,2025-07-23,42.45000076293945,42.88999938964844,42.41999816894531,42.68000030517578,40.40598678588867,3478100,0.005655000534054766,41.49781901041667,97.00789237589308,-0.0807667373956964
CNQ.TO,2025-07-24,42.599998474121094,43.25,42.439998626708984,43.13999938964844,40.84147644042969,5418300,0.01077784974906515,41.46605885823568,98.05342886439394,-0.07085937940700437
CNQ.TO,2025-07-25,43.2400016784668,43.279998779296875,42.75,43.0099983215332,40.71839904785156,5821600,-0.0030135392572705477,41.419606399536136,97.7579410072011,-0.07365938114268611
CNQ.TO,2025-07-28,43.400001525878906,43.959999084472656,43.349998474121094,43.869998931884766,41.5325813293457,4841100,0.019995439421312433,41.35554504394531,99.71265399456281,-0.05513679341482358
CNQ.TO,2025-07-29,43.790000915527344,44.43000030517578,43.779998779296875,44.38999938964844,42.02487564086914,4894000,0.0118532076689295,41.32872123718262,100.89456878958048,-0.04393713360843887
CNQ.TO,2025-07-30,44.22999954223633,44.290000915527344,43.790000915527344,44.119998931884766,41.76926040649414,4971800,-0.006082474498185442,41.25582377115885,100.28088014791244,-0.04975236161192764
CNQ.TO,2025-07-31,43.720001220703125,44.150001525878906,43.41999816894531,43.86000061035156,41.52311325073242,7552200,-0.005893021647169205,41.18829104105632,99.68992275040361,-0.05535219151511994
CNQ.TO,2025-08-01,43.5,43.54999923706055,42.58000183105469,42.720001220703125,40.4438591003418,5344100,-0.02599164816649646,41.08352088928223,97.0988173525299,-0.07990514499451096
CNQ.TO,2025-08-05,42.599998474121094,43.36000061035156,42.5,43.29999923706055,40.99294662475586,9281700,0.013576536379769522,40.9983159383138,98.41708297874912,-0.06741344372269009
CNQ.TO,2025-08-06,43.61000061035156,44.11000061035156,42.869998931884766,43.119998931884766,40.82254409790039,8908100,-0.00415687431341083,40.966758728027344,98.00797553451395,-0.07129008882351151
CNQ.TO,2025-08-07,43.59000015258789,43.79999923706055,41.619998931884766,41.810001373291016,39.58234405517578,7393400,-0.030380273207626818,40.92100092569987,95.03046646124899,-0.09950454965568412
CNQ.TO,2025-08-08,42.209999084472656,42.209999084472656,41.36000061035156,41.709999084472656,39.487667083740234,7916500,-0.0023918990574073318,40.87902971903483,94.80316317809536,-0.10165844387456224
CNQ.TO,2025-08-11,41.709999084472656,42.029998779296875,41.18000030517578,41.20000076293945,39.00484085083008,5375600,-0.012227266601651632,40.80455436706543,93.6439796272369,-0.11264270558065059
CNQ.TO,2025-08-12,41.220001220703125,41.470001220703125,41.04999923706055,41.18000030517578,38.98590850830078,7081700,-0.00048538443219658944,40.743648783365884,93.59852629735691,-0.11307341499715784
CNQ.TO,2025-08-13,41.25,41.470001220703125,40.849998474121094,41.20000076293945,39.00484085083008,6564300,0.00048562014465480807,40.69315706888835,93.6439796272369,-0.11264270558065059
CNQ.TO,2025-08-14,41.31999969482422,41.31999969482422,40.88999938964844,41.150001525878906,38.95750427246094,5668200,-0.0012136077814077773,40.60132522583008,93.53033256487929,-0.11371960929804692
CNQ.TO,2025-08-15,41.099998474121094,41.34000015258789,40.970001220703125,41.22999954223633,39.03323745727539,5628300,0.001943994776585134,40.520538330078125,93.71215504283768,-0.11199668484793257
CNQ.TO,2025-08-18,41.29999923706055,41.470001220703125,40.9900016784668,41.119998931884766,38.92910385131836,13387500,-0.0026678188318612905,40.436911519368486,93.4621479908401,-0.11436571681485053
CNQ.TO,2025-08-19,41.040000915527344,41.33000183105469,40.619998931884766,40.65999984741211,38.49361038208008,13676300,-0.011186835199226697,40.350760014851886,92.41660234390083,-0.12427316158762802
CNQ.TO,2025-08-20,40.81999969482422,41.279998779296875,40.79999923706055,41.099998474121094,38.91017150878906,13879300,0.01082156551630975,40.26019058227539,93.4166946609601,-0.11479642623135766
CNQ.TO,2025-08-21,41.15999984741211,41.959999084472656,40.97999954223633,41.939998626708984,39.70540618896485,20786000,0.020437706885875873,40.202124786376956,95.32591768468818,-0.09670489505634439
CNQ.TO,2025-08-22,42.0099983215332,43.20000076293945,41.95000076293945,43.06999969482422,40.77520751953125,24395500,0.0269434677352256,40.18981755574544,97.89432847215633,-0.07236699254090784
CNQ.TO,2025-08-25,43.0,43.06999969482422,42.7400016784668,43.029998779296875,40.737335205078125,27642300,-0.0009288073993243273,40.16204706827799,97.8034034955195,-0.07322858494209328
CNQ.TO,2025-08-26,42.68000030517578,42.720001220703125,41.9900016784668,42.15999984741211,39.913692474365234,23124500,-0.02021837527090431,40.11755129496257,95.82597758087542,-0.09196639720208111
CNQ.TO,2025-08-27,42.18000030517578,43.27000045776367,42.15999984741211,43.15999984741211,40.86041259765625,20634100,0.023719181679295875,40.12354736328125,98.09889135271234,-0.07042858320641165
CNQ.TO,2025-08-28,43.150001525878906,43.400001525878906,42.72999954223633,43.33000183105469,41.021358489990234,11384800,0.003938919900755344,40.15510495503744,98.48529502810358,-0.06676707585362995
CNQ.TO,2025-08-29,43.34000015258789,43.7400016784668,43.2400016784668,43.4900016784668,41.172828674316406,9956300,0.003692471188225799,40.182559967041016,98.84894914245878,-0.06332114016931578
CNQ.TO,2025-09-02,43.470001220703125,44.119998931884766,43.470001220703125,44.11000061035156,41.759796142578125,13874800,0.014256185138619593,40.23967882792155,100.25815806219165,-0.04996767292813842
CNQ.TO,2025-09-03,43.7599983215332,43.88999938964844,42.83000183105469,43.08000183105469,40.78467559814453,20452700,-0.023350701739641933,40.27912534077962,97.91705971631553,-0.07215159444061148
CNQ.TO,2025-09-04,42.91999816894531,43.5,42.7400016784668,43.38999938964844,41.078155517578125,11231300,0.00719583802321444,40.309104665120444,98.62165501774356,-0.06547494760410832
CNQ.TO,2025-09-05,42.939998626708984,42.9900016784668,41.959999084472656,42.060001373291016,39.81901931762695,23401600,-0.030652208797748104,40.28953908284505,95.5986834561602,-0.09412020463687365
CNQ.TO,2025-09-08,42.33000183105469,42.61000061035156,41.75,41.86000061035156,39.62967300415039,25585200,-0.004755172696901289,40.249145634969075,95.14409520672977,-0.09842781950645896
CNQ.TO,2025-09-09,41.97999954223633,43.0,41.97999954223633,42.81999969482422,40.53852844238281,37600500,0.0229337102563838,40.24314994812012,97.3261023188067,-0.07775142434380389
CNQ.TO,2025-09-10,42.95000076293945,43.470001220703125,42.810001373291016,43.2400016784668,40.93614959716797,32904700,0.009808475296539054,40.22326889038086,98.28072298910915,-0.06870557197221172
CNQ.TO,2025-09-11,42.88999938964844,43.459999084472656,42.849998474121094,43.18000030517578,40.87934112548828,20704300,-0.001387733634909738,40.185084406534834,98.14433552415392,-0.06999796057398999
CNQ.TO,2025-09-12,43.56999969482422,43.7400016784668,43.130001068115234,43.209999084472656,40.907745361328125,25797600,0.0006948310578844819,40.15636723836263,98.21252925663153,-0.0693517662731008
CNQ.TO,2025-09-15,43.40999984741211,44.34000015258789,43.18000030517578,44.150001525878906,41.797664642333984,23982700,0.02175429794884609,40.16551895141602,100.34907388039007,-0.04910616731103845
CNQ.TO,2025-09-16,44.0099983215332,45.31999969482422,43.939998626708984,45.279998779296875,42.86745834350586,26259200,0.02559458070985987,40.24630559285482,102.9174663509814,-0.02476843836377285
CNQ.TO,2025-09-17,45.08000183105469,45.66999816894531,44.90999984741211,45.13999938964844,42.73491668701172,21404400,-0.003091894448979393,40.30437126159668,102.59925640806777,-0.02778375141566536
CNQ.TO,2025-09-18,45.290000915527344,45.310001373291016,44.470001220703125,44.88999938964844,42.498233795166016,11611500,-0.005538396004820978,40.36022758483887,102.03102109627973,-0.03316827000264688
CNQ.TO,2025-09-19,44.79999923706055,44.79999923706055,43.130001068115234,43.58000183105469,41.80562973022461,49594800,-0.016297243510862924,40.4343371073405,100.36819669981166,-0.04892496214044273
CNQ.TO,2025-09-22,43.130001068115234,45.13999938964844,43.06999969482422,44.400001525878906,42.592247009277344,52299600,0.01881606099773747,40.5378231048584,102.25673081114823,-0.031029476214651797
CNQ.TO,2025-09-23,44.84000015258789,45.540000915527344,44.40999984741211,44.439998626708984,42.630615234375,26361700,0.0009008265069767596,40.65868225097656,102.3488463847797,-0.030156601882346812
CNQ.TO,2025-09-24,44.939998626708984,45.93000030517578,44.869998931884766,45.54999923706055,43.69541931152344,31631400,0.024977450390859968,40.81566594441732,104.90525961791728,-0.005932386518960109
CNQ.TO,2025-09-25,45.52000045776367,45.779998779296875,45.2400016784668,45.27000045776367,43.42681884765625,14630100,-0.006147108051583583,40.96306521097819,104.2603956518665,-0.012043027549607954
CNQ.TO,2025-09-26,45.31999969482422,46.119998931884766,45.130001068115234,45.56999969482422,43.71460723876953,27468800,0.006626973809038539,41.121635309855144,104.95132656317143,-0.005495862568722143
CNQ.TO,2025-09-29,45.31999969482422,45.380001068115234,44.93000030517578,45.029998779296875,43.196590423583984,12106900,-0.011849970705584356,41.26041374206543,103.70765641788563,-0.01728070746386523
CNQ.TO,2025-09-30,44.75,45.040000915527344,44.13999938964844,44.5,42.688175201416016,9492200,-0.01176979981944104,41.385716120402016,102.48703806210374,-0.028847116815718388
CNQ.TO,2025-10-01,44.400001525878906,44.650001525878906,43.97999954223633,44.2599983215332,42.45793914794922,5728400,-0.005393438636823289,41.517860412597656,101.93428051124602,-0.03408497029814672
CNQ.TO,2025-10-02,44.20000076293945,44.61000061035156,43.900001525878906,43.91999816894531,42.13178634643555,12314600,-0.00768178597593161,41.62524757385254,101.15124318474805,-0.04150492282725193
CNQ.TO,2025-10-03,44.02000045776367,44.68000030517578,44.02000045776367,44.400001525878906,42.592247009277344,16675300,0.010929056248780489,41.72147560119629,102.25673081114823,-0.031029476214651797
CNQ.TO,2025-10-06,44.81999969482422,45.459999084472656,44.4900016784668,45.279998779296875,43.43641662597656,18666600,0.019819795290803688,41.81018257141113,104.28343828293201,-0.011824678790403387
CNQ.TO,2025-10-07,45.2599983215332,45.91999816894531,45.06999969482422,45.720001220703125,43.85850143432617,16622600,0.009717302695203989,41.9142214457194,105.2967920188239,-0.002222280078279293
CNQ.TO,2025-10-08,46.0,46.04999923706055,44.779998779296875,45.54999923706055,43.69541931152344,19271200,-0.0037183696995879423,42.04027900695801,104.90525961791728,-0.005932386518960109
CNQ.TO,2025-10-09,45.790000915527344,46.40999984741211,45.70000076293945,45.880001068115234,44.011985778808594,16459300,0.00724484333307851,42.145331446329756,105.665281788665,0.0
CNQ.TO,2025-10-10,45.529998779296875,45.529998779296875,43.970001220703125,43.970001220703125,42.17975234985352,18641900,-0.04163032856920712,42.18394457499186,101.26640138944504,-0.04163032856920712
CNQ.TO,2025-10-14,43.95000076293945,44.13999938964844,43.43000030517578,43.439998626708984,41.671329498291016,21590900,-0.012053718270924718,42.20056126912435,100.04576471678628,-0.0531822465880325
CNQ.TO,2025-10-15,43.88999938964844,44.11000061035156,43.119998931884766,43.36000061035156,41.59458923339844,9095600,-0.0018415602721704172,42.195054372151695,99.86152441108493,-0.05492586854770165
CNQ.TO,2025-10-16,43.40999984741211,43.470001220703125,42.40999984741211,42.4900016784668,40.760009765625,5566200,-0.020064616171357907,42.19423217773438,97.85784125348982,-0.07388841824877157
CNQ.TO,2025-10-17,42.4900016784668,42.5,42.06999969482422,42.189998626708984,40.472225189208984,9105700,-0.007060463873066025,42.17403450012207,97.16691950062332,-0.08042719561415412
CNQ.TO,2025-10-20,42.2599983215332,42.63999938964844,42.029998779296875,42.22999954223633,40.510597229003906,18081100,0.0009481079830804262,42.197087097167966,97.25904423269321,-0.07955534129729214
CNQ.TO,2025-10-21,42.2599983215332,42.279998779296875,41.66999816894531,41.90999984741211,40.2036247253418,3645300,-0.007577585240889251,42.21621882120768,96.52205553457256,-0.0865300891581332
CNQ.TO,2025-10-22,42.25,42.65999984741211,41.959999084472656,42.45000076293945,40.721641540527344,11397800,0.01288482863732976,42.22232259114583,97.76572567985836,-0.07476018589157873
CNQ.TO,2025-10-23,43.36000061035156,44.099998474121094,43.220001220703125,43.68000030517578,41.901554107666016,9872100,0.02897507375689634,42.25450274149577,100.59849479232875,-0.04795129403497023
CNQ.TO,2025-10-24,43.81999969482422,43.93000030517578,43.470001220703125,43.779998779296875,41.99748611450195,6787200,0.002289461784387381,42.29177424112956,100.82881120172267,-0.04577161490578785
CNQ.TO,2025-10-27,44.02000045776367,44.189998626708984,43.90999984741211,44.11000061035156,42.31405258178711,8615800,0.0075377480076324055,42.33865114847819,101.58883337247039,-0.03857888179721769
CNQ.TO,2025-10-28,43.849998474121094,43.86000061035156,43.41999816894531,43.68000030517578,41.901554107666016,4015800,-0.009748498405436123,42.34211413065592,100.59849479232875,-0.04795129403497023
CNQ.TO,2025-10-29,43.81999969482422,45.0,43.68000030517578,44.83000183105469,43.004737854003906,6197400,0.026327991164796893,42.34669011433919,103.24705107441305,-0.022885764115866625
CNQ.TO,2025-10-30,44.75,45.029998779296875,44.310001373291016,44.66999816894531,42.85124969482422,9103100,-0.0035690988211755093,42.35056788126628,102.87855214613352,-0.02637318138331446
CNQ.TO,2025-10-31,45.099998474121094,45.2599983215332,44.52000045776367,44.869998931884766,43.04310607910156,4004300,0.004477264622238408,42.368730290730795,103.33916664804451,-0.02201399647305935
CNQ.TO,2025-11-03,44.849998474121094,45.119998931884766,44.529998779296875,44.900001525878906,43.07188415527344,8850700,0.0006685873486682592,42.41093877156575,103.40825790748731,-0.021360127403926565
CNQ.TO,2025-11-04,44.529998779296875,44.63999938964844,43.72999954223633,44.18000030517578,42.381202697753906,8658800,-0.01603555245063426,42.40390396118164,101.75004936398308,-0.03705315841122292
CNQ.TO,2025-11-05,44.25,45.439998626708984,44.150001525878906,45.0099983215332,43.17740631103515,7360000,0.018786715869284265,42.42213033040365,103.66159863106986,-0.01896254970107003
CNQ.TO,2025-11-06,45.5,45.5,44.18000030517578,44.439998626708984,42.630615234375,7845700,-0.0126638240546747,42.386636861165364,102.3488463847797,-0.03138623536270235
CNQ.TO,2025-11-07,44.459999084472656,44.88999938964844,43.540000915527344,44.400001525878906,42.592247009277344,9294200,-0.0009000157489333915,42.35881779988607,102.25673081114823,-0.03225800300550952
CNQ.TO,2025-11-10,44.599998474121094,44.880001068115234,44.15999984741211,44.81999969482422,42.995140075683594,5895700,0.009459305265544948,42.334835561116535,103.22400844334754,-0.023103836037650538
CNQ.TO,2025-11-11,44.939998626708984,45.720001220703125,44.91999816894531,45.380001068115234,43.532344818115234,7359800,0.012494545697165016,42.34602737426758,104.5137455338875,-0.010897962275637663
CNQ.TO,2025-11-12,45.18000030517578,45.5,44.86000061035156,45.41999816894531,43.57071685791016,6785500,0.0008814604394791203,42.37544542948405,104.6058702659574,-0.010026107958775565
CNQ.TO,2025-11-13,45.5,45.90999984741211,45.130001068115234,45.65999984741211,43.80094528198242,11288200,0.005284017355579929,42.42021230061849,105.15860949993827,-0.0047950687316586915
CNQ.TO,2025-11-14,45.65999984741211,47.08000183105469,45.369998931884766,47.060001373291016,45.143943786621094,12254900,0.030661404588250285,42.52061754862468,108.3829201717537,0.0
CNQ.TO,2025-11-17,47.0,47.630001068115234,46.72999954223633,46.869998931884766,44.961673736572266,25322000,-0.0040375305026595365,42.5995984395345,107.94532082559293,-0.0040375305026595365
CNQ.TO,2025-11-18,46.5099983215332,47.79999923706055,46.43000030517578,47.560001373291016,45.62358856201172,17465000,0.014721756785958995,42.67250417073568,109.53446558496961,0.0
CNQ.TO,2025-11-19,46.88999938964844,47.91999816894531,46.650001525878906,47.790000915527344,45.84421920776367,11533000,0.004835889782147884,42.738694763183595,110.064162187885,0.0
CNQ.TO,2025-11-20,47.9900016784668,49.20000076293945,47.84000015258789,47.900001525878906,45.94974136352539,15302900,0.0023017548904802343,42.81383883158366,110.31750291146757,0.0
CNQ.TO,2025-11-21,47.790000915527344,47.790000915527344,46.68000030517578,47.11000061035156,45.1919059753418,12552200,-0.016492701932489195,42.853169504801436,108.49806921801223,-0.016492701932489195
CNQ.TO,2025-11-24,46.79999923706055,46.84000015258789,46.09000015258789,46.47999954223633,44.587554931640625,25912100,-0.013372993031781522,42.933429590861,107.047125294398,-0.02964513817625225
CNQ.TO,2025-11-25,46.189998626708984,46.880001068115234,45.77000045776367,46.84000015258789,44.93289566040039,23145500,0.00774522687528445,43.042148462931316,107.87622956615012,-0.022129519621892024
CNQ.TO,2025-11-26,46.88999938964844,47.290000915527344,46.70000076293945,46.79999923706055,44.89452362060547,14408100,-0.0008539854650129186,43.15214627583821,107.78410483408024,-0.02296460679880008
CNQ.TO,2025-11-27,46.810001373291016,47.02000045776367,46.720001220703125,46.72999954223633,44.82737731933594,1226100,-0.001495645701399373,43.28772519429525,107.62289800100596,-0.024425905584756546
CNQ.TO,2025-11-28,46.77000045776367,47.43000030517578,46.5,47.290000915527344,45.36457824707031,7032800,0.01198376884526442,43.45080362955729,108.91262593310749,-0.012734851145856041
CNQ.TO,2025-12-01,47.439998626708984,47.97999954223633,47.2599983215332,47.66999816894531,45.72909927368164,29637900,0.008035366814743261,43.62475369771322,109.78777883323693,-0.004801813531400967
CNQ.TO,2025-12-02,47.66999816894531,47.689998626708984,46.65999984741211,46.939998626708984,45.02882766723633,32331800,-0.01531347910997094,43.785593795776364,108.10654597554404,-0.020041760170168788
CNQ.TO,2025-12-03,47.20000076293945,47.84000015258789,47.02000045776367,47.63999938964844,45.7003288269043,23675300,0.014912694699279472,43.9515500386556,109.71870589067096,-0.005427942121543183
CNQ.TO,2025-12-04,48.13999938964844,48.91999816894531,47.939998626708984,48.09000015258789,46.13200378417969,30842400,0.009445773550348369,44.09256502787272,110.7550839407515,0.0
CNQ.TO,2025-12-05,48.09000015258789,48.7400016784668,47.90999984741211,47.959999084472656,46.00729751586914,32995600,-0.0027032484626933195,44.22622540791829,110.45568543035318,-0.0027032484626933195
CNQ.TO,2025-12-08,47.66999816894531,48.5,47.060001373291016,47.209999084472656,45.28783416748047,33445300,-0.01563802673131387,44.32535146077474,108.72837646896772,-0.018299001722286268
CNQ.TO,2025-12-09,47.040000915527344,47.70000076293945,46.540000915527344,46.66999816894531,44.76982116699219,30749700,-0.01143823744303163,44.420960362752275,107.48471548212035,-0.02952793083864791
CNQ.TO,2025-12-10,46.4900016784668,46.650001525878906,45.709999084472656,46.5099983215332,44.6163330078125,35666700,-0.0034283844603080205,44.474680201212564,107.11621655384081,-0.03285508219972366
CNQ.TO,2025-12-11,46.099998474121094,46.25,45.54999923706055,45.619998931884766,43.76256561279297,24303600,-0.019135758980237894,44.50505739847819,105.06646645099154,-0.05136213424571168
CNQ.TO,2025-12-12,45.25,45.54999923706055,44.939998626708984,45.439998626708984,44.15906524658203,49335100,0.009060246542610173,44.5422560373942,106.01839454039842,-0.042767241302322234
CNQ.TO,2025-12-15,45.40999984741211,45.47999954223633,44.38999938964844,44.65999984741211,43.40105819702149,40587000,-0.017165378056076763,44.55322850545247,104.19854871721418,-0.05919850349302913
CNQ.TO,2025-12-16,44.34000015258789,44.36000061035156,43.0,43.0,41.7878532409668,37040100,-0.037169714819658584,44.53345019022624,100.32551837677303,-0.09416782682010127
CNQ.TO,2025-12-17,43.22999954223633,43.970001220703125,43.04999923706055,43.95000076293945,42.7110710144043,40468000,0.022092969651104744,44.517905680338544,102.54200700950243,-0.07415530410904347
CNQ.TO,2025-12-18,43.90999984741211,44.0,43.36000061035156,43.40999984741211,42.18629455566406,15910300,-0.012286661192908332,44.50309499104818,101.28210811133584,-0.08553084420470691
CNQ.TO,2025-12-19,43.77000045776367,44.349998474121094,43.689998626708984,43.9900016784668,42.74995040893555,17274800,0.013361113110509137,44.508351771036786,102.63534981388221,-0.07331251837805419
CNQ.TO,2025-12-22,44.529998779296875,44.810001373291016,44.20000076293945,44.47999954223633,43.226131439208984,13944400,0.011138750471483716,44.5160514831543,103.77857936501249,-0.06299037775521965
CNQ.TO,2025-12-23,44.54999923706055,45.09000015258789,44.18000030517578,44.959999084472656,43.69260025024414,12585800,0.010791361509904673,44.521393330891925,104.89849153192466,-0.05287876818331716
CNQ.TO,2025-12-24,45.029998779296875,45.45000076293945,44.790000915527344,45.06999969482422,43.79949951171875,4140300,0.002446621644451419,44.52901941935222,105.15513845177698,-0.05056152087763499
CNQ.TO,2025-12-29,45.2599983215332,45.779998779296875,45.13999938964844,45.4900016784668,44.207664489746094,18276600,0.009318941599278707,44.542576726277666,106.13507304587316,-0.04171375913858566
CNQ.TO,2025-12-30,45.779998779296875,46.650001525878906,45.7400016784668,46.470001220703125,45.1600341796875,12172300,0.021543089890267986,44.54311307271322,108.42155046501055,-0.021069312511101224
CNQ.TO,2025-12-31,46.630001068115234,46.790000915527344,46.290000915527344,46.4900016784668,45.17947006225586,4631500,0.0004303779419436715,44.550372950236,108.46821270876202,-0.020648002336514315
CSU.TO,2025-01-02,4445.009765625,4533.35009765625,4400.0,4440.169921875,4427.2548828125,24500,,,100.0,0.0
CSU.TO,2025-01-03,4471.10009765625,4471.10009765625,4341.8798828125,4458.43994140625,4445.47216796875,22200,0.004114803786647414,,100.41148037866473,0.0
CSU.TO,2025-01-06,4590.77978515625,4590.77978515625,4282.25,4318.5498046875,4305.98828125,47800,-0.0313766190515784,,97.26090761041833,-0.0313766190515784
CSU.TO,2025-01-07,4394.14013671875,4394.14013671875,4112.330078125,4162.68994140625,4150.58251953125,63600,-0.0360906141791999,,93.75070171913191,-0.0663348317783401
CSU.TO,2025-01-08,4101.7001953125,4349.990234375,4101.7001953125,4325.0,4312.419921875,59300,0.03899149133457702,,97.40618139282397,-0.029929834462228744
CSU.TO,2025-01-09,4339.97021484375,4393.2099609375,4310.0,4320.47998046875,4307.9130859375,11100,-0.0010450828117731792,,97.30438386688986,-0.03094363811844636
CSU.TO,2025-01-10,4344.60009765625,4344.60009765625,4166.10009765625,4275.47021484375,4263.03466796875,51600,-0.010417670243916599,,96.29069888247713,-0.04103894774429784
CSU.TO,2025-01-13,4273.3701171875,4319.0,4216.14990234375,4298.3701171875,4285.8681640625,35100,0.0053561600766032225,,96.80644727957969,-0.035902598841188404
CSU.TO,2025-01-14,4300.10009765625,4300.10009765625,4223.64990234375,4264.66015625,4252.25634765625,19500,-0.007842475577781172,,96.04724508101782,-0.04346350916437869
CSU.TO,2025-01-15,4350.0,4374.72021484375,4314.4501953125,4340.81982421875,4328.19384765625,30600,0.01785816606326085,,97.76247273359334,-0.026381521665467367
CSU.TO,2025-01-16,4398.240234375,4547.60009765625,4359.89990234375,4401.16015625,4388.3583984375,24200,0.013900613719930677,,99.12143110336828,-0.012847627287552399
CSU.TO,2025-01-17,4404.22998046875,4461.39013671875,4371.41015625,4392.3701171875,4379.59423828125,23900,-0.001997138647420127,,98.92347186252415,-0.014819107441988888
CSU.TO,2025-01-20,4442.75,4442.75,4344.9501953125,4361.60986328125,4348.92333984375,6300,-0.007003136995982651,,98.23069723695265,-0.02171846419839707
CSU.TO,2025-01-21,4437.919921875,4449.97998046875,4372.0,4440.93017578125,4428.0126953125,20900,0.018185962199920302,,100.01711698377571,-0.00392747316742903
CSU.TO,2025-01-22,4427.31005859375,4511.68994140625,4427.31005859375,4500.02001953125,4486.9306640625,25100,0.01330573618552866,,101.34791835639898,0.0
CSU.TO,2025-01-23,4549.990234375,4570.47021484375,4503.7099609375,4563.27001953125,4549.9970703125,27000,0.01405557851720829,,102.77242198041297,0.0
CSU.TO,2025-01-24,4563.27978515625,4718.7998046875,4563.27978515625,4633.10986328125,4619.6337890625,41400,0.015304783206204764,,104.34533161839978,0.0
CSU.TO,2025-01-27,4538.169921875,4630.0,4511.39990234375,4594.3798828125,4581.01611328125,25800,-0.008359466906810109,,103.47306027185564,-0.008359466906810109
CSU.TO,2025-01-28,4646.1298828125,4746.919921875,4599.990234375,4716.81982421875,4703.10009765625,40900,0.02664997925264978,,106.23061518130878,0.0
CSU.TO,2025-01-29,4716.81982421875,4755.68017578125,4706.89990234375,4725.0,4711.2568359375,25500,0.0017343322727310095,,106.41485436556981,0.0
CSU.TO,2025-01-30,4755.0,4832.93994140625,4755.0,4798.1298828125,4784.173828125,27900,0.015477184693326151,,108.06185672069913,0.0
CSU.TO,2025-01-31,4798.1298828125,4837.5,4753.02001953125,4753.02001953125,4739.1943359375,53100,-0.009401726150307543,,107.04588873651734,-0.009401726150307543
CSU.TO,2025-02-03,4658.91015625,4832.06005859375,4658.91015625,4820.0,4805.97998046875,40000,0.014092193693095112,,108.55440013464184,0.0
CSU.TO,2025-02-04,4839.85009765625,4839.85009765625,4783.6298828125,4800.0,4786.0390625,31800,-0.004149188729413944,,108.10398744107489,-0.004149188729413944
CSU.TO,2025-02-05,4781.93017578125,4916.3798828125,4781.93017578125,4902.64013671875,4888.3798828125,31500,0.021383197875330717,,110.41559639563967,0.0
CSU.TO,2025-02-06,4902.64013671875,4969.2900390625,4869.81005859375,4931.8701171875,4917.52490234375,38800,0.005962102011286774,,111.07390544498753,0.0
CSU.TO,2025-02-07,4980.7001953125,4980.7001953125,4800.0,4908.66015625,4894.3828125,25300,-0.004706044260745945,,110.55118672974952,-0.004706044260745945
CSU.TO,2025-02-10,4925.0498046875,4961.4501953125,4887.68017578125,4934.169921875,4919.81884765625,22000,0.005196985223813622,,111.12571961365909,0.0
CSU.TO,2025-02-11,4879.58984375,4920.31982421875,4860.0,4882.25,4868.0498046875,14300,-0.010522550640947315,,109.95639360151264,-0.010522550640947315
CSU.TO,2025-02-12,4879.85986328125,4890.8701171875,4845.52001953125,4877.0,4862.8154296875,16800,-0.001075250913612269,4558.072200520834,109.83816288883511,-0.01158648717236932
CSU.TO,2025-02-13,4890.02001953125,4991.85009765625,4890.02001953125,4961.5498046875,4947.1181640625,24400,0.017336198668024938,4575.4009765625,111.74233910200685,0.0
CSU.TO,2025-02-14,4961.56982421875,4987.919921875,4918.81005859375,4934.83984375,4920.48583984375,16900,-0.005383401676599564,4591.234765625,111.14078520633797,-0.005383401676599564
CSU.TO,2025-02-18,4934.83984375,4959.39990234375,4872.5,4949.89013671875,4935.49267578125,20100,0.0030498687377538136,4612.218245442708,111.47975001262819,-0.0023499516073218762
CSU.TO,2025-02-19,4947.89990234375,4947.89990234375,4864.43994140625,4886.81005859375,4872.59619140625,31200,-0.012743709393722047,4636.285367838542,110.05908447518247,-0.01506371390067096
CSU.TO,2025-02-20,4859.740234375,4923.169921875,4839.18994140625,4870.330078125,4856.1640625,31500,-0.0033723559804178516,4654.410172526042,109.68792606345328,-0.01838526967542853
CSU.TO,2025-02-21,4900.0,4900.0,4839.02001953125,4840.0,4825.92236328125,24300,-0.006227487133781295,4671.6771484375,109.00484591516197,-0.02449826277885503
CSU.TO,2025-02-24,4887.0,4916.830078125,4825.0,4876.330078125,4862.1474609375,28000,0.007506357319768453,4691.647574869791,109.82307523818746,-0.01717579817321835
CSU.TO,2025-02-25,4847.0,4909.35986328125,4824.85009765625,4900.009765625,4885.75732421875,30100,0.004855850932315775,4711.643880208333,110.3563597204726,-0.012403350356475329
CSU.TO,2025-02-26,4885.10009765625,5002.0,4885.10009765625,4935.33984375,4920.98486328125,27100,0.007210251497322018,4733.934830729167,111.15205682838614,-0.005282530134632868
CSU.TO,2025-02-27,4977.10986328125,4988.0,4884.580078125,4892.580078125,4878.349609375,20400,-0.008663967699713893,4752.273356119792,110.18903899826823,-0.013900730163887598
CSU.TO,2025-02-28,4894.5498046875,5018.33984375,4824.77001953125,4986.97021484375,4972.46435546875,63300,0.01929233319253787,4771.7435546875,112.31484265278839,0.0
CSU.TO,2025-03-03,4982.990234375,4998.39990234375,4856.0,4861.85009765625,4847.70849609375,32300,-0.025089342116206947,4787.34736328125,109.49693714074462,-0.025089342116206947
CSU.TO,2025-03-04,4838.02978515625,4931.41015625,4800.0,4867.66015625,4853.50146484375,50900,0.0011949911498738697,4804.166634114584,109.62778501156609,-0.023924332508118207
CSU.TO,2025-03-05,4836.43994140625,5020.0,4836.43994140625,4988.919921875,4974.4091796875,39200,0.024911440888509606,4822.379850260417,112.35877109761996,0.0
CSU.TO,2025-03-06,4915.0,5040.0,4864.91015625,4908.6298828125,4894.3525390625,59700,-0.016093698313340066,4835.960579427084,110.55050293271724,-0.016093698313340066
CSU.TO,2025-03-07,4876.0,4964.77001953125,4813.7998046875,4948.18994140625,4933.79736328125,34800,0.00805925276202224,4848.753922526042,111.44145737882069,-0.008164148733900811
CSU.TO,2025-03-10,4905.02978515625,4905.02978515625,4760.0,4800.0,4786.0390625,76900,-0.02994818998463744,4854.300764973958,108.10398744107489,-0.03786783724119247
CSU.TO,2025-03-11,4771.02001953125,4830.60009765625,4715.0,4722.5,4708.763671875,38600,-0.01614600081944062,4858.559016927084,106.3585403712665,-0.05340242392950634
CSU.TO,2025-03-12,4766.60986328125,4801.330078125,4742.4501953125,4754.93994140625,4741.109375,37200,0.0068692560041179185,4859.825992838541,107.08914441330104,-0.046900002846600564
CSU.TO,2025-03-13,4765.009765625,4849.89990234375,4560.0,4628.58984375,4615.12744140625,51600,-0.026572247891612943,4856.6216796875,104.24354512145007,-0.0722260122364563
CSU.TO,2025-03-14,4661.6298828125,4727.64990234375,4661.6298828125,4698.7998046875,4685.1318359375,40000,0.015168464017522254,4853.320279947917,105.82475958468375,-0.058153105886671885
CSU.TO,2025-03-17,4669.8798828125,4734.2001953125,4669.8798828125,4693.72021484375,4680.06787109375,23700,-0.0010808585587510633,4851.349397786458,105.71037798755887,-0.05917110916320745
CSU.TO,2025-03-18,4697.919921875,4697.919921875,4565.06982421875,4600.0,4586.62060546875,37700,-0.019967074879869373,4844.037418619791,103.59965095470197,-0.07795671007569016
CSU.TO,2025-03-19,4600.0,4662.60986328125,4593.56982421875,4655.7099609375,4642.16845703125,45300,0.01211084507322635,4839.241731770833,104.8543302770547,-0.06678998664060887
CSU.TO,2025-03-20,4663.39990234375,4692.240234375,4610.47021484375,4654.97998046875,4641.43994140625,47600,-0.00015693433612828933,4831.010400390625,104.8378750323425,-0.06693643933452365
CSU.TO,2025-03-21,4637.14990234375,4678.72998046875,4546.0,4626.66015625,4613.20263671875,99100,-0.006083738030432162,4820.866324869791,104.20006886497855,-0.07261295360335462
CSU.TO,2025-03-24,4628.52001953125,4750.43994140625,4574.0,4729.5400390625,4715.78369140625,61000,0.022236407711858863,4814.913020833334,106.51710407986397,-0.05199119713298239
CSU.TO,2025-03-25,4692.06005859375,4745.0,4683.02978515625,4700.490234375,4686.81787109375,47100,-0.006142313178037706,4807.146321614583,105.8628426677878,-0.05781416409572826
CSU.TO,2025-03-26,4683.8798828125,4753.83984375,4634.16015625,4645.740234375,4632.2275390625,33300,-0.0116476324731839,4799.285579427084,104.62979118382692,-0.0687883984337807
CSU.TO,2025-03-27,4612.3701171875,4662.08984375,4594.990234375,4662.08984375,4648.529296875,39500,0.003519204891174077,4792.142708333334,104.99800485672357,-0.06551127401083079
CSU.TO,2025-03-28,4660.81005859375,4660.81005859375,4526.7099609375,4564.7998046875,4552.9208984375,39900,-0.02056745097890922,4779.002799479166,102.83846353894963,-0.08473132507295644
CSU.TO,2025-03-31,4517.8798828125,4565.77001953125,4484.1201171875,4557.3701171875,4545.509765625,70600,-0.001627775438629575,4766.503597005209,102.67106561385452,-0.08622117694174969
CSU.TO,2025-04-01,4556.259765625,4628.2998046875,4552.259765625,4603.16015625,4591.1806640625,33200,0.010047475595120758,4755.026529947917,103.70265063993476,-0.0770400065177338
CSU.TO,2025-04-02,4611.27001953125,4755.3701171875,4600.10986328125,4740.0,4727.66455078125,40500,0.029727404932478274,4750.195475260417,106.78546132807942,-0.04960280105500914
CSU.TO,2025-04-03,4699.89013671875,4699.89013671875,4490.0,4519.580078125,4507.818359375,56000,-0.04650207074652124,4738.583951822917,101.81971625070116,-0.0937982388376446
CSU.TO,2025-04-04,4598.16015625,4598.16015625,4320.56005859375,4365.009765625,4353.650390625,57300,-0.034200128855985,4722.841552734375,98.33746883484736,-0.12479045583891779
CSU.TO,2025-04-07,4211.68017578125,4475.0,4203.0,4345.0,4333.6923828125,56200,-0.004584200847977393,4705.226383463541,97.8866701268267,-0.12880259217341883
CSU.TO,2025-04-08,4412.35009765625,4589.89990234375,4222.1201171875,4284.1298828125,4272.98046875,49900,-0.01400928093172571,4684.80048828125,96.51534826554882,-0.14100744140665256
CSU.TO,2025-04-09,4284.1298828125,4700.0,4249.56005859375,4664.75,4652.6103515625,62700,0.08884428224956409,4675.854671223959,105.09018510826823,-0.06469086408071001
CSU.TO,2025-04-10,4573.02001953125,4573.02001953125,4350.0,4365.0,4353.640625,49600,-0.06425849232401248,4658.364371744791,98.33724825515952,-0.12479241901175842
CSU.TO,2025-04-11,4366.759765625,4597.25,4344.009765625,4549.669921875,4537.82958984375,56100,0.04230688306840902,4643.876546223958,102.49759071835966,-0.08776511422230382
CSU.TO,2025-04-14,4643.240234375,4720.10986328125,4490.0,4565.0,4553.119140625,40900,0.0033693532290128836,4634.056901041667,102.8429413066126,-0.08469147266429056
CSU.TO,2025-04-15,4565.0,4671.5400390625,4564.9599609375,4664.25,4652.111328125,27800,0.021741620292064612,4627.343896484375,105.07891348622006,-0.06479118221286884
CSU.TO,2025-04-16,4582.1298828125,4731.3798828125,4567.77001953125,4718.4599609375,4706.18017578125,66900,0.011622432019063877,4618.4029296875,106.30018601485075,-0.053921781304508754
CSU.TO,2025-04-17,4735.2001953125,4735.2001953125,4615.8701171875,4682.5400390625,4670.3544921875,31600,-0.0076124759902127526,4610.936328125,105.49097840105755,-0.061123779029191416
CSU.TO,2025-04-21,4580.830078125,4650.89990234375,4556.169921875,4605.31005859375,4593.32470703125,18900,-0.01649334869228969,4599.587239583333,103.7510789103981,-0.07660899192056214
CSU.TO,2025-04-22,4595.2001953125,4717.77001953125,4595.2001953125,4644.1298828125,4632.04345703125,24600,0.00842935182455773,4594.454052734375,104.6256332567113,-0.06882540424182759
CSU.TO,2025-04-23,4710.990234375,4843.85009765625,4710.990234375,4769.97021484375,4757.55615234375,28600,0.02709661437264299,4596.08046875,107.46063369456198,-0.04359372530696659
CSU.TO,2025-04-24,4762.0,4891.97998046875,4762.0,4888.91015625,4876.18701171875,34600,0.02493525154013332,4600.583056640625,110.140191626398,-0.01974549427293404
CSU.TO,2025-04-25,4851.89990234375,4919.93017578125,4710.0,4883.41015625,4870.701171875,18700,-0.0011250265485236444,4609.102180989584,110.01628098675882,-0.020848306616186973
CSU.TO,2025-04-28,4931.009765625,5000.0,4893.0,4927.7099609375,4914.88623046875,17500,0.009071601199615476,4616.760660807292,111.01430481333554,-0.011965832939880738
CSU.TO,2025-04-29,4893.60009765625,4989.4599609375,4893.60009765625,4982.0,4969.0341796875,22000,0.011017131766565047,4626.39287109375,112.23736403743767,-0.0010805303315112313
CSU.TO,2025-04-30,4957.080078125,4973.35009765625,4802.14990234375,4968.35009765625,4955.41943359375,40100,-0.002739917980319917,4638.686165364584,111.92984286564779,-0.00381748774734747
CSU.TO,2025-05-01,4957.60009765625,5045.83984375,4957.31005859375,4986.14990234375,4973.17333984375,26900,0.00358272523404235,4649.719661458334,112.33085673812492,-0.000248439522988253
CSU.TO,2025-05-02,5020.0,5070.259765625,4982.35009765625,5042.6201171875,5029.49609375,27100,0.011325314855809898,4662.654866536458,113.60303905870707,0.0
CSU.TO,2025-05-05,5041.990234375,5065.89990234375,4977.02001953125,4994.41015625,4981.41259765625,39100,-0.00956030091235216,4674.928531901041,112.51695982074813,-0.00956030091235216
CSU.TO,2025-05-06,4984.83984375,5000.0,4928.31005859375,4967.419921875,4954.49267578125,24600,-0.005404073914227814,4682.885498046875,111.9089098532726,-0.01491271025380747
CSU.TO,2025-05-07,4975.10986328125,5056.52978515625,4910.0,5050.009765625,5036.86767578125,40600,0.016626323902479312,4694.553824869791,113.76954363606646,0.0
CSU.TO,2025-05-08,5070.0,5200.0,5008.39990234375,5181.9599609375,5168.47412109375,49000,0.0261286287001945,4712.4287109375,116.74218579912382,0.0
CSU.TO,2025-05-09,5249.990234375,5249.990234375,5049.64990234375,5113.43017578125,5100.123046875,34600,-0.013224613806189556,4727.4818359375,115.19831547703997,-0.013224613806189556
CSU.TO,2025-05-12,5175.43017578125,5300.0,5069.66015625,5130.009765625,5116.6591796875,37600,0.0032423007563773254,4746.273111979167,115.57182306244457,-0.01002519122515888
CSU.TO,2025-05-13,5085.0,5110.490234375,4917.2001953125,4936.4599609375,4923.61328125,38300,-0.03772889529243384,4758.8765625,111.2114258513659,-0.047375847127572035
CSU.TO,2025-05-14,4902.18994140625,4984.669921875,4867.14013671875,4984.669921875,4971.697265625,36500,0.009765995342914557,4771.56044921875,112.29751611830923,-0.03807252408707196
CSU.TO,2025-05-15,4960.02001953125,5084.7998046875,4960.02001953125,5063.47998046875,5050.30224609375,27900,0.01581049212554353,4782.3150390625,114.07299511261586,-0.022863977303806737
CSU.TO,2025-05-16,5033.0,5087.8701171875,5006.31005859375,5066.89013671875,5053.703125,32500,0.0006734010640414567,4800.511197916667,114.14981198890308,-0.022205972866410018
CSU.TO,2025-05-20,5020.02001953125,5124.89990234375,5012.60986328125,5050.47998046875,5037.3359375,34700,-0.003238652349607518,4823.300716145834,113.78012043209796,-0.02537270778981837
CSU.TO,2025-05-21,5063.56005859375,5063.66015625,4862.18017578125,4880.7099609375,4868.00830078125,39600,-0.03361452140966126,4841.111246744792,109.95545613783936,-0.05813433777025778
CSU.TO,2025-05-22,4912.22998046875,4930.77001953125,4860.02001953125,4900.0,4887.24853515625,29400,0.003952383230717116,4861.586848958334,110.39004223880443,-0.054411723721272565
CSU.TO,2025-05-23,4900.0,5030.2998046875,4832.77001953125,4841.06982421875,4828.47119140625,30400,-0.012026673766882823,4867.448876953125,109.0624172136859,-0.06578400543786578
CSU.TO,2025-05-26,4865.2900390625,4869.0,4791.58984375,4858.7998046875,4846.1552734375,16000,0.0036624598822758703,4883.866031901041,109.46185394139506,-0.062362476836401615
CSU.TO,2025-05-27,4850.10009765625,4930.60986328125,4837.1201171875,4870.1298828125,4857.4560546875,42300,0.0023319065552731555,4894.520247395833,109.71710875615335,-0.06017599374966642
CSU.TO,2025-05-28,4852.31005859375,4940.0,4852.31005859375,4869.419921875,4856.74755859375,26900,-0.0001458574376738131,4904.641194661458,109.70110569980119,-0.06031307407108244
CSU.TO,2025-05-29,4872.14013671875,4925.93994140625,4817.259765625,4896.580078125,4883.8369140625,22900,0.005577674182553949,4912.365380859375,110.31298272486059,-0.055071806564645276
CSU.TO,2025-05-30,4894.60986328125,4985.72021484375,4861.759765625,4975.759765625,4962.81103515625,99900,0.01617050742754178,4920.919742838541,112.09679963136722,-0.03979183819420529
CSU.TO,2025-06-02,4939.83984375,4960.7900390625,4862.16015625,4960.0,4947.091796875,33600,-0.003167406167572384,4930.144319661458,111.74174353684971,-0.042833207448062294
CSU.TO,2025-06-03,4920.009765625,4981.5,4906.06005859375,4945.35986328125,4932.48974609375,28700,-0.002951643385811775,4941.449820963541,111.41192175862008,-0.04565842248041696
CSU.TO,2025-06-04,4970.009765625,4971.7001953125,4940.0,4964.68017578125,4951.759765625,20400,0.003906753084790715,4952.10703125,111.84718062763304,-0.04193004557849833
CSU.TO,2025-06-05,4951.5,4975.0,4896.10009765625,4898.27001953125,4885.5224609375,19900,-0.013376518212235955,4956.372574869792,110.35105477898026,-0.054745685772413566
CSU.TO,2025-06-06,4904.31005859375,4938.22998046875,4850.77978515625,4911.08984375,4898.30859375,15900,0.0026171474831468977,4957.1099609375,110.63985976425766,-0.052271815822999224
CSU.TO,2025-06-09,4973.509765625,4973.509765625,4852.5,4881.2001953125,4868.4970703125,26600,-0.006086085200009306,4957.036490885416,109.96649615121531,-0.0580397702983505
CSU.TO,2025-06-10,4919.52978515625,4925.18994140625,4853.8798828125,4888.31982421875,4875.59814453125,39400,0.0014585762538610325,4955.726888020833,110.12689067122179,-0.05666584947522613
CSU.TO,2025-06-11,4899.0400390625,4940.4501953125,4886.39990234375,4904.259765625,4891.49658203125,21800,0.003260817858385723,4953.142301432292,110.485994403011,-0.053589808630769786
CSU.TO,2025-06-12,4894.97998046875,4934.89990234375,4881.10986328125,4923.89013671875,4911.07568359375,21600,0.004002681231429994,4951.664176432291,110.92823461914381,-0.04980163032054219
CSU.TO,2025-06-13,4870.10986328125,4924.68017578125,4826.52978515625,4829.990234375,4817.42041015625,18500,-0.019070215869482654,4946.472412109375,108.81280923893611,-0.06792211834915995
CSU.TO,2025-06-16,4829.990234375,4858.22998046875,4821.1201171875,4842.240234375,4829.638671875,44000,0.0025362664410586433,4939.810498046875,109.08878751536614,-0.06555812049747589
CSU.TO,2025-06-17,4826.0400390625,4889.64013671875,4757.0,4832.93994140625,4820.3623046875,18900,-0.001920716603815542,4934.442154947917,108.87925886989527,-0.067352918530737
CSU.TO,2025-06-18,4916.25,4949.89990234375,4834.97998046875,4919.990234375,4907.18603515625,27200,0.018011868191799563,4932.865266927083,110.84037772948064,-0.05055420222984619
CSU.TO,2025-06-19,4899.89990234375,4899.89990234375,4855.93994140625,4865.0,4852.3388671875,6300,-0.011176908227202298,4926.714306640625,109.60152499972979,-0.061166070778226
CSU.TO,2025-06-20,4916.68994140625,4916.68994140625,4760.02978515625,4828.1298828125,4816.92138671875,64500,-0.007299053392220811,4914.995882161458,108.80153761688793,-0.06801866975404425
CSU.TO,2025-06-23,4813.9501953125,4913.22021484375,4813.9501953125,4887.83984375,4876.49267578125,24400,0.012367087664488352,4907.541536458333,110.14709577062712,-0.056492774941225954
CSU.TO,2025-06-24,4887.83984375,4992.75,4887.83984375,4968.009765625,4956.4765625,22800,0.016401929016726324,4902.202115885417,111.9537206168555,-0.04101743640904354
CSU.TO,2025-06-25,4987.2001953125,4991.990234375,4901.02001953125,4909.1298828125,4897.7333984375,43100,-0.011851799019275577,4901.339453125,110.6268676206444,-0.052383105015713194
CSU.TO,2025-06-26,4909.1298828125,4946.7001953125,4844.8798828125,4926.7900390625,4915.35205078125,24000,0.003597307348205403,4899.461279296875,111.02482646444508,-0.048974235796102716
CSU.TO,2025-06-27,4902.14990234375,4998.93994140625,4902.14990234375,4983.68994140625,4972.12060546875,51500,0.01154923474473768,4896.855224609375,112.30707824777672,-0.03799061599701847
CSU.TO,2025-06-30,4982.27001953125,5020.2001953125,4968.75,4993.2001953125,4981.6083984375,38000,0.0019081984773889893,4894.452067057292,112.52138244348914,-0.03615491115522995
CSU.TO,2025-07-02,5037.990234375,5038.0,4898.2998046875,4973.240234375,4961.69482421875,38500,-0.00399741862989389,4891.930696614583,112.07158737304812,-0.04000780346970978
CSU.TO,2025-07-03,5009.60009765625,5058.39013671875,4882.5,5030.08984375,5018.41259765625,18900,0.011431128968402593,4896.944173177083,113.35269214200302,-0.029034008862512062
CSU.TO,2025-07-04,5008.7900390625,5060.2001953125,5005.0,5005.0,4993.380859375,6400,-0.004987979324964309,4900.481917317708,112.78729125716967,-0.033877167151549314
CSU.TO,2025-07-07,4959.990234375,5050.0,4959.990234375,4998.97021484375,4987.36474609375,25300,-0.0012048176277110745,4905.778369140625,112.65140314048125,-0.035041168971099323
CSU.TO,2025-07-08,5009.990234375,5009.990234375,4965.93994140625,4972.02001953125,4960.4775390625,21800,-0.005391064901019926,4909.589111328125,112.04409211495995,-0.040243324655988344
CSU.TO,2025-07-09,4973.31005859375,4991.60009765625,4942.0,4956.27978515625,4944.77392578125,17300,-0.0031657462729319796,4912.49970703125,111.68938894794297,-0.04328167077388034
CSU.TO,2025-07-10,4985.0,5006.5,4926.240234375,4955.58984375,4944.08544921875,23300,-0.00013923317280706282,4915.410970052083,111.67383807995087,-0.04341487770234109
CSU.TO,2025-07-11,4953.60009765625,4953.60009765625,4855.0,4888.06005859375,4876.712890625,24300,-0.01362690011848322,4915.173502604167,110.15206984258772,-0.05645016761871835
CSU.TO,2025-07-14,4929.0,4970.0,4888.009765625,4959.3701171875,4947.8564453125,26400,0.014588423859084765,4914.675016276042,111.75901492640689,-0.042685262731771756
CSU.TO,2025-07-15,4990.0,5000.0,4905.14990234375,4913.60009765625,4902.193359375,19800,-0.009228862324969112,4913.178401692709,110.72760636407692,-0.05152018864368424
CSU.TO,2025-07-16,4913.60009765625,4976.97998046875,4900.0,4976.97998046875,4965.42578125,25600,0.01289880207480465,4914.27626953125,112.15585984278404,-0.03928593528505098
CSU.TO,2025-07-17,4974.97998046875,5060.7001953125,4974.97998046875,5040.06982421875,5028.36962890625,26200,0.012676425029638505,4916.829931640625,113.57759519171573,-0.02710751546877266
CSU.TO,2025-07-18,5040.06982421875,5040.75,4980.5400390625,4984.830078125,4973.2578125,21300,-0.010960176055760162,4919.754443359375,112.33276475242467,-0.037770588382560866
CSU.TO,2025-07-21,5015.0,5015.0,4912.330078125,4916.43994140625,4905.0263671875,19300,-0.013719667848508532,4919.978369140625,110.79159653151676,-0.05097205630401791
CSU.TO,2025-07-22,4914.4599609375,4914.60009765625,4845.97998046875,4850.240234375,4838.98095703125,27400,-0.013464843043059949,4918.994498697916,109.29980507372986,-0.06375056860936223
CSU.TO,2025-07-23,4850.240234375,4873.25,4820.7099609375,4844.169921875,4832.92431640625,28100,-0.001251635556903663,4917.572037760417,109.16300155133695,-0.06492241168782154
CSU.TO,2025-07-24,4864.64990234375,4870.9501953125,4829.830078125,4845.77001953125,4834.5205078125,18300,0.000330274447053025,4915.672835286458,109.19905530131295,-0.06461357945439006
CSU.TO,2025-07-25,4851.0498046875,4911.77001953125,4851.0498046875,4890.2900390625,4878.93701171875,15500,0.009187364876097615,4914.601546223958,110.20230686649127,-0.05601984310869068
CSU.TO,2025-07-28,4882.4501953125,4907.0,4836.0400390625,4842.5400390625,4831.29833984375,26800,-0.009764149805700839,4915.064143880209,109.12627503331305,-0.06523700677418642
CSU.TO,2025-07-29,4844.490234375,4896.5,4838.39990234375,4860.31982421875,4849.03662109375,38600,0.0036715350620581955,4915.7107421875,109.52693597828967,-0.06180499166984332
CSU.TO,2025-07-30,4884.6298828125,4900.0,4859.990234375,4862.16015625,4850.873046875,23200,0.00037871971790459646,4916.727766927083,109.56841598858632,-0.061449678720948975
CSU.TO,2025-07-31,4844.419921875,4869.0,4762.25,4780.27978515625,4769.1826171875,40400,-0.01684035613756707,4912.127652994792,107.72324484190943,-0.07725520038431621
CSU.TO,2025-08-01,4761.27001953125,4791.56005859375,4666.56005859375,4718.31005859375,4707.3564453125,36700,-0.012963683053818675,4907.294905598958,106.32675483825001,-0.08921737150609332
CSU.TO,2025-08-05,4812.669921875,4837.5,4714.89990234375,4790.56005859375,4779.4384765625,34500,0.0153126350399444,4906.045475260416,107.95489763006978,-0.07527088951524485
CSU.TO,2025-08-06,4814.52001953125,4820.64990234375,4713.68017578125,4723.52978515625,4712.564453125,27900,-0.013992025164763167,4900.581201171875,106.4443899857704,-0.08820972249973669
CSU.TO,2025-08-07,4650.10986328125,4795.89013671875,4639.14990234375,4650.009765625,4639.21484375,44100,-0.015564690967008521,4890.005810546875,104.78761595047015,-0.10240145639575116
CSU.TO,2025-08-08,4677.35986328125,4727.5,4577.14013671875,4599.93017578125,4589.25146484375,33300,-0.0107697919990839,4879.723079427084,103.65907512260371,-0.11206840600904955
CSU.TO,2025-08-11,4653.16015625,4922.93017578125,4653.16015625,4801.81005859375,4790.66259765625,40800,0.04388757825876888,4875.566764322916,108.20842089427858,-0.07309923868933832
CSU.TO,2025-08-12,4828.14990234375,4885.919921875,4676.91015625,4681.2001953125,4670.3330078125,37200,-0.025117525476041513,4865.507177734375,105.49049312574432,-0.09638069217532108
CSU.TO,2025-08-13,4683.56005859375,4712.0,4476.06005859375,4507.580078125,4497.11572265625,58800,-0.03708885102336246,4849.357421875,101.57797194182255,-0.1298948940650645
CSU.TO,2025-08-14,4601.8798828125,4601.8798828125,4245.18017578125,4256.68017578125,4246.798828125,83400,-0.05566165292793457,4825.527555338542,95.92397412247334,-0.1783263824824387
CSU.TO,2025-08-15,4350.9501953125,4497.5,4281.35009765625,4353.3798828125,4343.27392578125,81700,0.022717133907387055,4803.022932942708,98.1030918875423,-0.15966031288512506
CSU.TO,2025-08-18,4365.0,4441.27001953125,4326.919921875,4394.27978515625,4384.07861328125,46500,0.009394914573033875,4782.712858072917,99.02476205517624,-0.15176539331235084
CSU.TO,2025-08-19,4403.759765625,4403.759765625,4330.68994140625,4334.02001953125,4323.9580078125,42600,-0.01371339585166631,4760.599300130209,97.66679629399655,-0.16339757024894108
CSU.TO,2025-08-20,4369.97021484375,4406.8798828125,4322.6298828125,4360.35009765625,4350.22802734375,42000,0.00607545667274878,4740.257649739583,98.26016668324691,-0.15831482843467215
CSU.TO,2025-08-21,4328.240234375,4442.97998046875,4326.4501953125,4438.009765625,4427.70703125,42100,0.01781033164681234,4723.022086588541,100.01021283954658,-0.14332413638688957
CSU.TO,2025-08-22,4455.10986328125,4575.60009765625,4455.10986328125,4549.91015625,4539.34765625,43900,0.02521409483781545,4709.530826822916,102.53187983083302,-0.12172382991648112
CSU.TO,2025-08-25,4538.0,4559.22998046875,4452.509765625,4470.990234375,4460.61083984375,24300,-0.017345403429904982,4695.660758463541,100.75342301074069,-0.13695788440945167
CSU.TO,2025-08-26,4470.990234375,4515.52978515625,4357.919921875,4393.0,4382.8017578125,101400,-0.017443593450527373,4676.825602213542,98.99592126099232,-0.15201244020449622
CSU.TO,2025-08-27,4415.89990234375,4424.52001953125,4341.58984375,4399.009765625,4388.7978515625,32500,0.0013680960447985946,4659.712418619792,99.13135718932068,-0.15085231177790148
CSU.TO,2025-08-28,4452.77001953125,4484.52978515625,4322.5,4421.93017578125,4411.6650390625,30600,0.005210353329866635,4641.253727213541,99.64786658634625,-0.14642795229302497
CSU.TO,2025-08-29,4414.990234375,4551.02001953125,4393.9501953125,4550.33984375,4539.77587890625,50000,0.02903911305808804,4624.967268880208,102.54155225014442,-0.12164097709643851
CSU.TO,2025-09-02,4495.06005859375,4594.7900390625,4466.81005859375,4568.77978515625,4558.1728515625,54800,0.004052396670445768,4611.131103515625,102.95709129506525,-0.11808151791656807
CSU.TO,2025-09-03,4560.0,4629.52978515625,4560.0,4603.31982421875,4592.63330078125,37800,0.007560145334755575,4600.718001302083,103.73546186849966,-0.11141408601861025
CSU.TO,2025-09-04,4617.58984375,4628.77001953125,4558.60009765625,4605.39990234375,4594.70849609375,24500,0.0004518530386798947,4592.5755859375,103.78233505216379,-0.11101257577324963
CSU.TO,2025-09-05,4587.990234375,4623.0,4555.0,4599.68994140625,4589.01220703125,25200,-0.001239749826859038,4584.445182291666,103.65367092025184,-0.11211469777851468
CSU.TO,2025-09-08,4597.3798828125,4634.97998046875,4574.5498046875,4579.22998046875,4568.5986328125,43300,-0.004448359101654309,4575.581119791666,103.19258216979387,-0.11606433044387665
CSU.TO,2025-09-09,4576.93017578125,4594.91015625,4530.22998046875,4582.10986328125,4571.47265625,37000,0.0006290820596184243,4565.332307942708,103.25749877192258,-0.11550826237230205
CSU.TO,2025-09-10,4557.27978515625,4589.02001953125,4416.39013671875,4421.93017578125,4411.6650390625,47000,-0.03495757914443942,4551.34453125,99.64786658634625,-0.14642795229302497
CSU.TO,2025-09-11,4465.4599609375,4465.4599609375,4396.89990234375,4430.27001953125,4419.9853515625,40900,0.0018859801064516901,4537.042822265625,99.83580048037844,-0.14481813239162644
CSU.TO,2025-09-12,4437.7001953125,4437.7001953125,4355.56982421875,4392.7900390625,4382.591796875,27200,-0.008460108283906642,4521.433447265625,98.99117879770394,-0.15205306359402682
CSU.TO,2025-09-15,4441.77978515625,4441.77978515625,4266.52978515625,4301.830078125,4291.8427734375,56600,-0.020706702253723064,4505.522119140625,96.94139793259482,-0.169611248333142
CSU.TO,2025-09-16,4300.0,4355.330078125,4192.2001953125,4355.169921875,4345.05908203125,72400,0.01239940776095283,4493.445540364583,98.14341385447784,-0.1593149196011161
CSU.TO,2025-09-17,4317.0,4355.14990234375,4235.10986328125,4281.58984375,4271.64990234375,29400,-0.016894863407284744,4476.519254557292,96.48529428308183,-0.1735181792029974
CSU.TO,2025-09-18,4265.0,4329.06982421875,4243.3798828125,4310.9501953125,4300.94287109375,38600,0.00685753032661407,4462.79853515625,97.14694511470033,-0.1678505550524868
CSU.TO,2025-09-19,4500.0,4500.0,4376.009765625,4417.31982421875,4408.4775390625,137000,0.02500257994391908,4455.107291666666,99.57586937623815,-0.1470446720298988
CSU.TO,2025-09-22,4419.5400390625,4426.8701171875,4165.02001953125,4200.27978515625,4191.87158203125,69900,-0.049133959538628647,4441.861295572917,94.68331263928229,-0.18895374460263947
CSU.TO,2025-09-23,4218.89990234375,4229.990234375,3977.7099609375,4000.010009765625,3992.0029296875,89000,-0.04768005136428821,4415.239306640625,90.16880742930034,-0.22762447171879918
CSU.TO,2025-09-24,4003.1298828125,4150.66015625,4003.1298828125,4137.6201171875,4129.33740234375,72400,0.034402397762518966,4397.206119791666,93.27083060825511,-0.20105290157283373
CSU.TO,2025-09-25,3949.989990234375,3981.0,3390.010009765625,3891.39990234375,3883.6103515625,142100,-0.05950762237103202,4376.755940755208,87.72050524218658,-0.24859634380046924
CSU.TO,2025-09-26,3928.280029296875,3950.090087890625,3604.030029296875,3660.0,3652.673583984375,145300,-0.05946445360699271,4356.951765950521,82.50425332783061,-0.29327815165467097
CSU.TO,2025-09-29,3660.010009765625,3772.239990234375,3660.010009765625,3766.739990234375,3759.199951171875,101600,0.029163943817640536,4337.482633463542,84.91040273659983,-0.27266735537482867
CSU.TO,2025-09-30,3753.14990234375,3823.570068359375,3709.43994140625,3777.97998046875,3770.41748046875,109200,0.002984020388002495,4317.027262369792,85.16377710951936,-0.27049697993440736
CSU.TO,2025-10-01,3803.570068359375,3988.989990234375,3799.169921875,3832.22998046875,3824.558837890625,75600,0.01435951262753643,4300.380623372396,86.3866874423322,-0.2600216721059496
CSU.TO,2025-10-02,3827.2099609375,3904.949951171875,3821.780029296875,3901.840087890625,3894.029541015625,59400,0.0181643703416825,4285.174007161459,87.95584722562589,-0.24658043171326316
CSU.TO,2025-10-03,3925.0,4055.419921875,3925.0,4029.530029296875,4021.464111328125,80100,0.03272563008837959,4271.632576497396,90.83425774604176,-0.22192430162016474
CSU.TO,2025-10-06,4110.0,4110.0,3882.64990234375,3897.60009765625,3889.798095703125,43800,-0.032740815777544285,4249.980924479167,87.86027004688863,-0.24739913472180297
CSU.TO,2025-10-07,3899.56005859375,3910.0,3802.550048828125,3837.429931640625,3829.748291015625,60600,-0.015437769058973538,4228.952172851563,86.5039034884457,-0.25901761307355153
CSU.TO,2025-10-08,3857.8701171875,3898.300048828125,3791.25,3869.330078125,3861.58447265625,43700,0.008312865290732274,4211.578263346354,87.22299878526766,-0.2528579263082267
CSU.TO,2025-10-09,3872.31005859375,3971.639892578125,3849.969970703125,3949.969970703125,3942.06298828125,44500,0.020840801540110254,4196.687101236979,89.04079599268469,-0.23728688662815
CSU.TO,2025-10-10,3952.669921875,4015.0,3933.419921875,3936.18994140625,3928.310791015625,49800,-0.0034885787737301,4180.57529296875,88.73017016178858,-0.23994767140590467
CSU.TO,2025-10-14,3943.47998046875,4081.7099609375,3943.47998046875,3955.010009765625,3947.093017578125,68100,0.0047812476053210595,4160.819197591146,89.15441107539436,-0.23631367302989548
CSU.TO,2025-10-15,3969.0,4029.8701171875,3940.0,3970.35009765625,3962.40234375,52000,0.0038786332381059996,4140.960180664062,89.50020833751516,-0.23335161385862213
CSU.TO,2025-10-16,3998.419921875,4029.760009765625,3834.39990234375,3855.639892578125,3847.921875,59700,-0.028891682070240288,4116.136466471354,86.9143967730074,-0.2555013752906816
CSU.TO,2025-10-17,3825.0,3892.820068359375,3810.6201171875,3814.1298828125,3806.4951171875,59000,-0.010766008031932839,4089.862687174479,85.9786756792586,-0.26351665346406505
CSU.TO,2025-10-20,3814.1298828125,3845.0,3707.820068359375,3709.989990234375,3702.5634765625,48000,-0.02730376302223969,4060.3143961588544,83.63113429354613,-0.2836254202277083
CSU.TO,2025-10-21,3672.0,3716.2099609375,3635.10009765625,3678.31005859375,3670.947021484375,65300,-0.008539071721054725,4030.39267578125,82.91700203970038,-0.2897425941435243
CSU.TO,2025-10-22,3693.139892578125,3747.39990234375,3668.4599609375,3690.0,3682.613525390625,49700,0.003178063817857124,4000.7640380859375,83.18051756376794,-0.2874853507806068
CSU.TO,2025-10-23,3738.110107421875,3752.080078125,3657.5,3727.909912109375,3720.447509765625,70600,0.010273677678677151,3977.723453776042,84.03508739036363,-0.2801652049331911
CSU.TO,2025-10-24,3782.889892578125,3825.239990234375,3722.590087890625,3782.389892578125,3774.818359375,33900,0.014614061740330753,3956.2178873697917,85.2631813458405,-0.26964549479524635
CSU.TO,2025-10-27,3823.800048828125,3889.31005859375,3785.260009765625,3844.219970703125,3836.52490234375,39900,0.01634689065647299,3938.015657552083,86.65696924832397,-0.25770646955820176
CSU.TO,2025-10-28,3869.72998046875,3898.030029296875,3745.89990234375,3753.030029296875,3745.517333984375,39800,-0.023721354787447857,3919.8048095703125,84.60134853597953,-0.2753146777502389
CSU.TO,2025-10-29,3731.889892578125,3735.610107421875,3447.77001953125,3453.8798828125,3446.966064453125,125700,-0.07970895417367074,3889.868375651042,77.85786352249438,-0.33307858689177694
CSU.TO,2025-10-30,3403.590087890625,3605.6298828125,3403.590087890625,3586.889892578125,3579.7099609375,77000,0.03851035780517198,3866.8037109375,80.85619770469188,-0.30739520464504844
CSU.TO,2025-10-31,3581.81005859375,3710.8798828125,3581.81005859375,3691.080078125,3683.69140625,64600,0.029047449778659695,3846.228662109375,83.2048640468123,-0.2872768016355166
CSU.TO,2025-11-03,3679.9599609375,3691.889892578125,3509.610107421875,3584.85009765625,3577.673828125,69600,-0.028780255030354418,3818.535205078125,80.81020683977907,-0.30778915705049625
CSU.TO,2025-11-04,3423.81005859375,3604.56005859375,3422.110107421875,3507.030029296875,3500.009765625,52200,-0.021707977370509002,3795.47314453125,79.05598069839499,-0.32281565436486515
CSU.TO,2025-11-05,3524.580078125,3600.239990234375,3500.179931640625,3570.97998046875,3563.831787109375,43500,0.018234812402867284,3781.2007731119793,80.49755167575492,-0.31046732486005
CSU.TO,2025-11-06,3527.760009765625,3571.9599609375,3365.02001953125,3392.8798828125,3386.08837890625,108600,-0.04987424177707689,3756.4258056640624,76.48279732101558,-0.34485724421317454
CSU.TO,2025-11-07,3300.0,3401.1201171875,3300.0,3385.760009765625,3378.982666015625,69000,-0.0020985018982051518,3739.6048828125,76.32229802565739,-0.34623206252978855
CSU.TO,2025-11-10,3570.010009765625,3570.010009765625,3183.3701171875,3304.8798828125,3298.264404296875,150500,-0.023888332583229865,3727.7912434895834,74.4990855869041,-0.3618494884523291
CSU.TO,2025-11-11,3220.830078125,3283.0,3199.010009765625,3257.27001953125,3250.74951171875,87800,-0.01440602897579224,3710.8428955078125,73.42584960126912,-0.3710427032126016
CSU.TO,2025-11-12,3284.1201171875,3382.77001953125,3269.719970703125,3355.72998046875,3349.012451171875,62100,0.030227779500971552,3696.7960611979165,75.64534999268778,-0.35203072072978503
CSU.TO,2025-11-13,3299.659912109375,3323.409912109375,3219.60009765625,3277.56005859375,3270.999267578125,95000,-0.023294384458454886,3678.3440755208335,73.88323812746374,-0.3671247662383733
CSU.TO,2025-11-14,3237.590087890625,3375.139892578125,3237.580078125,3343.010009765625,3336.318115234375,91000,0.019969080489771196,3659.753694661458,75.358618456476,-0.3544868297554047
CSU.TO,2025-11-17,3303.68994140625,3366.659912109375,3211.2099609375,3245.530029296875,3239.033203125,76800,-0.029159363330837795,3633.6726643880206,73.16120912079363,-0.3733095828214078
CSU.TO,2025-11-18,3239.419921875,3281.97998046875,3207.6201171875,3238.35009765625,3231.86767578125,44500,-0.0022122426336466106,3611.741650390625,72.99935877484748,-0.374695974080388
CSU.TO,2025-11-19,3266.27001953125,3299.989990234375,3173.8701171875,3201.659912109375,3195.2509765625,71400,-0.011329888130366728,3590.5917399088544,72.17228420633995,-0.38178059874152515
CSU.TO,2025-11-20,3273.610107421875,3281.5,3155.60009765625,3220.989990234375,3214.54248046875,53800,0.006037555124074778,3569.023673502604,72.60802835066612,-0.37804806502765465
CSU.TO,2025-11-21,3200.2099609375,3325.0,3200.0,3291.409912109375,3284.8212890625,56600,0.021862771769468603,3547.115616861979,74.19544110312785,-0.3644504718217748
CSU.TO,2025-11-24,3330.0,3404.93994140625,3266.6298828125,3382.9599609375,3376.18798828125,166700,0.027814815838832496,3528.7115234375,76.2591736334923,-0.34677277873904055
CSU.TO,2025-11-25,3365.510009765625,3437.77001953125,3357.860107421875,3396.27001953125,3389.4716796875,74000,0.003934523626159869,3510.1241455078125,76.5592171538647,-0.3442026408037385
CSU.TO,2025-11-26,3412.6298828125,3437.449951171875,3374.97998046875,3420.0,3413.154052734375,41800,0.0069870396583631145,3491.815869140625,77.09413944033199,-0.33962055864718443
CSU.TO,2025-11-27,3434.179931640625,3434.179931640625,3381.0,3422.010009765625,3415.159912109375,9100,0.0005876849811079499,3477.3904703776043,77.13944650821252,-0.3392324635676689
CSU.TO,2025-11-28,3422.010009765625,3422.010009765625,3355.6201171875,3382.25,3375.479736328125,28700,-0.011618833906006376,3463.023291015625,76.24317609163234,-0.3469098118239571
CSU.TO,2025-12-01,3368.469970703125,3368.47998046875,3284.550048828125,3319.389892578125,3312.745361328125,94700,-0.018585321169263813,3450.0293538411456,74.82617217700461,-0.3590477027237038
CSU.TO,2025-12-02,3354.260009765625,3354.260009765625,3274.699951171875,3321.0400390625,3314.391845703125,51700,0.0004970150722178879,3438.144181315104,74.86336191237295,-0.35872913977138476
CSU.TO,2025-12-03,3309.469970703125,3318.5,3261.0,3293.419921875,3286.8271484375,44000,-0.00831666820003818,3424.9513020833333,74.24074817100838,-0.3640623767422593
CSU.TO,2025-12-04,3250.010009765625,3342.5,3250.010009765625,3309.97998046875,3303.3544921875,40300,0.0050283580497552105,3411.048201497396,74.61405723469392,-0.3608646546752089
CSU.TO,2025-12-05,3342.6298828125,3389.6298828125,3308.169921875,3325.820068359375,3319.16259765625,31600,0.004785470498590572,3395.8596761067706,74.9711206043707,-0.35780609133555064
CSU.TO,2025-12-08,3327.489990234375,3378.449951171875,3301.43994140625,3336.469970703125,3329.791259765625,47300,0.0032022119425183515,3378.9685546875,75.211194022114,-0.35574965033181283
CSU.TO,2025-12-09,3336.469970703125,3358.0,3317.449951171875,3341.580078125,3334.89111328125,52200,0.0015315835491693797,3365.281013997396,75.32638624959165,-0.35476292709471435
CSU.TO,2025-12-10,3337.610107421875,3343.0,3250.0,3315.0,3308.364013671875,72200,-0.007954412515518205,3360.6609456380206,74.72720910005914,-0.3598954089429085
CSU.TO,2025-12-11,3279.860107421875,3308.72998046875,3231.0,3258.080078125,3251.558349609375,71900,-0.01717031857067408,3349.72255859375,73.44411911391374,-0.37088620868990985
CSU.TO,2025-12-12,3260.929931640625,3299.97998046875,3220.0,3285.389892578125,3278.813232421875,58800,0.008382098637649937,3336.2266194661456,74.05973496468188,-0.3656129148368428
CSU.TO,2025-12-15,3298.35009765625,3338.679931640625,3268.43994140625,3336.0,3329.322265625,79700,0.015404669196670495,3327.948234049479,75.2006006826059,-0.3558403916472642
CSU.TO,2025-12-16,3300.0,3380.010009765625,3226.02001953125,3260.0,3253.474365234375,118900,-0.02278178390051,3319.7303873697915,73.48739684866624,-0.3705154966421934
CSU.TO,2025-12-17,3299.64990234375,3380.0,3298.3701171875,3315.0,3308.364013671875,82700,0.01687108680616456,3311.214794921875,74.72720910005914,-0.3598954089429085
CSU.TO,2025-12-18,3331.080078125,3372.7099609375,3295.43994140625,3325.580078125,3318.92333984375,51900,0.0031917062718123113,3308.9759602864583,74.96571640201883,-0.35785238310501566
CSU.TO,2025-12-19,3349.530029296875,3381.389892578125,3307.260009765625,3375.080078125,3369.720458984375,116900,0.015305300526470278,3308.6672200520834,76.11308922073387,-0.34802412084608125
CSU.TO,2025-12-22,3363.510009765625,3363.510009765625,3275.0,3307.820068359375,3302.567138671875,82900,-0.01992845434209689,3308.81064453125,74.59627299736253,-0.36101699238594864
CSU.TO,2025-12-23,3309.47998046875,3341.719970703125,3267.25,3331.320068359375,3326.02978515625,43800,0.007104366239715665,3311.3199869791665,75.12623224085361,-0.3564774230789034
CSU.TO,2025-12-24,3301.8701171875,3355.889892578125,3295.77001953125,3316.169921875,3310.90380859375,12900,-0.004547757398326913,3310.049698893229,74.78457636237184,-0.35940400763908664
CSU.TO,2025-12-29,3339.97998046875,3363.760009765625,3318.260009765625,3344.590087890625,3339.27880859375,45700,0.008570167434750031,3312.32568359375,75.42549270333421,-0.3539139927265238
CSU.TO,2025-12-30,3339.989990234375,3371.860107421875,3312.760009765625,3313.070068359375,3307.80859375,62900,-0.00942425495072774,3311.3753662109375,74.71466363031374,-0.3600028719791668
CSU.TO,2025-12-31,3315.0,3323.360107421875,3265.300048828125,3301.39990234375,3296.1572265625,31500,-0.0035223825252509444,3313.279500325521,74.45149000476232,-0.3622571866791182
ENB.TO,2025-01-02,61.310001373291016,61.900001525878906,61.220001220703125,61.869998931884766,56.10676193237305,8277600,,,100.0,0.0
ENB.TO,2025-01-03,61.91999816894531,62.75,61.91999816894531,62.25,56.45136260986328,2469700,0.006141874270085168,,100.61418742700852,0.0
ENB.TO,2025-01-06,62.25,62.29999923706055,61.5,61.61000061035156,55.87097930908203,6543500,-0.010281121197946885,,99.5797607718385,-0.010281121197946885
ENB.TO,2025-01-07,62.119998931884766,62.81999969482422,62.0,62.70000076293945,56.85944366455078,5040800,0.017691910320749793,,101.34151696917559,0.0
ENB.TO,2025-01-08,62.84000015258789,63.400001525878906,62.619998931884766,63.29999923706055,57.4035530090332,5971000,0.009569375101389666,,102.31129195839748,0.0
ENB.TO,2025-01-09,63.04999923706055,63.2400016784668,62.83000183105469,62.9900016784668,57.122432708740234,3452800,-0.004897263070958835,,101.81024664654753,-0.004897263070958835
ENB.TO,2025-01-10,63.2400016784668,63.29999923706055,62.279998779296875,62.7400016784668,56.895721435546875,8477600,-0.003968865863072213,,101.40617543412108,-0.008846692353806307
ENB.TO,2025-01-13,62.599998474121094,63.439998626708984,62.40999984741211,62.470001220703125,56.650875091552734,6638600,-0.004303422784989408,,100.96978178821925,-0.013112044081348473
ENB.TO,2025-01-14,62.290000915527344,63.310001373291016,62.20000076293945,63.2400016784668,57.349143981933594,7290200,0.012325827081265617,,102.21431785897397,-0.000947833788111474
ENB.TO,2025-01-15,63.4900016784668,64.0199966430664,63.41999816894531,63.5,57.58492660522461,8655600,0.004111353839305609,,102.63455708713548,0.0
ENB.TO,2025-01-16,63.4900016784668,63.560001373291016,62.75,63.310001373291016,57.412628173828125,9717800,-0.0029920752105438986,,102.3274667731299,-0.0029920752105438986
ENB.TO,2025-01-17,63.5,64.68000030517578,63.349998474121094,64.37999725341797,58.38294982910156,5177300,0.016900840218211144,,104.05688693899688,0.0
ENB.TO,2025-01-20,64.25,64.56999969482422,63.75,63.93000030517578,57.97486877441406,1707400,-0.0069897299790784295,,103.3295573968298,-0.0069897299790784295
ENB.TO,2025-01-21,64.12000274658203,65.62000274658203,64.0999984741211,65.01000213623047,58.95426940917969,7989000,0.01689353775989688,,105.07515917642657,0.0
ENB.TO,2025-01-22,65.0999984741211,65.20999908447266,64.3499984741211,64.4000015258789,58.40108871459961,10766700,-0.009383216858149135,,104.08921617146963,-0.009383216858149135
ENB.TO,2025-01-23,64.19999694824219,64.55999755859375,64.0199966430664,64.48999786376953,58.482704162597656,5977500,0.0013974987417939566,,104.23468072010357,-0.007998831150108465
ENB.TO,2025-01-24,64.25,64.8499984741211,64.05000305175781,64.5999984741211,58.58245849609375,7261600,0.0017057065832446483,,104.41247450121026,-0.006306768225814774
ENB.TO,2025-01-27,64.48999786376953,64.79000091552734,63.689998626708984,64.25,58.26506042480469,9054900,-0.005417971171527869,,103.84677072441481,-0.011690569508909676
ENB.TO,2025-01-28,64.27999877929688,64.83999633789062,63.75,64.05000305175781,58.08369827270508,5625100,-0.003112708555990773,,103.52352599266891,-0.01476688872916565
ENB.TO,2025-01-29,63.97999954223633,64.44999694824219,63.75,63.86000061035156,57.9113883972168,4787300,-0.0029665789302754098,,103.21641528167125,-0.01768966051847143
ENB.TO,2025-01-30,64.11000061035156,64.55999755859375,63.81999969482422,64.43000030517578,58.42829513549805,9974600,0.008925821890778396,,104.13770662068006,-0.008921733386789144
ENB.TO,2025-01-31,64.38999938964844,64.55999755859375,62.81999969482422,62.849998474121094,56.9954719543457,8956700,-0.024522762093769024,,101.5839624162304,-0.03322570993524998
ENB.TO,2025-02-03,58.88999938964844,63.06999969482422,58.88999938964844,62.56999969482422,56.741554260253906,14070400,-0.004455050294086327,,101.13140075459353,-0.03753273802051804
ENB.TO,2025-02-04,62.65999984741211,63.25,62.54999923706055,62.70000076293945,56.85944366455078,12101200,0.0020776555354151682,,101.34151696917559,-0.03553306258601052
ENB.TO,2025-02-05,62.77000045776367,63.52000045776367,62.599998474121094,63.0,57.13150405883789,16697400,0.00478478818562067,,101.82641466228259,-0.030918292578450246
ENB.TO,2025-02-06,63.16999816894531,63.470001220703125,62.72999954223633,63.40999984741211,57.5033073425293,12910100,0.006507850437623697,,102.48908573950416,-0.02461165376471386
ENB.TO,2025-02-07,63.25,63.630001068115234,62.560001373291016,63.5099983215332,57.593990325927734,15895300,0.0015770046557195272,,102.6507115048758,-0.02307346180156622
ENB.TO,2025-02-10,63.79999923706055,64.36000061035156,63.58000183105469,64.1500015258789,58.17437744140625,14852100,0.01007721660183769,,103.68514495904319,-0.013228761472057204
ENB.TO,2025-02-11,64.02999877929688,64.72000122070312,63.650001525878906,64.69000244140625,58.6640739440918,22615600,0.00841773516491462,,104.5579390498442,-0.004922382517774104
ENB.TO,2025-02-12,64.19000244140625,64.88999938964844,64.19000244140625,64.44999694824219,58.44642639160156,14800900,-0.003710065426033249,57.576158650716145,104.17002225515807,-0.008614185582614509
ENB.TO,2025-02-13,64.54000091552734,64.98999786376953,64.4000015258789,64.62000274658203,58.6005973815918,6820300,0.002637817220119798,57.65928649902344,104.444803733683,-0.005999091009561752
ENB.TO,2025-02-14,63.68000030517578,64.25,61.0099983215332,61.08000183105469,56.21063232421875,19160400,-0.040783970883610965,57.65126215616862,100.18512989926401,-0.0465383951401106
ENB.TO,2025-02-18,61.22999954223633,61.36000061035156,59.599998474121094,60.63999938964844,55.80570602416992,23804100,-0.0072037314526768315,57.64908638000488,99.46342312791818,-0.05340687649195952
ENB.TO,2025-02-19,60.900001525878906,60.900001525878906,59.869998931884766,60.209999084472656,55.40999221801758,19109600,-0.007090920164704251,57.60077133178711,98.7581359352099,-0.06011909275921301
ENB.TO,2025-02-20,60.0,60.02000045776367,59.290000915527344,59.459999084472656,54.71977615356445,13441900,-0.012456527005767937,57.511312103271486,97.52795254789366,-0.07182674466246353
ENB.TO,2025-02-21,59.31999969482422,59.849998474121094,58.900001525878906,59.45000076293945,54.71057891845703,10803800,-0.00016807881453340112,57.430916976928714,97.51156016524556,-0.07198275092290218
ENB.TO,2025-02-24,59.66999816894531,59.86000061035156,59.06999969482422,59.25,54.52652359008789,7699800,-0.003364163421547106,57.35194371541341,97.18351534135964,-0.07510475260681215
ENB.TO,2025-02-25,59.0099983215332,59.779998779296875,58.7599983215332,59.630001068115234,54.87622833251953,11592800,0.006413479521647281,57.29278882344564,97.80679982684313,-0.06917295587798722
ENB.TO,2025-02-26,59.709999084472656,60.33000183105469,59.52000045776367,59.93000030517578,55.152313232421875,4196700,0.005031047291177204,57.219561131795246,98.29887046217068,-0.06448992099910267
ENB.TO,2025-02-27,60.22999954223633,60.63999938964844,59.65999984741211,60.27000045776367,55.465206146240234,6044100,0.005673250956850673,57.14890378316243,98.85654462307753,-0.05918253754826752
ENB.TO,2025-02-28,60.27000045776367,61.900001525878906,60.099998474121094,61.810001373291016,56.8824348449707,17091600,0.025551670988002595,57.13123067220052,101.3824945262972,-0.035143079287933365
ENB.TO,2025-03-03,61.939998626708984,62.4900016784668,61.52000045776367,61.869998931884766,56.937652587890625,13646800,0.0009707345170861803,57.08305409749349,101.48091001316217,-0.03420645937094857
ENB.TO,2025-03-04,60.52000045776367,61.5,59.91999816894531,60.13999938964844,55.3455696105957,9172600,-0.027961865390171092,56.99541079203288,98.64331446770208,-0.06121184834871485
ENB.TO,2025-03-05,60.0,61.38999938964844,59.97999954223633,61.0099983215332,56.14621353149414,12485400,0.014466269414727506,56.90180892944336,100.07031523075355,-0.04763108602357313
ENB.TO,2025-03-06,60.630001068115234,60.650001525878906,59.459999084472656,59.52000045776367,54.77499771118164,8015000,-0.024422231421596052,56.78093922932943,97.62637483375602,-0.07089006003943965
ENB.TO,2025-03-07,59.54999923706055,60.75,59.459999084472656,60.380001068115234,55.56644058227539,8670800,0.014448980450293858,56.68373044331869,99.036976415162,-0.0574653686807759
ENB.TO,2025-03-10,60.2599983215332,61.65999984741211,60.029998779296875,61.630001068115234,56.7167854309082,14401800,0.020702151092970134,56.621541341145836,101.08725486469962,-0.03795287433284833
ENB.TO,2025-03-11,61.47999954223633,61.81999969482422,61.0,61.0099983215332,56.14621353149414,8285400,-0.010060018301092266,56.550913111368814,100.07031523075355,-0.04763108602357313
ENB.TO,2025-03-12,61.119998931884766,61.7599983215332,60.77000045776367,61.25,56.3670768737793,6355000,0.003933717492120126,56.49369239807129,100.46396358021875,-0.04388473576771257
ENB.TO,2025-03-13,61.779998779296875,61.779998779296875,60.79999923706055,61.41999816894531,56.52352142333984,8477800,0.0027754596874138837,56.44743016560872,100.74279726117348,-0.04123107639531465
ENB.TO,2025-03-14,61.529998779296875,61.75,61.060001373291016,61.52000045776367,56.61555480957031,5876600,0.0016282316443305689,56.3870054880778,100.90682987161249,-0.03966997849430087
ENB.TO,2025-03-17,61.56999969482422,62.13999938964844,61.52000045776367,62.13999938964844,57.18613052368164,3530200,0.010078073349815142,56.39336077372233,101.92377630455591,-0.029991702097536876
ENB.TO,2025-03-18,62.29999923706055,62.310001373291016,61.470001220703125,62.04999923706055,57.10329818725586,6395000,-0.0014484689848263121,56.405418904622394,101.7761428757624,-0.03139672903207269
ENB.TO,2025-03-19,62.029998779296875,62.869998931884766,61.900001525878906,62.66999816894531,57.67387390136719,4569100,0.00999199227057379,56.43256657918294,102.79308930870583,-0.021718452635308694
ENB.TO,2025-03-20,62.77000045776367,63.34000015258789,62.56999969482422,63.29999923706055,58.2536506652832,4947300,0.010052675929269839,56.46997146606445,103.82643492329473,-0.011884105272066847
ENB.TO,2025-03-21,63.119998931884766,63.4900016784668,62.56999969482422,62.939998626708984,57.92234802246094,10702400,-0.005687242585462715,56.48393948872884,103.2359488011022,-0.01750376006793619
ENB.TO,2025-03-24,63.099998474121094,63.59000015258789,62.779998779296875,63.380001068115234,58.327274322509766,4664100,0.006990847468611117,56.50838228861491,103.95765557244805,-0.01063527871608727
ENB.TO,2025-03-25,63.54999923706055,63.779998779296875,63.11000061035156,63.439998626708984,58.38248825073242,3339000,0.0009466228083514494,56.51531931559245,104.05606426031567,-0.009698723505141671
ENB.TO,2025-03-26,63.560001373291016,63.84000015258789,63.34000015258789,63.56999969482422,58.50212097167969,1976200,0.0020491199421559525,56.50992088317871,104.26928761669375,-0.007669477410733538
ENB.TO,2025-03-27,63.52000045776367,63.900001525878906,63.33000183105469,63.5,58.437705993652344,2747300,-0.0011010708151679705,56.50963020324707,104.15447974718064,-0.008762103588156878
ENB.TO,2025-03-28,63.380001068115234,63.84000015258789,63.25,63.619998931884766,58.54813766479492,2971600,0.0018897331656819727,56.507881546020506,104.35130392191324,-0.0068889284602265954
ENB.TO,2025-03-31,63.400001525878906,64.30999755859375,63.400001525878906,63.689998626708984,58.61256408691406,5886000,0.0011004008784702979,56.58794593811035,104.46613218841844,-0.005796108164685676
ENB.TO,2025-04-01,63.689998626708984,63.900001525878906,63.06999969482422,63.779998779296875,58.69538116455078,5279000,0.001412957766425471,56.684268442789715,104.6137384212225,-0.004391340054306525
ENB.TO,2025-04-02,63.66999816894531,64.66000366210938,63.38999938964844,64.66000366210938,59.50523376464844,2647900,0.013797552448415962,56.820776494344074,106.05715196391418,0.0
ENB.TO,2025-04-03,63.15999984741211,64.77999877929688,63.0,63.869998931884766,58.77820587158203,4244100,-0.012217881471433323,56.95605748494466,104.7613582520213,-0.012217881471433323
ENB.TO,2025-04-04,63.029998779296875,63.56999969482422,61.369998931884766,61.7400016784668,56.81801986694336,8887200,-0.033348857379574715,57.026305516560875,101.2676866567841,-0.045159286464336645
ENB.TO,2025-04-07,57.279998779296875,61.220001220703125,57.099998474121094,59.779998779296875,55.01426696777344,9717900,-0.031746141512744686,57.04256362915039,98.05282834550954,-0.07547179487836997
ENB.TO,2025-04-08,61.0,61.0,57.900001525878906,58.66999816894531,53.99275970458984,7042000,-0.01856804279119062,57.01311467488607,96.23217923299285,-0.09263847415273097
ENB.TO,2025-04-09,57.310001373291016,59.29999923706055,56.5099983215332,58.91999816894531,54.22282791137695,10213200,0.004261093673408878,56.98213183085124,96.64223356310092,-0.08877212169544857
ENB.TO,2025-04-10,58.61000061035156,58.79999923706055,57.22999954223633,58.459999084472656,53.79949951171875,4756000,-0.007807198848981067,56.92660827636719,95.88772842846411,-0.09588625893810732
ENB.TO,2025-04-11,58.63999938964844,60.2400016784668,58.540000915527344,60.04999923706055,55.26274490356445,6926400,0.027198122754412912,56.87261861165364,98.49569463690328,-0.0712960624247545
ENB.TO,2025-04-14,60.779998779296875,61.16999816894531,60.099998474121094,61.04999923706055,56.18302536010742,5343300,0.016652818424942373,56.847464370727536,100.1359255553302,-0.05583052438178493
ENB.TO,2025-04-15,61.290000915527344,61.959999084472656,61.04999923706055,61.779998779296875,56.85483169555664,4009100,0.01195746101501749,56.897773106892906,101.33329698136075,-0.04454065468551072
ENB.TO,2025-04-16,61.900001525878906,62.33000183105469,61.54999923706055,61.90999984741211,56.97446060180664,6970800,0.002104111518447249,56.925381342569985,101.54651353874146,-0.042530261671626435
ENB.TO,2025-04-17,62.11000061035156,63.45000076293945,62.09000015258789,62.81999969482422,57.81191635131836,5234400,0.014698792066934585,57.026611963907875,103.0391246263696,-0.028456613077555315
ENB.TO,2025-04-21,62.630001068115234,62.90999984741211,61.77000045776367,62.2599983215332,57.29655456542969,4410100,-0.008914456022472206,57.08428243001302,102.12058688129379,-0.0371173938741991
ENB.TO,2025-04-22,62.7400016784668,63.52000045776367,62.599998474121094,63.11000061035156,58.078800201416016,8668700,0.013652577225966356,57.12968292236328,103.51479608005167,-0.023971564734526885
ENB.TO,2025-04-23,63.5,63.5,62.66999816894531,63.29999923706055,58.2536506652832,3753900,0.0030105729329945596,57.199930826822914,103.82643492329473,-0.021033159945483493
ENB.TO,2025-04-24,63.54999923706055,64.4800033569336,63.189998626708984,64.25,59.12791442871094,7431600,0.015007879393707402,57.291958745320635,105.38464953650215,-0.006340943679506439
ENB.TO,2025-04-25,64.19000244140625,64.45999908447266,63.7599983215332,64.01000213623047,58.90704727172851,7994400,-0.003735412606996724,57.3714096069336,104.99099438803957,-0.010052670245542461
ENB.TO,2025-04-28,63.900001525878906,64.55000305175781,63.709999084472656,64.44999694824219,59.31196594238281,9334900,0.006873857872836231,57.461289978027345,105.7126875613907,-0.0032479129992165623
ENB.TO,2025-04-29,64.4800033569336,64.9000015258789,64.44999694824219,64.5199966430664,59.37639236450195,7037000,0.001086229753060719,57.534298706054685,105.8275158278959,-0.002165211225890973
ENB.TO,2025-04-30,64.48999786376953,64.62000274658203,63.83000183105469,64.47000122070312,59.330379486083984,9680000,-0.0007749355692663329,57.608534749348955,105.74550632167376,-0.0029384688959634975
ENB.TO,2025-05-01,64.41000366210938,65.1500015258789,63.97999954223633,64.41000366210938,59.27516174316406,10455200,-0.0009306824496693178,57.66191101074219,105.64709083480878,-0.0038664165642023907
ENB.TO,2025-05-02,64.72000122070312,64.7300033569336,64.0999984741211,64.7300033569336,59.56965637207031,4729900,0.004968263607314727,57.70577786763509,106.17197343142202,0.0
ENB.TO,2025-05-05,64.63999938964844,64.79000091552734,63.84000015258789,64.33999633789062,59.21073532104492,18435700,-0.00602523285989065,57.74872411092122,105.53226256830358,-0.00602523285989065
ENB.TO,2025-05-06,64.44000244140625,64.70999908447266,63.439998626708984,63.56999969482422,58.50212097167969,17645000,-0.011967666767235263,57.75455233256022,104.26928761669375,-0.017920791648063705
ENB.TO,2025-05-07,63.66999816894531,64.73999786376953,63.66999816894531,64.73999786376953,59.57884979248047,15140900,0.018404953579751693,57.79443105061849,106.18835901507276,0.0
ENB.TO,2025-05-08,64.83000183105469,65.02999877929688,63.720001220703125,63.790000915527344,58.704586029052734,15974500,-0.014674062464664739,57.80117988586426,104.63014440186535,-0.014674062464664739
ENB.TO,2025-05-09,64.75,64.87999725341797,63.4900016784668,64.30000305175781,59.173927307128906,19433300,0.007994967852152035,57.825720596313474,105.46665904272429,-0.006796413270178103
ENB.TO,2025-05-12,64.55000305175781,64.56999969482422,61.45000076293945,62.290000915527344,57.32417297363281,18481100,-0.031259617498351266,57.78492177327474,102.1698116222197,-0.03784357748934286
ENB.TO,2025-05-13,62.790000915527344,62.790000915527344,61.959999084472656,62.119998931884766,57.167720794677734,16369500,-0.0027292531377127727,57.7367603302002,101.89096434327023,-0.04046954592445062
ENB.TO,2025-05-14,62.31999969482422,62.77000045776367,61.91999816894531,62.75,57.747501373291016,4136900,0.01014174731043771,57.7051643371582,102.9243167568565,-0.03073823052254676
ENB.TO,2025-05-15,61.63999938964844,62.720001220703125,61.63999938964844,62.709999084472656,58.5911865234375,25066200,0.014609898784931685,57.674696095784505,104.42803060718242,-0.016577414174377414
ENB.TO,2025-05-16,62.790000915527344,62.900001525878906,62.54999923706055,62.72999954223633,58.6098747253418,14806100,0.0003189592669678998,57.669085057576496,104.46133889527579,-0.01626374242728279
ENB.TO,2025-05-20,62.599998474121094,63.7599983215332,62.599998474121094,63.5,59.32929992675781,16370600,0.012274812133405755,57.752794392903645,105.74358220541933,-0.004188564676757989
ENB.TO,2025-05-21,63.939998626708984,63.939998626708984,62.310001373291016,63.20000076293945,59.04900360107422,11640100,-0.004724416536679543,57.88728561401367,105.24400547700031,-0.008893192689213736
ENB.TO,2025-05-22,63.77000045776367,63.77000045776367,62.4900016784668,62.65999984741211,58.544471740722656,10632000,-0.00854429083613506,58.03900934855143,104.34477008544503,-0.01736149750055027
ENB.TO,2025-05-23,62.470001220703125,63.2599983215332,62.279998779296875,63.2599983215332,59.10506057739258,7020800,0.009575435903711238,58.20175043741862,105.3439167432857,-0.007952305503348023
ENB.TO,2025-05-26,63.54999923706055,63.720001220703125,63.34000015258789,63.47999954223633,59.31060791015625,2902300,0.0034776604702828617,58.38545405069987,105.71026711832859,-0.004502300451561858
ENB.TO,2025-05-27,63.36000061035156,63.95000076293945,63.349998474121094,63.63999938964844,59.46010208129883,10116300,0.0025205300773349926,58.52536595662435,105.97671302608347,-0.00199311855793205
ENB.TO,2025-05-28,63.529998779296875,63.63999938964844,62.9900016784668,63.06999969482422,58.92754364013672,8287900,-0.008956567892095979,58.61684989929199,105.02752540088419,-0.01093183494834693
ENB.TO,2025-05-29,63.15999984741211,63.31999969482422,62.709999084472656,63.31999969482422,59.1611213684082,5252000,0.0039638124015131115,58.693726221720375,105.44383480856845,-0.007011354289773286
ENB.TO,2025-05-30,63.209999084472656,63.900001525878906,63.08000183105469,63.869998931884766,59.67499542236328,9172500,0.008686009360016733,58.78374404907227,106.35972094467174,0.0
ENB.TO,2025-06-02,63.689998626708984,64.7300033569336,63.52000045776367,64.58000183105469,60.3383674621582,9913800,0.011116415428267024,58.867959086100264,107.54205978752725,0.0
ENB.TO,2025-06-03,64.75,65.08999633789062,64.56999969482422,64.61000061035156,60.366397857666016,9153700,0.00046455342904971886,58.97028719584147,107.59201882016863,0.0
ENB.TO,2025-06-04,64.62000274658203,64.83000183105469,63.869998931884766,63.88999938964844,59.69368362426758,6304600,-0.011143852495300255,59.024116643269856,106.3930292327651,-0.011143852495300255
ENB.TO,2025-06-05,64.19000244140625,64.19999694824219,63.65999984741211,64.0199966430664,59.81513977050781,8341200,0.0020346565811673045,59.07616628011068,106.60950250988387,-0.009131869826952022
ENB.TO,2025-06-06,64.06999969482422,64.16000366210938,63.59000015258789,63.70000076293945,59.51616287231445,4537300,-0.004998348233247296,59.08910789489746,106.07663109136622,-0.014084573794783561
ENB.TO,2025-06-09,63.689998626708984,63.689998626708984,62.65999984741211,62.70000076293945,58.581844329833984,7217900,-0.015698568210537167,59.07826779683431,104.41137986263442,-0.029562034362886958
ENB.TO,2025-06-10,62.77000045776367,63.209999084472656,62.33000183105469,62.72999954223633,58.6098747253418,8789300,0.0004784826396040387,59.05486475626628,104.46133889527579,-0.029097696643517024
ENB.TO,2025-06-11,62.86000061035156,62.880001068115234,62.33000183105469,62.689998626708984,58.57250213623047,7807300,-0.0006376500425305798,59.028068415323894,104.39472911808642,-0.02971679253854531
ENB.TO,2025-06-12,62.849998474121094,63.689998626708984,62.84000015258789,63.689998626708984,59.5068244934082,5820200,0.01595155274406146,59.03394991556804,106.05998714581558,-0.01423926877804671
ENB.TO,2025-06-13,63.470001220703125,63.869998931884766,63.040000915527344,63.369998931884766,59.20783615112305,8049100,-0.005024437866253062,59.03170572916667,105.52709533030583,-0.019192162323063644
ENB.TO,2025-06-16,63.25,63.70000076293945,62.20000076293945,62.40999984741211,58.31088638305664,11901400,-0.01514917325769205,58.989746729532875,103.92844707976604,-0.03405059018853385
ENB.TO,2025-06-17,62.61000061035156,62.81999969482422,62.36000061035156,62.75,58.628562927246094,7865700,0.005447980023876919,58.970340983072916,104.49464718336917,-0.02878811709980522
ENB.TO,2025-06-18,62.61000061035156,62.630001068115234,61.09000015258789,61.650001525878906,57.60081100463867,6127000,-0.017529884262774575,58.940297317504886,102.66286811216524,-0.045813349001677106
ENB.TO,2025-06-19,61.61000061035156,61.790000915527344,61.290000915527344,61.47999954223633,57.44197082519531,1237800,-0.002757603177333201,58.86906801859538,102.37976466086499,-0.04844461714223891
ENB.TO,2025-06-20,62.15999984741211,62.15999984741211,61.369998931884766,61.529998779296875,57.48868560791016,9201300,0.0008132517398646844,58.828538004557295,102.4630251826024,-0.04767076307155216
ENB.TO,2025-06-23,61.619998931884766,62.47999954223633,61.5,61.68000030517578,57.62883758544922,5715900,0.002437905407942864,58.777035013834634,102.71282034580925,-0.045349074474702156
ENB.TO,2025-06-24,61.52000045776367,62.0,61.2599983215332,61.84000015258789,57.77833557128906,5000600,0.0025941523741161987,58.79217376708984,102.97927305256148,-0.042872564509798594
ENB.TO,2025-06-25,61.709999084472656,61.75,60.849998474121094,61.040000915527344,57.0308723449707,5231400,-0.012936738639625744,58.78761215209961,101.64705711178183,-0.05525467198755063
ENB.TO,2025-06-26,60.93000030517578,61.599998474121094,60.93000030517578,61.540000915527344,57.4980354309082,4598400,0.008191406982374527,58.77929662068685,102.4796895251451,-0.047515878511103726
ENB.TO,2025-06-27,61.400001525878906,61.880001068115234,61.04999923706055,61.400001525878906,57.36723327636719,7194900,-0.0022748978040857404,58.73849817911784,102.24655870448096,-0.04968268254750541
ENB.TO,2025-06-30,61.189998626708984,61.77000045776367,60.869998931884766,61.75,57.69424057006836,4967800,0.005700245157820527,58.707977040608725,102.82938915564,-0.04426564086030382
ENB.TO,2025-07-02,61.349998474121094,61.47999954223633,60.189998626708984,60.849998474121094,56.85335159301758,7005400,-0.01457492062885446,58.62544542948405,101.33065897038296,-0.058195393287033936
ENB.TO,2025-07-03,61.06999969482422,61.06999969482422,60.54999923706055,60.90999984741211,56.9094123840332,3414800,0.0009860595628017332,58.554125722249346,101.4305770356657,-0.05726671784829385
ENB.TO,2025-07-04,60.91999816894531,60.97999954223633,60.77000045776367,60.88999938964844,56.890724182128906,814700,-0.00032838507939925154,58.499000803629556,101.39726874757233,-0.05757629739200565
ENB.TO,2025-07-07,60.88999938964844,60.900001525878906,60.130001068115234,60.31999969482422,56.3581657409668,6169700,-0.009361076850721517,58.40743764241537,100.44808112237304,-0.06639839809806058
ENB.TO,2025-07-08,60.29999923706055,60.61000061035156,60.099998474121094,60.54999923706055,56.57305908203125,4574400,0.003812993880108584,58.3161860148112,100.8310890409613,-0.06283858090354888
ENB.TO,2025-07-09,60.65999984741211,60.66999816894531,59.939998626708984,59.95000076293945,56.01246643066406,3570000,-0.009909180455564992,58.20126482645671,99.83193558412329,-0.07212508252136896
ENB.TO,2025-07-10,60.0,60.849998474121094,59.68000030517578,60.79999923706055,56.806636810302734,10934400,0.014178457587147086,58.130567932128905,101.24739844864557,-0.05896924735772058
ENB.TO,2025-07-11,60.900001525878906,61.06999969482422,60.439998626708984,60.970001220703125,56.96547317504883,6542600,0.002796088162664967,58.057379659016924,101.53049510094846,-0.05633804240955387
ENB.TO,2025-07-14,61.0,61.939998626708984,60.77000045776367,61.91999816894531,57.85307312011719,8569800,0.015581367021052506,57.99664891560872,103.11247900894551,-0.04163449910453221
ENB.TO,2025-07-15,61.79999923706055,62.20000076293945,61.099998474121094,62.099998474121094,58.02124786376953,7344900,0.002906928441003931,57.91941159566243,103.41221960679903,-0.03884859917310224
ENB.TO,2025-07-16,62.099998474121094,62.25,61.540000915527344,61.90999984741211,57.84373092651367,6974500,-0.003059516018556807,57.83532269795736,103.09582826439751,-0.04178925728019045
ENB.TO,2025-07-17,61.75,62.06999969482422,61.40999984741211,61.58000183105469,57.53540802001953,5116700,-0.005330273506835903,57.763380177815755,102.54629930233449,-0.04689678261607544
ENB.TO,2025-07-18,61.619998931884766,62.150001525878906,61.470001220703125,61.880001068115234,57.81570053100586,3629200,0.004871652442071772,57.69673220316569,103.04586923175613,-0.042253594999560495
ENB.TO,2025-07-21,61.900001525878906,62.09000015258789,60.95000076293945,61.0099983215332,57.00284576416016,6320900,-0.014059412225054246,57.612954966227214,101.59710487813784,-0.05571894651452536
ENB.TO,2025-07-22,61.119998931884766,61.689998626708984,61.11000061035156,61.5,57.46065902709961,10995600,0.00803141065682178,57.575582122802736,102.41307294895836,-0.04813503759852722
ENB.TO,2025-07-23,62.0,62.349998474121094,61.70000076293945,61.84000015258789,57.77833557128906,7908800,0.005528592076182504,57.54786415100098,102.97927305256148,-0.042872564509798594
ENB.TO,2025-07-24,61.7400016784668,62.189998626708984,61.54999923706055,62.029998779296875,57.955848693847656,7217500,0.0030723128453495896,57.527309036254884,103.29565759596564,-0.039931969595105477
ENB.TO,2025-07-25,62.13999938964844,62.20000076293945,61.65999984741211,61.66999816894531,57.61949157714844,8578700,-0.005803678563591208,57.46439793904622,102.69616280226387,-0.045503895842755604
ENB.TO,2025-07-28,61.709999084472656,61.779998779296875,61.220001220703125,61.33000183105469,57.30182647705078,5587900,-0.005513153472941124,57.40086428324381,102.12998309565285,-0.050766179354298835
ENB.TO,2025-07-29,61.349998474121094,62.20000076293945,61.33000183105469,62.08000183105469,58.00257110595703,3535400,0.012229010347286184,57.390587107340494,103.37893171569775,-0.039157989139628535
ENB.TO,2025-07-30,62.08000183105469,62.470001220703125,62.0,62.25,58.161399841308594,3395700,0.0027383050841214285,57.37501500447591,103.6620147700059,-0.036526910576252125
ENB.TO,2025-07-31,62.0,62.97999954223633,61.9900016784668,62.75,58.628562927246094,5113500,0.008032184356156158,57.40927340189616,104.49464718336917,-0.02878811709980522
ENB.TO,2025-08-01,62.5,63.75,62.150001525878906,63.72999954223633,59.544193267822266,12780600,0.015617478833864773,57.479347483317056,106.12659012400759,-0.013620236075413517
ENB.TO,2025-08-05,64.4000015258789,65.37000274658203,64.19000244140625,64.4000015258789,60.17018508911133,15495200,0.010513062432023101,57.5687307993571,107.24230559167901,-0.003250364035590203
ENB.TO,2025-08-06,64.41999816894531,64.66999816894531,63.75,64.62000274658203,60.37574005126953,7400200,0.0034162261899939317,57.66029421488444,107.60866956471664,0.0
ENB.TO,2025-08-07,64.44000244140625,64.8499984741211,64.25,64.76000213623047,60.50654983520508,9491900,0.002166595122883308,57.751234690348305,107.8418139833755,0.0
ENB.TO,2025-08-08,64.94999694824219,65.11000061035156,64.66999816894531,64.69000244140625,60.441139221191406,15145500,-0.0010810501374119985,57.864910252889,107.72523157555001,-0.0010810501374119985
ENB.TO,2025-08-11,64.69999694824219,65.62000274658203,64.69999694824219,65.47000122070312,61.1699104309082,23348900,0.01205753596155379,57.98730608622233,109.02413242923892,0.0
ENB.TO,2025-08-12,65.51000213623047,65.62999725341797,64.77999877929688,65.2300033569336,60.945674896240234,6665600,-0.0036657816414696898,58.106587473551436,108.62447376610265,-0.0036657816414696898
ENB.TO,2025-08-13,65.25,65.91999816894531,65.13999938964844,65.63999938964844,61.3287467956543,6726500,0.006285464884361991,58.22773768107096,109.3072290815418,0.0
ENB.TO,2025-08-14,65.80000305175781,66.58000183105469,65.66000366210938,66.55000305175781,62.178977966308594,4640100,0.013863501458577732,58.40525856018066,110.82261001134685,0.0
ENB.TO,2025-08-15,65.5,65.73999786376953,64.77999877929688,65.01000213623047,61.6131706237793,20026300,-0.009099656524362287,58.56205050150553,109.81416232511025,-0.009099656524362287
ENB.TO,2025-08-18,64.8499984741211,64.91999816894531,64.43000030517578,64.44000244140625,61.07295608520508,16746100,-0.008767841893300043,58.70145823160807,108.85132911219848,-0.017787714067973415
ENB.TO,2025-08-19,64.5,65.5999984741211,64.31999969482422,65.41999816894531,62.001747131347656,7683100,0.01520789406110934,58.889577611287436,110.50672859374774,-0.0028503336779991395
ENB.TO,2025-08-20,65.76000213623047,66.8499984741211,65.6500015258789,66.62000274658203,63.139041900634766,8031100,0.01834294712498674,59.10844370524089,112.53374767329811,0.0
ENB.TO,2025-08-21,66.61000061035156,66.93000030517578,66.38999938964844,66.69999694824219,63.21486282348633,7375100,0.001200856404677264,59.34852358500163,112.66888454493393,0.0
ENB.TO,2025-08-22,66.77999877929688,67.02999877929688,66.22000122070312,66.33000183105469,62.864200592041016,9768600,-0.005547148499308818,59.550442377726235,112.0438935111117,-0.005547148499308818
ENB.TO,2025-08-25,66.13999938964844,66.29000091552734,65.80000305175781,66.01000213623047,62.56092834472656,9577300,-0.004824244076251705,59.73695755004883,111.50336642156054,-0.010344631777272628
ENB.TO,2025-08-26,66.0199966430664,66.02999877929688,65.12999725341797,65.68000030517578,62.248165130615234,7088300,-0.004999337803747506,59.88346061706543,110.94592342656414,-0.015292253272310097
ENB.TO,2025-08-27,65.48999786376953,65.94000244140625,65.43000030517578,65.69000244140625,62.25763702392578,6842600,0.00015216341382395804,60.02467358907064,110.96280533702256,-0.015142416779949208
ENB.TO,2025-08-28,65.54000091552734,65.94999694824219,65.3499984741211,65.77999877929688,62.34293746948242,3790700,0.0013701201914209094,60.17464714050293,111.11483771711153,-0.013793043519505277
ENB.TO,2025-08-29,65.91999816894531,66.73999786376953,65.80000305175781,66.44999694824219,62.977928161621094,4337300,0.010185447107774026,60.35606447855631,112.24659201956806,-0.003748084726954537
ENB.TO,2025-09-02,66.44999694824219,66.80000305175781,66.16000366210938,66.55999755859375,63.08218002319336,6506100,0.0016553714073401782,60.53161379496257,112.43240181856862,-0.0020989177919037427
ENB.TO,2025-09-03,66.58000183105469,66.88999938964844,66.18000030517578,66.68000030517578,63.1959114074707,6832000,0.0018029082735493418,60.73804931640625,112.63510712602233,-0.000299793674606863
ENB.TO,2025-09-04,66.94000244140625,67.06999969482422,66.5199966430664,66.58000183105469,63.10113525390625,4699400,-0.0014997197042283528,60.92606519063314,112.46618603647757,-0.0017990637723542813
ENB.TO,2025-09-05,66.69999694824219,66.91999816894531,66.38999938964844,66.87000274658203,63.37598419189453,2728800,0.0043556892737721675,61.112653477986655,112.95605379665871,0.0
ENB.TO,2025-09-08,66.83000183105469,67.22000122070312,66.41999816894531,66.75,63.26225280761719,4649200,-0.001794550186912769,61.289533615112305,112.753348489205,-0.001794550186912769
ENB.TO,2025-09-09,66.55000305175781,67.3499984741211,66.5,66.9800033569336,63.480247497558594,3527600,0.003445888824167076,61.48489214579264,113.14188399265137,0.0
ENB.TO,2025-09-10,67.08000183105469,67.43000030517578,66.91999816894531,67.3499984741211,63.83089828491211,4020400,0.005523777886452086,61.702527872721355,113.7668546294815,0.0
ENB.TO,2025-09-11,67.5,67.56999969482422,67.12999725341797,67.5,63.97306442260742,4328900,0.002227230722349427,61.9015443166097,114.02023966329733,0.0
ENB.TO,2025-09-12,67.75,68.02999877929688,67.51000213623047,67.9800033569336,64.42798614501953,2824400,0.00711114476878727,62.110430526733396,114.83105409411485,0.0
ENB.TO,2025-09-15,67.87999725341797,67.98999786376953,67.4000015258789,67.58000183105469,64.04888916015625,6108200,-0.005884042130542166,62.2911080678304,114.15538333393052,-0.005884042130542166
ENB.TO,2025-09-16,67.58000183105469,67.61000061035156,67.19999694824219,67.25,63.736122131347656,6169700,-0.004883254540551163,62.43083902994792,113.59793353993673,-0.010738563395642609
ENB.TO,2025-09-17,67.25,67.91000366210938,67.25,67.61000061035156,64.07730865478516,4836800,0.0053531107953881385,62.56107648213705,114.20603586430316,-0.005442937319894536
ENB.TO,2025-09-18,67.56999969482422,67.87000274658203,67.1500015258789,67.77999877929688,64.23843383789062,3384200,0.0025145435488485024,62.68983294169108,114.49321191502531,-0.002942080273970471
ENB.TO,2025-09-19,68.81999969482422,68.81999969482422,67.62999725341797,68.36000061035156,64.78813171386719,11337400,0.008557149406284603,62.83255233764648,115.4729474353876,0.0
ENB.TO,2025-09-22,68.36000061035156,68.55000305175781,67.98999786376953,68.0,64.44693756103516,2925500,-0.005266306402211041,62.96607894897461,114.86483151302643,-0.005266306402211041
ENB.TO,2025-09-23,68.11000061035156,68.9000015258789,67.76000213623047,68.63999938964844,65.05349731445312,2833300,0.009411769998279862,63.09553184509277,115.94591288811822,0.0
ENB.TO,2025-09-24,68.83000183105469,69.72000122070312,68.73999786376953,69.4800033569336,65.849609375,3693900,0.012237805704721216,63.2589963277181,117.36483644229952,0.0
ENB.TO,2025-09-25,69.4000015258789,69.72000122070312,68.6500015258789,69.11000061035156,65.49893188476562,2721100,-0.005325430075634019,63.398002497355144,116.73981821248785,-0.005325430075634019
ENB.TO,2025-09-26,69.30999755859375,69.69000244140625,68.9000015258789,69.08999633789062,65.47998046875,2370100,-0.00028933931394437007,63.50803591410319,116.70604079357625,-0.005613228533293824
ENB.TO,2025-09-29,68.88999938964844,69.38999938964844,68.8499984741211,69.2300033569336,65.61267852783203,2978900,0.002026543962476701,63.641352844238284,116.94255071593102,-0.003598060025211347
ENB.TO,2025-09-30,69.20999908447266,70.25,69.19999694824219,70.20999908447266,66.54146575927734,4628800,0.014155606085359373,63.82363650004069,118.59794339848291,0.0
ENB.TO,2025-10-01,70.19999694824219,70.38999938964844,68.91999816894531,69.16000366210938,65.54632568359375,3337000,-0.014955187180331175,63.941789118448895,116.82428895575627,-0.014955187180331175
ENB.TO,2025-10-02,69.5199966430664,69.80000305175781,69.08999633789062,69.38999938964844,65.7643051147461,2699200,0.003325578190371381,64.0292978922526,117.21279726321319,-0.011679343634279582
ENB.TO,2025-10-03,69.25,70.33000183105469,68.97000122070312,69.87999725341797,66.22870635986328,2393200,0.007061600427570758,64.12975934346517,118.04050720248387,-0.0047002180647103264
ENB.TO,2025-10-06,70.01000213623047,70.01000213623047,69.05999755859375,69.43000030517578,65.80221557617188,1820900,-0.006439666530311028,64.22769317626953,117.2803656990311,-0.011109616758064877
ENB.TO,2025-10-07,69.47000122070312,69.54000091552734,68.73999786376953,69.01000213623047,65.40416717529297,2491400,-0.006049164110866867,64.32246780395508,116.57091751993516,-0.01709157697395347
ENB.TO,2025-10-08,69.11000061035156,69.19000244140625,68.0999984741211,68.45999908447266,64.88289642333984,4887400,-0.007969992960173977,64.41029218037923,115.64184812794026,-0.024925350185966644
ENB.TO,2025-10-09,68.27999877929688,68.37000274658203,67.12999725341797,67.31999969482422,63.80247116088867,3001500,-0.016651927118076615,64.46178665161133,113.71618850111412,-0.04116222218935406
ENB.TO,2025-10-10,67.31999969482422,67.3499984741211,66.68000030517578,66.7699966430664,63.281211853027344,4783000,-0.008169892143313429,64.49306246439616,112.78713950611132,-0.04899582341700148
ENB.TO,2025-10-14,67.16000366210938,67.18000030517578,66.37999725341797,66.75,63.26225280761719,5977200,-0.0002995999105419589,64.50253995259602,112.753348489205,-0.04928074418323081
ENB.TO,2025-10-15,66.7300033569336,67.37000274658203,66.54000091552734,66.88999938964844,63.39493560791016,5453300,0.0020973454849366746,64.51296513875326,112.98983121557032,-0.0472867574446012
ENB.TO,2025-10-16,66.9800033569336,67.05999755859375,66.29000091552734,66.37999725341797,62.911582946777344,6582700,-0.007624468050922761,64.50348752339681,112.12834385738803,-0.05455068912415584
ENB.TO,2025-10-17,66.27999877929688,66.36000061035156,65.68000030517578,65.9800033569336,62.53248977661133,5233000,-0.006025808800371846,64.48453267415364,111.45267989620106,-0.06024778590193702
ENB.TO,2025-10-20,66.16999816894531,66.61000061035156,66.0,66.23999786376953,62.778900146484375,6310400,0.003940517493439266,64.46462987263997,111.89186113102274,-0.05654467586278533
ENB.TO,2025-10-21,66.31999969482422,66.31999969482422,65.77999877929688,66.29000091552734,62.8262939453125,5671400,0.000754931971052919,64.45009791056314,111.97633187429116,-0.055832431275333994
ENB.TO,2025-10-22,66.33999633789062,66.94000244140625,66.29000091552734,66.7300033569336,63.24330520629883,6545000,0.00663752761462133,64.44219983418783,112.71957786929077,-0.04956549296509416
ENB.TO,2025-10-23,66.97000122070312,67.02999877929688,65.94999694824219,65.9800033569336,62.53248977661133,8561900,-0.01123937826096899,64.3989195505778,111.45267989620106,-0.06024778590193702
ENB.TO,2025-10-24,66.18000030517578,66.44999694824219,65.5199966430664,65.6500015258789,62.2197265625,7405900,-0.005001611405984763,64.34047495524088,110.89523690120465,-0.06494806129476938
ENB.TO,2025-10-27,65.58000183105469,66.19000244140625,65.41000366210938,66.18000030517578,62.7220344543457,8476700,0.008073129208324925,64.28360989888509,111.79050847729587,-0.057399266177107444
ENB.TO,2025-10-28,66.19999694824219,66.36000061035156,65.63999938964844,65.6500015258789,62.2197265625,5525400,-0.00800847574884267,64.22263781229655,110.89523690120465,-0.06494806129476938
ENB.TO,2025-10-29,65.66000366210938,65.81999969482422,64.93000030517578,65.12000274658203,61.71742630004883,5002000,-0.008073006588137477,64.15534795125326,109.99997892310817,-0.07249674175618737
ENB.TO,2025-10-30,65.29000091552734,66.0,65.29000091552734,65.70999908447266,62.27659225463867,4180800,0.00906009838892774,64.09532407124837,110.99658955493152,-0.06409347098044738
ENB.TO,2025-10-31,65.91000366210938,65.91000366210938,65.25,65.4000015258789,61.982791900634766,2798600,-0.004717669085081089,64.02013600667318,110.47294437583878,-0.06850876827892838
ENB.TO,2025-11-03,65.7300033569336,65.7300033569336,65.0199966430664,65.5199966430664,62.09651947021485,8782400,0.0018348248940189826,63.930415598551434,110.67564288429516,-0.06679964497840607
ENB.TO,2025-11-04,65.52999877929688,65.62999725341797,64.80999755859375,65.4000015258789,61.982791900634766,7589500,-0.001831464477403344,63.84827740987142,110.47294437583878,-0.06850876827892838
ENB.TO,2025-11-05,65.5,66.25,65.36000061035156,65.77999877929688,62.34293746948242,11394700,0.005810412177383206,63.75792541503906,111.11483771711153,-0.06309642028301055
ENB.TO,2025-11-06,65.4800033569336,66.36000061035156,65.30000305175781,66.23999786376953,62.778900146484375,9791400,0.00699297618459771,63.65556844075521,111.89186113102274,-0.05654467586278533
ENB.TO,2025-11-07,65.0,67.0999984741211,64.04000091552734,66.94000244140625,63.44233322143555,14679900,0.01056777155068267,63.58701515197754,113.07430875783609,-0.04657445552902795
ENB.TO,2025-11-10,66.98999786376953,67.44999694824219,66.3499984741211,67.1500015258789,63.641353607177734,18686000,0.003137028158272992,63.52572758992513,113.4290260483867,-0.04358353274920568
ENB.TO,2025-11-11,67.19999694824219,67.81999969482422,67.1500015258789,67.68000030517578,64.14366149902344,3897400,0.007892790825068996,63.47676035563151,114.32429762447791,-0.036034737631543634
ENB.TO,2025-11-12,68.0,68.4000015258789,67.31999969482422,68.25,64.68387603759766,12805200,0.008421947328068224,63.41484069824219,115.28713083738967,-0.027916272965789024
ENB.TO,2025-11-13,68.44000244140625,68.48999786376953,67.29000091552734,67.76000213623047,64.219482421875,9725800,-0.007179433951248204,63.37061258951823,114.45943449611373,-0.034895283879114225
ENB.TO,2025-11-14,66.30000305175781,67.16000366210938,65.7699966430664,67.16000366210938,64.54915618896484,17076600,0.005133547556863238,63.33010762532552,115.04701744643121,-0.029940872921554562
ENB.TO,2025-11-17,67.19999694824219,67.98999786376953,67.0,67.11000061035156,64.50108337402344,18957400,-0.0007447473798213311,63.27252019246419,114.96133648163173,-0.03066332191471799
ENB.TO,2025-11-18,66.73999786376953,67.75,66.58999633789062,67.51000213623047,64.88554382324219,12577300,0.005960527003699756,63.241964467366536,115.6465666321119,-0.024885564469314114
ENB.TO,2025-11-19,67.36000061035156,68.4000015258789,67.05999755859375,68.38999938964844,65.73133087158203,6562900,0.013035061409732318,63.25286992390951,117.15402672998619,-0.01217488792065513
ENB.TO,2025-11-20,68.19999694824219,68.54000091552734,67.86000061035156,68.12999725341797,65.48143768310547,9171600,-0.003801736328217231,63.27282129923503,116.70863801056986,-0.01593033853517245
ENB.TO,2025-11-21,67.93000030517578,68.12999725341797,67.30999755859375,67.5999984741211,64.9720458984375,6147600,-0.007779178385379226,63.31180712381999,115.800740696371,-0.023585591975347042
ENB.TO,2025-11-24,67.5,67.6500015258789,66.6500015258789,66.77999877929688,64.18392181396484,13699200,-0.012130202667538392,63.34189745585124,114.39605424267295,-0.035429696632190644
ENB.TO,2025-11-25,66.5,67.3499984741211,66.5,67.08000183105469,64.47225952148438,11051400,0.004492366614107235,63.38223101298014,114.90996325753834,-0.031096493204381792
ENB.TO,2025-11-26,66.95999908447266,67.4800033569336,66.95999908447266,67.47000122070312,64.84709167480469,4200300,0.005813851664302261,63.43063621520996,115.5780327386681,-0.0254634319388497
ENB.TO,2025-11-27,67.48999786376953,67.62999725341797,67.38999938964844,67.41999816894531,64.79904174804688,682700,-0.000740972733191736,63.49355150858561,115.4923925678528,-0.026185536963281186
ENB.TO,2025-11-28,67.5199966430664,68.22000122070312,67.27999877929688,67.93000030517578,65.28921508789062,6573400,0.007564515255482629,63.58544235229492,116.3660365333245,-0.018819102601630444
ENB.TO,2025-12-01,68.11000061035156,68.79000091552734,67.83000183105469,68.44000244140625,65.77938842773438,9279900,0.007507722970538033,63.68545862833659,117.2396804987962,-0.011452668239979591
ENB.TO,2025-12-02,68.80000305175781,68.80000305175781,67.08999633789062,67.29000091552734,64.67408752441406,7833500,-0.016803149584380894,63.74705174763997,115.26968461014991,-0.028063376926783845
ENB.TO,2025-12-03,67.23999786376953,67.83000183105469,66.56999969482422,66.62999725341797,64.03974914550781,8642700,-0.009808230826090725,63.77359987894694,114.13909293624287,-0.03759635567421715
ENB.TO,2025-12-04,66.66999816894531,67.41999816894531,66.62000274658203,67.26000213623047,64.645263671875,8812700,0.00945529197797712,63.84402567545573,115.21831138605653,-0.028496548216447648
ENB.TO,2025-12-05,67.22000122070312,67.2300033569336,66.31999969482422,66.58000183105469,63.99169158935547,6170100,-0.010110130973197351,63.90309117635091,114.05343916743286,-0.03831857535489258
ENB.TO,2025-12-08,66.4000015258789,66.94000244140625,65.69999694824219,66.80999755859375,64.2127456665039,11003400,0.003454418404298165,63.95278155008952,114.44742746676633,-0.03499652534252695
ENB.TO,2025-12-09,66.80999755859375,67.2699966430664,65.8499984741211,65.87000274658203,63.30929946899414,6054600,-0.014069577435637415,63.98910064697266,112.83720052371316,-0.0485737164548794
ENB.TO,2025-12-10,65.80000305175781,66.0999984741211,64.83000183105469,65.12999725341797,62.59806060791016,6601900,-0.011234350514845115,64.01845512390136,111.56954786191592,-0.05926237281326163
ENB.TO,2025-12-11,65.13999938964844,65.55000305175781,64.88999938964844,65.23999786376953,62.70378494262695,6281900,0.001688939460585015,64.03269488016764,111.75798207389953,-0.057673523912648905
ENB.TO,2025-12-12,65.23999786376953,65.7699966430664,65.08000183105469,65.45999908447266,62.91523361206055,2022000,0.003372183507376336,64.0637762705485,112.13485049786678,-0.05449582611142312
ENB.TO,2025-12-15,65.55000305175781,65.87000274658203,65.20999908447266,65.66000366210938,63.10746383666992,3184800,0.0030553844208014436,64.097474416097,112.47746557310687,-0.05160694738872129
ENB.TO,2025-12-16,65.5999984741211,65.63999938964844,64.22000122070312,64.2300033569336,61.73305130004883,6685000,-0.02177892206503884,64.0891497294108,110.02782761631708,-0.0722619257685666
ENB.TO,2025-12-17,64.2300033569336,64.86000061035156,63.66999816894531,64.66000366210938,62.146339416503906,3335300,0.006694762493535622,64.0825964609782,110.764437789888,-0.06605093970537701
ENB.TO,2025-12-18,64.75,64.83999633789062,64.37999725341797,64.43000030517578,61.92527389526367,3172100,-0.003557176871813117,64.05414225260417,110.37042909356244,-0.06937316170210861
ENB.TO,2025-12-19,64.87999725341797,65.18000030517578,64.30000305175781,64.30000305175781,61.80033493041992,10887300,-0.0020175762977659994,63.99940897623698,110.147748331849,-0.07125077235312338
ENB.TO,2025-12-22,64.30000305175781,64.44999694824219,63.869998931884766,64.4000015258789,61.89644241333008,3489000,0.0015551288357638082,63.94124526977539,110.31904227147432,-0.06980644764801636
ENB.TO,2025-12-23,64.52999877929688,65.06999969482422,64.5,64.98999786376953,62.463504791259766,3059300,0.009161469638965247,63.88524004618327,111.32972682784415,-0.06128450765978233
ENB.TO,2025-12-24,64.93000030517578,65.12000274658203,64.7699966430664,64.87999725341797,62.3577766418457,1524600,-0.001692638761903953,63.8077033996582,111.14128581686316,-0.0628734138885172
ENB.TO,2025-12-29,64.95999908447266,65.7300033569336,64.95999908447266,65.33000183105469,62.790287017822266,2876500,0.006935949279601505,63.760063552856444,111.91215613815862,-0.05637355141868183
ENB.TO,2025-12-30,65.66999816894531,65.94000244140625,65.43000030517578,65.77999877929688,63.22279739379883,3064700,0.0068881732592462885,63.715851593017575,112.68302645945408,-0.04987368894884647
ENB.TO,2025-12-31,65.98999786376953,66.05000305175781,65.30000305175781,65.68000030517578,63.126686096191406,2432500,-0.0015202000159653117,63.67003835042318,112.51172572083141,-0.051318070982075414
RY.TO,2025-01-02,173.77999877929688,174.30999755859375,172.0800018310547,172.27000427246094,163.31764221191406,4303700,,,100.0,0.0
RY.TO,2025-01-03,172.86000061035156,173.9499969482422,171.80999755859375,173.91000366210938,164.87240600585938,2992000,0.00951987656010811,,100.9519876560108,0.0
RY.TO,2025-01-06,174.1699981689453,175.35000610351562,173.14999389648438,174.25,165.19471740722656,3381100,0.0019549141616561627,,101.14934012632688,0.0
RY.TO,2025-01-07,175.1999969482422,176.41000366210938,174.1699981689453,174.27999877929688,165.22317504882812,3295900,0.00017226726161845285,,101.16676484616495,0.0
RY.TO,2025-01-08,174.08999633789062,175.24000549316406,173.25,175.00999450683594,165.9152374267578,5609800,0.004188651971644752,,101.59051721520277,0.0
RY.TO,2025-01-09,174.8800048828125,175.3300018310547,174.39999389648438,174.47000122070312,165.40330505371094,1283400,-0.0030855054724727715,,101.27705911838392,-0.0030855054724727715
RY.TO,2025-01-10,174.08999633789062,174.4199981689453,170.39999389648438,170.9199981689453,162.03778076171875,3929500,-0.02034738236276057,,99.21633607192625,-0.02337010587560251
RY.TO,2025-01-13,170.1999969482422,171.41000366210938,169.7100067138672,170.80999755859375,161.93350219726562,3649400,-0.000643544758283654,,99.15248591891105,-0.02399861092474942
RY.TO,2025-01-14,171.3000030517578,171.36000061035156,169.07000732421875,170.3800048828125,161.52586364746094,4242700,-0.00251732065491983,,98.90288731812073,-0.02645551938069901
RY.TO,2025-01-15,171.35000610351562,171.8300018310547,170.6699981689453,171.57000732421875,162.65403747558594,3359900,0.006984477919816712,,99.59367235080025,-0.01965581945185424
RY.TO,2025-01-16,172.19000244140625,172.9499969482422,171.3000030517578,172.86000061035156,163.87698364257812,5604200,0.007518695422336297,,100.34248683919786,-0.012284910149252926
RY.TO,2025-01-17,173.75,174.3800048828125,173.22999572753906,174.27999877929688,165.22317504882812,4688000,0.008214645988274372,,101.16676484616495,-0.0041711803488524435
RY.TO,2025-01-20,174.36000061035156,174.7100067138672,173.5399932861328,173.7899932861328,164.75863647460938,3348300,-0.0028115824192427308,,100.88232614871181,-0.00697103515075892
RY.TO,2025-01-21,173.50999450683594,175.64999389648438,173.50999450683594,175.5,166.37977600097656,8277200,0.009839481322831967,,101.8749559126559,0.0
RY.TO,2025-01-22,175.66000366210938,175.89999389648438,174.07000732421875,174.11000061035156,165.06202697753906,7485300,-0.007920127404365318,,101.06809328251357,-0.007920127404365318
RY.TO,2025-01-23,174.6300048828125,175.6699981689453,174.47999572753906,175.5800018310547,166.45562744140625,8055300,0.008442889557249922,,101.92140003185968,0.0
RY.TO,2025-01-24,175.42999267578125,176.24000549316406,175.0800018310547,175.9600067138672,166.81588745117188,6103600,0.0021643005724900632,,102.14198857629762,0.0
RY.TO,2025-01-27,173.58999633789062,176.35000610351562,173.58999633789062,176.19000244140625,168.45077514648438,10690700,0.009800551495978027,,103.14303639524123,0.0
RY.TO,2025-01-28,176.0,177.57000732421875,175.47999572753906,177.02999877929688,169.2538604736328,8045800,0.004767477777707363,,103.6347685291808,0.0
RY.TO,2025-01-29,177.10000610351562,177.6199951171875,175.5500030517578,176.02999877929688,168.2978057861328,8978900,-0.005648643314986268,,103.04937268672829,-0.005648643314986268
RY.TO,2025-01-30,176.6699981689453,179.3000030517578,176.61000061035156,178.6699981689453,170.82183837890625,4498600,0.014997418302534982,,104.594847234725,0.0
RY.TO,2025-01-31,178.9600067138672,179.3000030517578,176.86000061035156,177.17999267578125,169.3972625732422,4915100,-0.008339541473053047,,103.72257416834334,-0.008339541473053047
RY.TO,2025-02-03,169.75999450683594,175.0,169.75999450683594,173.08999633789062,165.48692321777344,6847900,-0.02308384029392474,,101.32825883136655,-0.031230873123489267
RY.TO,2025-02-04,173.52999877929688,174.5800018310547,169.85000610351562,169.9199981689453,162.45619201660156,4465600,-0.018314022293976495,,99.47253084011909,-0.0489729325108218
RY.TO,2025-02-05,170.0500030517578,170.6999969482422,168.55999755859375,170.41000366210938,162.92465209960938,2467300,0.002883608665159132,,99.75937069199496,-0.04623054261820925
RY.TO,2025-02-06,170.82000732421875,171.58999633789062,170.22000122070312,170.8800048828125,163.37400817871094,2545300,0.0027580606943806707,,100.03451309119669,-0.04359998856630387
RY.TO,2025-02-07,170.82000732421875,171.00999450683594,169.60000610351562,170.44000244140625,162.95333862304688,2922100,-0.0025748866686547967,,99.77693555703279,-0.046062610205645727
RY.TO,2025-02-10,170.7899932861328,171.3699951171875,168.72999572753906,168.8800048828125,161.4618682861328,4557600,-0.00915274488707607,,98.86370272026504,-0.054793755772676644
RY.TO,2025-02-11,168.25,169.5800018310547,167.4499969482422,169.05999755859375,161.63394165039062,1635100,0.001065721374862827,,98.96906388145212,-0.053786429274549796
RY.TO,2025-02-12,168.2100067138672,169.22999572753906,167.99000549316406,169.1300048828125,161.70089721679688,1511300,0.0004142419947357201,164.82877146402996,99.01006102389148,-0.05339446787756652
RY.TO,2025-02-13,169.38999938964844,169.77000427246094,168.02999877929688,169.33999633789062,161.9016571044922,3706100,0.0012415508581016255,164.7815719604492,99.13298705011638,-0.05221920896687626
RY.TO,2025-02-14,169.66000366210938,169.9499969482422,168.50999450683594,168.6699981689453,161.26109313964844,2858500,-0.003956500361391169,164.66119486490885,98.74076735102682,-0.055969104009118364
RY.TO,2025-02-18,168.6199951171875,171.60000610351562,168.5,171.5399932861328,164.00498962402344,7054000,0.017015241748354226,164.6215372721354,100.42086537792255,-0.039906190095918004
RY.TO,2025-02-19,171.0,171.55999755859375,169.25999450683594,171.52000427246094,163.98590087890625,2467400,-0.00011639124615014929,164.58029479980468,100.40917726826174,-0.04001793661087383
RY.TO,2025-02-20,171.0399932861328,171.82000732421875,169.27000427246094,169.39999389648438,161.95901489257812,2708800,-0.012360123495158692,164.44842071533202,99.16810743717875,-0.05188343346750057
RY.TO,2025-02-21,169.5500030517578,170.58999633789062,168.80999755859375,169.22000122070312,161.78692626953125,2685800,-0.0010625442687522968,164.32787475585937,99.06273693297837,-0.05289084929137877
RY.TO,2025-02-24,169.7899932861328,170.19000244140625,168.52999877929688,169.13999938964844,161.71043395996094,3969400,-0.00047279660559762515,164.31696319580078,99.01590040721524,-0.05333863928296434
RY.TO,2025-02-25,171.1699981689453,172.4199981689453,169.89999389648438,170.69000244140625,163.19235229492188,5163400,0.0091640242294313,164.35892486572266,99.92328451764591,-0.044663411636286954
RY.TO,2025-02-26,171.3800048828125,171.92999267578125,170.13999938964844,171.4199981689453,163.8903045654297,2702300,0.004276868742270956,164.43773956298827,100.35064328982448,-0.04057756244316646
RY.TO,2025-02-27,171.75,172.88999938964844,164.05999755859375,166.52000427246094,159.2055206298828,6201700,-0.028584875401684195,164.32278900146486,97.482132654906,-0.06800253327830863
RY.TO,2025-02-28,166.99000549316406,171.07000732421875,166.2899932861328,170.97999572753906,163.4696044921875,4373100,0.026783517590559747,164.30920969645183,100.09304706963394,-0.04304036273401113
RY.TO,2025-03-03,170.0399932861328,172.1300048828125,168.3699951171875,169.55999755859375,162.11196899414062,3371100,-0.008305124994119395,164.20550282796225,99.26176180267836,-0.05098803213583236
RY.TO,2025-03-04,166.6199951171875,166.80999755859375,162.8000030517578,163.02000427246094,155.85926818847656,4114500,-0.03857026007678721,163.9088572184245,95.43320983426896,-0.08759167055233685
RY.TO,2025-03-05,163.25999450683594,165.57000732421875,162.6199951171875,165.55999755859375,158.2876739501953,3531900,0.015580759424471013,163.63912048339844,96.92013171780175,-0.07337565587432937
RY.TO,2025-03-06,163.89999389648438,166.0399932861328,163.13999938964844,163.41000366210938,156.2321319580078,3656700,-0.012986115348654792,163.34479064941405,95.66151570770757,-0.08540890649201693
RY.TO,2025-03-07,162.69000244140625,165.6999969482422,162.64999389648438,165.3800048828125,158.1156005859375,3433300,0.012055577840004883,163.06678975423176,96.81477055661469,-0.07438298237245622
RY.TO,2025-03-10,163.05999755859375,164.72000122070312,162.3000030517578,163.16000366210938,155.99310302734375,3566600,-0.013423707406026275,162.7060302734375,95.51515740408112,-0.08680819438712706
RY.TO,2025-03-11,162.19000244140625,162.94000244140625,158.85000610351562,159.00999450683594,152.025390625,4484900,-0.02543517838508702,162.15851745605468,93.08571233702865,-0.11003539086269021
RY.TO,2025-03-12,159.66000366210938,160.64999389648438,158.9199981689453,160.0,152.97189331054688,3435400,0.006225951347045733,161.61578521728515,93.66525945314409,-0.10449451450560876
RY.TO,2025-03-13,159.97000122070312,160.0399932861328,156.92999267578125,157.0500030517578,150.1514892578125,3086500,-0.01843740043805764,161.0109079996745,91.93831555747191,-0.12100530773614604
RY.TO,2025-03-14,158.1199951171875,160.52999877929688,157.82000732421875,160.0,152.97189331054688,2657000,0.018783723469380398,160.41590983072916,93.66525945314409,-0.10449451450560876
RY.TO,2025-03-17,160.0,161.02999877929688,159.27999877929688,161.02999877929688,153.9566650390625,4075600,0.006437599138009231,159.9012232462565,94.26823884666106,-0.09872960916410745
RY.TO,2025-03-18,161.1300048828125,161.5399932861328,159.99000549316406,160.83999633789062,153.77500915527344,2429300,-0.0011799156843451675,159.51082611083984,94.15701027311029,-0.09979303223409064
RY.TO,2025-03-19,161.0500030517578,163.86000061035156,160.75,163.6199951171875,156.4329071044922,2751100,0.01728432964380411,159.31004994710287,95.78445107694579,-0.08423355825557521
RY.TO,2025-03-20,162.61000061035156,163.82000732421875,161.80999755859375,162.9499969482422,155.79232788085938,2501200,-0.004094913503109199,159.07230580647786,95.3922220348429,-0.08798354262356878
RY.TO,2025-03-21,161.88999938964844,163.42999267578125,161.75,162.9199981689453,155.76365661621094,6927700,-0.00018403515139953086,158.8186274210612,95.37466651281838,-0.08815138571038095
RY.TO,2025-03-24,163.75,166.24000549316406,163.66000366210938,166.0,158.70834350585938,4029400,0.01890483925209785,158.6771275838216,97.17770925196565,-0.07091303423498752
RY.TO,2025-03-25,167.07000732421875,167.8000030517578,166.13999938964844,166.64999389648438,159.3297882080078,3644700,0.00391563977306264,158.6060582478841,97.55822215536777,-0.06727506435920383
RY.TO,2025-03-26,167.02000427246094,167.6999969482422,165.5,166.08999633789062,158.79440307617188,2199400,-0.0033602324954891127,158.51140696207682,97.23040384707916,-0.07040923699729695
RY.TO,2025-03-27,165.58999633789062,166.08999633789062,163.6199951171875,164.24000549316406,157.0256805419922,2334700,-0.011138443798496156,158.35556640625,96.14740845832338,-0.08076343146660381
RY.TO,2025-03-28,163.88999938964844,164.24000549316406,160.3300018310547,160.5800018310547,153.5264434814453,3935900,-0.02228448906235503,158.0763926188151,94.0048125861601,-0.10124814872380294
RY.TO,2025-03-31,159.88999938964844,162.77999877929688,159.57000732421875,162.10000610351562,154.97967529296875,4138800,0.009465677563872399,157.86701202392578,94.89463183155294,-0.09274085348968908
RY.TO,2025-04-01,162.0,162.77999877929688,159.5399932861328,162.69000244140625,155.5437469482422,3010800,0.003639649226307551,157.58497060139973,95.24001500487938,-0.08943874843903254
RY.TO,2025-04-02,161.92999267578125,164.27000427246094,160.91000366210938,164.27000427246094,157.05435180664062,2743700,0.009711768476948768,157.35391896565756,96.1649639803479,-0.08059558837979164
RY.TO,2025-04-03,160.0,165.5,159.99000549316406,162.2100067138672,155.08485412597656,6510200,-0.012540229914092649,157.1247802734375,94.95903322235391,-0.0921251310855401
RY.TO,2025-04-04,159.9499969482422,161.49000549316406,156.61000061035156,157.82000732421875,150.88768005371094,8777000,-0.027063726473613103,156.7614720662435,92.38908792102538,-0.11669560821010849
RY.TO,2025-04-07,151.72000122070312,158.97000122070312,151.25,155.5399932861328,148.7078094482422,9351000,-0.014446975423658137,156.3280512491862,91.05434503841613,-0.12945668504990626
RY.TO,2025-04-08,158.5,159.02999877929688,153.5399932861328,154.49000549316406,147.70394897460938,5445600,-0.0067505565266375855,155.8117711385091,90.43967753523835,-0.1353333369063634
RY.TO,2025-04-09,153.0,160.75,151.58999633789062,160.38999938964844,153.34478759765625,5027800,0.03819016798268904,155.46025390625,93.89358401260932,-0.10231157179378614
RY.TO,2025-04-10,159.0,159.13999938964844,152.60000610351562,153.60000610351562,146.85304260253906,8464100,-0.04233430491390511,155.0485046386719,89.91866439756016,-0.14031458743115222
RY.TO,2025-04-11,153.60000610351562,158.0,153.60000610351562,157.27999877929688,150.37139892578125,5002100,0.023958348161465803,154.61189778645834,92.07296706541091,-0.11971794500749444
RY.TO,2025-04-14,159.8300018310547,160.13999938964844,157.49000549316406,159.9600067138672,152.93368530273438,6392900,0.01703971895757772,154.3059549967448,93.64186454779582,-0.10471818618702311
RY.TO,2025-04-15,160.42999267578125,161.77000427246094,159.66000366210938,160.8000030517578,153.73678588867188,6543600,0.005251299505061535,154.2352055867513,94.1336060247487,-0.10001679324125634
RY.TO,2025-04-16,160.35000610351562,161.36000061035156,158.47999572753906,160.33999633789062,153.29698181152344,7798400,-0.002860760192208822,154.0688491821289,93.86431235188404,-0.10259142937280818
RY.TO,2025-04-17,160.66000366210938,161.4499969482422,160.10000610351562,160.91000366210938,153.84194946289062,10715800,0.003554979654049717,153.98917643229166,94.19799807253635,-0.09940116016285871
RY.TO,2025-04-21,160.10000610351562,160.99000549316406,158.52000427246094,159.3800048828125,152.379150390625,7282400,-0.00950845382142329,153.79796142578124,93.30232075779313,-0.10796446264307757
RY.TO,2025-04-22,160.05999755859375,163.05999755859375,159.91000366210938,163.02999877929688,155.8688201904297,12876900,0.02290122888110946,153.79381866455077,95.43905856060603,-0.08753575263198321
RY.TO,2025-04-23,165.10000610351562,165.91000366210938,163.0500030517578,163.5,156.3181915283203,6123200,0.002883009811337489,153.9369120279948,95.71421030282107,-0.08490510925432648
RY.TO,2025-04-24,163.27999877929688,163.27999877929688,161.25999450683594,163.0399932861328,157.30227661132812,6825100,0.006295397057670904,154.08125813802084,96.31676926073874,-0.07914422357163653
RY.TO,2025-04-25,161.94000244140625,163.63999938964844,161.82000732421875,163.3000030517578,157.55313110351562,14776700,0.0015947289358522188,154.3279795328776,96.47036839968663,-0.07767570821921965
RY.TO,2025-04-28,163.07000732421875,164.35000610351562,163.07000732421875,163.8800048828125,158.11273193359375,8660800,0.0035518229701856363,154.4993408203125,96.81301407011091,-0.07439977561371258
RY.TO,2025-04-29,163.8000030517578,165.92999267578125,163.64999389648438,165.91000366210938,160.07127380371094,8373800,0.012386996582538057,154.70316111246746,98.01223654454259,-0.06293436879744319
RY.TO,2025-04-30,164.64999389648438,165.5500030517578,162.61000061035156,165.47000122070312,159.6467742919922,5363600,-0.002651940611400949,154.89888661702474,97.75231391403587,-0.06541941120037731
RY.TO,2025-05-01,165.5,166.8300018310547,164.82000732421875,166.14999389648438,160.30282592773438,2113000,0.0041093948728476715,155.02788391113282,98.15401677164321,-0.06157885052050116
RY.TO,2025-05-02,167.47000122070312,167.80999755859375,166.5399932861328,167.42999267578125,161.5377655029297,2914900,0.007703791670846893,155.21939849853516,98.91017486850876,-0.05434944948539433
RY.TO,2025-05-05,167.1999969482422,167.9199981689453,166.82000732421875,167.0,161.1229248046875,4169900,-0.0025680725305975427,155.39804077148438,98.65616636543234,-0.05677794868771535
RY.TO,2025-05-06,166.8000030517578,167.05999755859375,165.36000061035156,165.4499969482422,159.62745666503906,5402600,-0.009281535457857593,155.42867787679037,97.74048565917528,-0.06553249760160362
RY.TO,2025-05-07,165.6699981689453,166.8000030517578,165.5500030517578,166.39999389648438,160.5440216064453,5303200,0.005741900300582747,155.46915232340496,98.30170178316081,-0.060166878368697385
RY.TO,2025-05-08,167.0,167.58999633789062,166.25999450683594,166.83999633789062,160.9685516357422,3690700,0.0026443216324651964,155.5416239420573,98.56164309969415,-0.05768165731426045
RY.TO,2025-05-09,167.99000549316406,167.99000549316406,166.89999389648438,167.58999633789062,161.692138671875,2717600,0.004495207472390073,155.69717254638672,99.00469813424695,-0.05344574085884923
RY.TO,2025-05-12,169.1999969482422,169.80999755859375,168.52000427246094,169.00999450683594,163.06216430664062,4856400,0.008473050366077706,156.01502990722656,99.84356992801675,-0.04542553894692081
RY.TO,2025-05-13,169.64999389648438,169.89999389648438,168.92999267578125,169.77999877929688,163.80506896972656,5104300,0.004555959785305541,156.30920969645183,100.29845321743014,-0.04107653609028328
RY.TO,2025-05-14,169.75,171.38999938964844,169.72000122070312,171.24000549316406,165.21371459960938,5912900,0.008599524048569895,156.63154195149738,101.1609721779078,-0.032830250701653796
RY.TO,2025-05-15,171.57000732421875,174.3699951171875,171.5,174.19000244140625,168.0598907470703,3524900,0.01722723899985268,156.9983932495117,102.90369642307407,-0.016168586277063524
RY.TO,2025-05-16,174.19000244140625,176.3000030517578,174.0399932861328,175.83999633789062,169.65182495117188,3374400,0.009472421986144397,157.48395894368488,103.87844365952752,-0.006849319963054823
RY.TO,2025-05-20,176.58999633789062,177.47000122070312,175.80999755859375,175.82000732421875,169.6325225830078,3292600,-0.0001137763662113489,158.1087870279948,103.86662474768025,-0.006962317038529786
RY.TO,2025-05-21,175.1999969482422,175.60000610351562,173.89999389648438,174.36000061035156,168.22390747070312,3699200,-0.008303921269669279,158.7593236287435,103.00412447322923,-0.015208423775656565
RY.TO,2025-05-22,174.5,176.11000061035156,173.3000030517578,175.41000366210938,169.23695373535156,5934700,0.006022011257970972,159.47709045410156,103.62441647042446,-0.009277997816878658
RY.TO,2025-05-23,174.5,176.60000610351562,174.24000549316406,176.0800018310547,169.8833770751953,2738100,0.0038196346931096414,160.02837677001952,104.02022388662814,-0.005493801686112909
RY.TO,2025-05-26,177.0,177.25,176.0,176.38999938964844,170.18247985839844,2573600,0.0017606359630508717,160.80602467854817,104.20336563368754,-0.0037428383078844663
RY.TO,2025-05-27,176.17999267578125,178.61000061035156,176.17999267578125,177.8699951171875,171.61036682128906,3691400,0.008390328805166769,161.5139902750651,105.07766613395918,0.0
RY.TO,2025-05-28,177.8699951171875,179.05999755859375,177.5,178.60000610351562,172.314697265625,4638500,0.004104241820480414,162.16002400716147,105.50893028570468,0.0
RY.TO,2025-05-29,177.24000549316406,178.0,171.75,172.39999389648438,166.33287048339844,8100300,-0.03471454772662552,162.57989349365235,101.84623548971638,-0.03471454772662552
RY.TO,2025-05-30,172.00999450683594,174.50999450683594,171.2899932861328,173.94000244140625,167.8186798095703,7194100,0.00893274625667062,163.06395009358724,102.75600206854315,-0.026091897716211787
RY.TO,2025-06-02,172.97999572753906,175.39999389648438,172.97999572753906,175.16000366210938,168.99575805664062,2519600,0.007013988242584146,163.56907704671224,103.47673145890685,-0.01926091773743588
RY.TO,2025-06-03,176.0,176.07000732421875,174.89999389648438,174.92999267578125,168.77383422851562,2845400,-0.0013131917077505717,164.11556650797527,103.3408466732099,-0.020548816167729966
RY.TO,2025-06-04,174.97000122070312,175.3000030517578,174.02999877929688,174.25,168.11778259277344,1719700,-0.003887164374389407,164.52386525472005,102.93914381560255,-0.024356103915976313
RY.TO,2025-06-05,175.0,175.0500030517578,173.44000244140625,173.47999572753906,167.3748779296875,2747400,-0.004418953495749167,164.89242146809895,102.48426052618916,-0.028667428921183125
RY.TO,2025-06-06,174.6699981689453,175.1999969482422,174.42999267578125,174.57000732421875,168.42649841308594,2508500,0.006283024647463664,165.2632288614909,103.12817166105229,-0.022564522436210765
RY.TO,2025-06-09,174.13999938964844,174.8300018310547,174.0500030517578,174.66000366210938,168.51333618164062,2230300,0.0005155825797773517,165.62856903076172,103.18134274984503,-0.022060573731122468
RY.TO,2025-06-10,174.8000030517578,175.52000427246094,174.7899932861328,175.47000122070312,169.2948455810547,1930000,0.0046376709233961755,166.00130615234374,103.65986386295295,-0.017525212489072683
RY.TO,2025-06-11,176.0800018310547,176.33999633789062,174.67999267578125,174.72000122070312,168.57122802734375,1963700,-0.0042743035160186515,166.28463795979818,103.21679014237351,-0.021724607927730344
RY.TO,2025-06-12,174.85000610351562,175.30999755859375,174.36000061035156,175.27000427246094,169.10189819335938,1904200,0.0031480471028515478,166.5998087565104,103.54172145954685,-0.01864495091392615
RY.TO,2025-06-13,174.36000061035156,174.55999755859375,173.38999938964844,173.5500030517578,167.44241333007812,1918800,-0.009813520019649413,166.8377950032552,102.52561270313463,-0.02827549833451637
RY.TO,2025-06-16,174.11000061035156,176.19000244140625,174.08999633789062,174.99000549316406,168.8317413330078,3094900,0.008297348176599106,167.08092753092447,103.3763034087517,-0.020212761812465563
RY.TO,2025-06-17,174.6699981689453,175.3699951171875,174.11000061035156,174.66000366210938,168.51333618164062,2345700,-0.0018859318091090094,167.32727457682293,103.18134274984503,-0.022060573731122468
RY.TO,2025-06-18,175.25,176.1300048828125,175.08999633789062,175.3300018310547,169.15977478027344,2486000,0.003836127236458209,167.6450185139974,103.57715950906203,-0.018309073662406306
RY.TO,2025-06-19,174.89999389648438,175.75999450683594,174.5,175.02999877929688,168.87033081054688,627100,-0.001711068545122707,167.9225621541341,103.3999318894329,-0.01998881412749487
RY.TO,2025-06-20,176.74000549316406,176.74000549316406,174.5500030517578,174.83999633789062,168.68699645996094,5413200,-0.0010856516340435052,168.17984364827473,103.28767558441716,-0.021052764872818264
RY.TO,2025-06-23,174.50999450683594,175.02999877929688,173.55999755859375,174.6699981689453,168.5229949951172,3163800,-0.0009722235162488158,168.40753885904948,103.18725687727532,-0.02200452039597567
RY.TO,2025-06-24,175.49000549316406,176.72999572753906,175.3000030517578,176.1300048828125,169.93161010742188,2885000,0.008358592916922092,168.6365203857422,104.04975715172633,-0.0138298543073756
RY.TO,2025-06-25,176.1999969482422,176.38999938964844,175.02999877929688,175.72000122070312,169.5360565185547,2880400,-0.0023277222443613965,168.82755330403646,103.80755821748386,-0.016125384492229444
RY.TO,2025-06-26,175.72999572753906,177.8800048828125,175.72999572753906,177.61000061035156,171.35952758789062,3584000,0.010755653439045165,169.03241373697918,104.92407633802462,-0.0055431701003541
RY.TO,2025-06-27,177.3800048828125,178.8300018310547,177.25999450683594,177.6999969482422,171.4463653564453,2483800,0.0005067577494932696,169.14529622395833,104.97724742681734,-0.005039221395265803
RY.TO,2025-06-30,178.27999877929688,179.49000549316406,177.83999633789062,179.47000122070312,173.15408325195312,5281800,0.009960653828720023,169.2620381673177,106.02288944832776,0.0
RY.TO,2025-07-02,179.47000122070312,179.69000244140625,178.0,178.11000061035156,171.84193420410156,3499300,-0.007577927261133488,169.33568522135417,105.21945570407313,-0.007577927261133488
RY.TO,2025-07-03,178.6999969482422,180.1300048828125,178.57000732421875,179.52999877929688,173.2119598388672,3137100,0.007972592028313796,169.5019536336263,106.05832749784294,0.0
RY.TO,2025-07-04,179.30999755859375,180.07000732421875,179.3000030517578,179.5500030517578,173.2312469482422,1787100,0.00011134975548432458,169.63509674072264,106.07013706667688,0.0
RY.TO,2025-07-07,179.88999938964844,181.8800048828125,179.72999572753906,180.1199951171875,173.78118896484375,5284700,0.003174612122753384,169.76502380371093,106.40686860967087,0.0
RY.TO,2025-07-08,180.02999877929688,180.83999633789065,179.8699951171875,180.38999938964844,174.04168701171875,4488800,0.0014990002567407679,169.89366404215494,106.56637253303573,0.0
RY.TO,2025-07-09,180.97000122070312,181.75,180.5500030517578,181.2899932861328,174.91001892089844,2439900,0.0049892179516808355,170.00365244547527,107.09805539192305,0.0
RY.TO,2025-07-10,181.2599945068359,183.11000061035156,181.1000061035156,182.3300018310547,175.91342163085938,5219900,0.005736679443244075,170.1236099243164,107.71244260470131,0.0
RY.TO,2025-07-11,181.52999877929688,181.6999969482422,179.67999267578125,180.3699951171875,174.02239990234375,2303300,-0.0107497296737471,170.3799275716146,106.55456296420178,-0.0107497296737471
RY.TO,2025-07-14,180.1499938964844,180.67999267578125,179.58999633789062,180.6300048828125,174.27325439453125,5288900,0.0014415069113418166,170.59508005777994,106.70816210314968,-0.009323718572025075
RY.TO,2025-07-15,180.58999633789065,180.7400054931641,179.05999755859375,179.35000610351562,173.03829956054688,5727400,-0.007086313033373481,170.72983144124348,105.9519946632708,-0.0163439608169621
RY.TO,2025-07-16,179.61000061035156,180.69000244140625,179.08999633789062,180.6300048828125,174.27325439453125,4582800,0.007136887250514423,170.91314544677735,106.70816210314968,-0.009323718572025075
RY.TO,2025-07-17,180.5,182.92999267578125,179.83999633789062,182.77999877929688,176.3475799560547,3797100,0.011902718915361765,171.18747202555338,107.97827936263832,0.0
RY.TO,2025-07-18,183.11000061035156,183.11000061035156,181.75,182.13999938964844,175.73011779785156,5217000,-0.0035013928649147985,171.46598002115886,107.6002049857122,-0.0035013928649147985
RY.TO,2025-07-21,182.3000030517578,182.9900054931641,182.1000061035156,182.36000061035156,175.9423828125,3591800,0.0012079034448302384,171.7165095011393,107.73017564397887,-0.0022977187645878416
RY.TO,2025-07-22,182.2899932861328,182.66000366210935,181.07000732421875,181.2100067138672,174.8328399658203,9537100,-0.006306285210779028,171.92715962727866,107.05079843056062,-0.008589513905503221
RY.TO,2025-07-23,181.58999633789065,182.6199951171875,181.52000427246097,182.4199981689453,176.000244140625,5356900,0.006677259118097689,172.15067291259766,107.76560435048071,-0.001969609197451039
RY.TO,2025-07-24,180.63999938964844,181.3000030517578,180.02999877929688,180.07000732421875,175.21209716796875,5004400,-0.004478101587327976,172.37203521728514,107.28301902657947,-0.0064388906747056
RY.TO,2025-07-25,179.5500030517578,181.1499938964844,179.33999633789062,180.97000122070312,176.0878143310547,5498000,0.004998040530537207,172.60489908854166,107.81922390391271,-0.0014730319807322312
RY.TO,2025-07-28,180.77999877929688,180.8699951171875,178.97999572753906,179.19000244140625,174.35585021972656,5199600,-0.009835797655321832,172.8353469848633,106.75873583424,-0.011294341191551704
RY.TO,2025-07-29,178.27000427246094,179.47999572753906,177.77000427246094,178.61000061035156,173.79150390625,8520000,-0.0032367500876245847,173.00067240397135,106.41318448667383,-0.014494534319334895
RY.TO,2025-07-30,178.8800048828125,179.64999389648438,178.35000610351562,179.07000732421875,174.2390899658203,3160500,0.002575419681112523,173.191530863444,106.68724309633068,-0.011956444147176892
RY.TO,2025-07-31,179.0800018310547,179.61000061035156,177.47999572753906,177.7899932861328,172.9936065673828,3947800,-0.007148128463491332,173.31932525634767,105.92462897726237,-0.019019106411937603
RY.TO,2025-08-01,176.25,177.7899932861328,175.5,177.47999572753906,172.6919708251953,3301000,-0.0017436236412009531,173.44671325683595,105.73993628999219,-0.02072956788956415
RY.TO,2025-08-05,177.75,180.2899932861328,177.75,180.05999755859375,175.20237731933594,4276000,0.01453690337856961,173.6638926188151,107.27706752709591,-0.006494008236484605
RY.TO,2025-08-06,180.8300018310547,181.82000732421875,180.05999755859375,181.77999877929688,176.8759765625,5036300,0.009552377477810348,173.94232533772785,108.30181857082728,0.0
RY.TO,2025-08-07,182.0,182.7899932861328,181.6000061035156,182.1199951171875,177.20680236816406,3228600,0.0018703829208097655,174.18483174641926,108.5043844425748,0.0
RY.TO,2025-08-08,182.5,183.02000427246097,181.8999938964844,182.3699951171875,177.45005798339844,3030200,0.0013727216561867372,174.4486317952474,108.65333076089033,0.0
RY.TO,2025-08-11,182.5500030517578,184.3999938964844,182.5,183.8699951171875,178.90957641601562,3495600,0.008224953258418877,174.70030008951824,109.5469993277702,0.0
RY.TO,2025-08-12,184.36000061035156,185.97000122070312,184.30999755859375,185.72999572753903,180.7194061279297,2662000,0.010115890653643378,175.0094014485677,110.65516479440466,0.0
RY.TO,2025-08-13,186.4499969482422,187.2899932861328,186.2400054931641,187.02999877929688,181.98434448242188,2472700,0.006999460553764436,175.30374348958333,111.4296912554534,0.0
RY.TO,2025-08-14,186.66000366210935,188.6300048828125,186.5099945068359,188.61000061035156,183.521728515625,3227300,0.008447891699561172,175.6930699666341,112.371037219295,0.0
RY.TO,2025-08-15,188.58999633789065,189.42999267578125,188.27999877929688,188.5,183.41468811035156,2170600,-0.0005832573948556519,176.0331609090169,112.30549598086925,-0.0005832573948556519
RY.TO,2025-08-18,188.1199951171875,188.47999572753903,187.7899932861328,188.41000366210935,183.32711791992188,2019000,-0.00047744371692304277,176.36968994140625,112.25187642743725,-0.0010604226392002536
RY.TO,2025-08-19,188.05999755859375,189.1300048828125,188.05999755859375,189.02999877929688,183.93038940429688,1288800,0.003290683294538521,176.70799662272137,112.62126180197764,0.0
RY.TO,2025-08-20,189.07000732421875,189.67999267578125,188.8000030517578,189.3500061035156,184.24176025390625,1533800,0.0016928733235319626,177.0479990641276,112.81191533174471,0.0
RY.TO,2025-08-21,188.9600067138672,190.0399932861328,188.8800048828125,189.41000366210935,184.30014038085935,3947800,0.00031686696258570457,177.36100311279296,112.84766170069935,0.0
RY.TO,2025-08-22,189.86000061035156,191.22000122070312,189.27999877929688,190.6499938964844,185.5066680908203,4241400,0.006546537118570006,177.68077799479167,113.58642310676682,0.0
RY.TO,2025-08-25,190.4199981689453,190.67999267578125,188.7400054931641,188.8800048828125,183.7844390869141,1943000,-0.009283919665157514,178.006179300944,112.531895879591,-0.009283919665157514
RY.TO,2025-08-26,188.7599945068359,190.7400054931641,188.5399932861328,190.38999938964844,185.25369262695312,4230900,0.007994439286256538,178.3721939086914,113.43152528896772,-0.0013637001110026192
RY.TO,2025-08-27,195.91000366210935,204.6000061035156,195.86000061035156,200.07000732421875,194.67254638671875,8300400,0.0508430014333503,179.0933354695638,119.19872449182182,0.0
RY.TO,2025-08-28,200.8000030517578,201.22999572753903,199.0800018310547,200.77000427246097,195.35366821289065,2969400,0.003498807812473137,179.79601593017577,119.61577792031066,0.0
RY.TO,2025-08-29,200.16000366210935,200.82000732421875,199.11000061035156,199.5800018310547,194.19578552246097,2244800,-0.005927110051334505,180.39095611572264,118.906802040701,-0.005927110051334505
RY.TO,2025-09-02,198.1000061035156,199.8000030517578,197.5800018310547,199.52999877929688,194.14712524414065,1757300,-0.0002505732974039665,181.0048563639323,118.87700717122989,-0.006176198173228786
RY.TO,2025-09-03,200.17999267578125,200.9900054931641,199.5800018310547,200.97000122070312,195.5482635498047,1598800,0.007216889273544913,181.65838572184245,119.73492936915507,0.0
RY.TO,2025-09-04,201.77000427246097,202.25,200.9600067138672,201.72000122070312,196.27804565429688,1710400,0.0037319794675974016,182.37322591145832,120.18177766711497,0.0
RY.TO,2025-09-05,201.3999938964844,202.36000061035156,199.1999969482422,200.22000122070312,194.8185272216797,2511300,-0.007435973940701612,183.00050201416016,119.28810910023512,-0.007435973940701612
RY.TO,2025-09-08,200.1699981689453,200.47999572753903,199.3500061035156,199.77000427246097,194.3806610107422,2435600,-0.00224755939376986,183.63945414225262,119.02000199006184,-0.009666820541389232
RY.TO,2025-09-09,199.25,200.5,199.1699981689453,199.6999969482422,194.3125457763672,2038500,-0.00035042186820855026,184.2469451904297,118.97829477861029,-0.010013854944284084
RY.TO,2025-09-10,199.5500030517578,200.27999877929688,199.47999572753903,199.94000244140625,194.54605102539065,1848800,0.001201699293735814,184.91995188395182,119.12127091141565,-0.008824189292962359
RY.TO,2025-09-11,200.33999633789065,200.94000244140625,200.1000061035156,200.82000732421875,195.40232849121097,2328600,0.00440141273136696,185.64031270345052,119.64557278978175,-0.004461615460693458
RY.TO,2025-09-12,200.25,200.6999969482422,199.5399932861328,199.6300048828125,194.2444000244141,2879800,-0.005925868313534255,186.30715637207032,118.93656888113213,-0.010361044828542054
RY.TO,2025-09-15,199.83999633789065,200.3000030517578,199.27000427246097,200.25,194.84768676757812,1905300,0.003105812796086793,187.03562571207684,119.3059635986858,-0.0072874114980644444
RY.TO,2025-09-16,199.88999938964844,201.27999877929688,199.5399932861328,201.02000427246097,195.596923828125,3065200,0.0038452448318804233,187.79912414550782,119.76472423862617,-0.0034701885475848515
RY.TO,2025-09-17,201.1699981689453,201.9900054931641,200.86000061035156,201.52000427246097,196.08343505859375,2048900,0.0024873153470259535,188.4951594034831,120.06261687525722,-0.000991504653790387
RY.TO,2025-09-18,201.1199951171875,202.36000061035156,200.77999877929688,201.63999938964844,196.2001953125,1562000,0.0005954620994443882,189.13930002848306,120.13410961316654,-0.0003966329577888006
RY.TO,2025-09-19,206.8999938964844,206.8999938964844,201.77999877929688,203.13999938964844,197.65972900390625,7750800,0.007439002234842729,189.8210642496745,121.02778752305973,0.0
RY.TO,2025-09-22,203.2400054931641,205.67999267578125,203.0,205.5,199.9560546875,3250600,0.011617569725335342,190.5712641398112,122.43383628331193,0.0
RY.TO,2025-09-23,205.5500030517578,206.3500061035156,204.86000061035156,205.0399932861328,199.50845336914065,1942700,-0.0022384984493661886,191.25789337158204,122.15976833064178,-0.0022384984493661886
RY.TO,2025-09-24,205.11000061035156,206.02000427246097,204.38999938964844,204.77000427246097,199.24575805664065,1743800,-0.00131671269093514,191.87543843587238,121.99891901335913,-0.003552263680984491
RY.TO,2025-09-25,203.88999938964844,204.5800018310547,203.1300048828125,203.8500061035156,198.35057067871097,3413500,-0.004492880484186834,192.42097930908204,121.45079245103211,-0.00802918426900423
RY.TO,2025-09-26,203.8999938964844,204.5399932861328,203.4900054931641,203.6300048828125,198.13650512695312,2145400,-0.0010792283129076319,192.90813852945965,121.3197193171939,-0.009099747258919155
RY.TO,2025-09-29,203.8000030517578,205.6499938964844,203.77000427246097,204.6999969482422,199.1776428222656,2485200,0.005254648529534611,193.4335703531901,121.95721180190755,-0.003892914702937844
RY.TO,2025-09-30,204.7599945068359,205.3300018310547,203.27000427246097,205.1199951171875,199.5863037109375,3209600,0.0020517407620721517,193.9755432128906,122.2074363845902,-0.001849161192644888
RY.TO,2025-10-01,204.86000061035156,206.27999877929688,204.8300018310547,205.25,199.7128143310547,2358800,0.00063386423699896,194.50162404378256,122.28489930800971,-0.0012164690727942684
RY.TO,2025-10-02,205.1300048828125,205.3999938964844,203.8999938964844,204.44000244140625,198.92466735839844,3331500,-0.003946401613217354,194.99105428059895,121.80231398410847,-0.005158070010500393
RY.TO,2025-10-03,204.63999938964844,205.3000030517578,204.2400054931641,205.05999755859375,199.5279235839844,2155100,0.003032586323238995,195.49864705403647,122.17169001563556,-0.0021411259798294058
RY.TO,2025-10-06,206.1300048828125,206.25,203.72999572753903,205.02999877929688,199.49874877929688,2926800,-0.00014621915651447104,195.96504974365234,122.15382617417151,-0.0022870320627090823
RY.TO,2025-10-07,205.42999267578125,205.42999267578125,203.52999877929688,203.61000061035156,198.11703491210935,3127500,-0.0069259274839668095,196.44280293782552,121.3077976322001,-0.009197119728456049
RY.TO,2025-10-08,204.36000061035156,204.3699951171875,202.02999877929688,202.5099945068359,197.0467071533203,3392700,-0.0054025024110817554,196.83590342203777,120.65243196300914,-0.014549934678029786
RY.TO,2025-10-09,202.6999969482422,204.08999633789065,202.1499938964844,203.80999755859375,198.3116455078125,2319700,0.00641948486613364,196.95720672607422,121.42695842405789,-0.008223852897365158
RY.TO,2025-10-10,204.5399932861328,204.7100067138672,200.82000732421875,201.1999969482422,195.77207946777344,3328500,-0.012805934989526424,196.97115376790364,119.87197268850346,-0.020924473761324558
RY.TO,2025-10-14,201.52000427246097,204.58999633789065,201.13999938964844,204.19000244140625,198.681396484375,2513400,0.014860735118668922,197.12067413330078,121.65335832277962,-0.00637469170472027
RY.TO,2025-10-15,204.5800018310547,206.33999633789065,204.38999938964844,206.3000030517578,200.7344970703125,6296600,0.010333632752067778,197.3402531941732,122.91047945074293,0.0
RY.TO,2025-10-16,206.0800018310547,206.82000732421875,203.3999938964844,204.1999969482422,198.6911163330078,3282400,-0.010179519550089777,197.44501495361328,121.65930982226318,-0.010179519550089777
RY.TO,2025-10-17,202.97000122070312,205.1699981689453,202.6000061035156,204.27000427246097,198.75924682617188,3746000,0.00034289652411967353,197.52772165934246,121.70102637672805,-0.009840113547840978
RY.TO,2025-10-20,204.27999877929688,206.7400054931641,204.1699981689453,206.2100067138672,200.6468963623047,3515100,0.009497165874167823,197.7220006306966,122.8568412112843,-0.0004364008642576689
RY.TO,2025-10-21,206.66000366210935,206.9900054931641,205.38999938964844,205.44000244140625,199.89767456054688,4464900,-0.003734031352296441,197.90590108235676,122.39808991435727,-0.004168802682044781
RY.TO,2025-10-22,205.0,205.8000030517578,204.86000061035156,205.27000427246097,199.73226928710935,6498900,-0.0008274497129651115,198.08655853271483,122.29681164999015,-0.004992802920427253
RY.TO,2025-10-23,205.58999633789065,206.7400054931641,205.16000366210935,206.33999633789065,200.77337646484375,6966600,0.005212513638634064,198.29413604736328,122.93428544867719,0.0
RY.TO,2025-10-24,206.8999938964844,207.5500030517578,206.55999755859375,206.88999938964844,201.30856323242188,5018700,0.0026656261751509813,198.491010538737,123.26198229779267,0.0
RY.TO,2025-10-27,205.8000030517578,207.47999572753903,204.36000061035156,207.4499969482422,203.3672332763672,5279400,0.010226440499545353,198.79510498046875,124.52251362561705,0.0
RY.TO,2025-10-28,207.5,208.33999633789065,206.42999267578125,207.8000030517578,203.71034240722656,7077400,0.0016871406732130723,199.0905268351237,124.73260062308556,0.0
RY.TO,2025-10-29,207.67999267578125,207.8000030517578,204.22999572753903,204.5500030517578,200.52430725097656,7226300,-0.01564002651314078,199.25477294921876,122.7817794422875,-0.01564002651314078
RY.TO,2025-10-30,204.57000732421875,205.75,203.3300018310547,204.1199951171875,200.10275268554688,5091900,-0.00210226167195815,199.3887502034505,122.52366001335116,-0.01770940875681193
RY.TO,2025-10-31,204.3800048828125,205.7100067138672,203.5,205.47000122070312,201.42620849609375,2342800,0.006613881082518702,199.56295064290364,123.33401693047443,-0.011212655597852339
RY.TO,2025-11-03,205.67999267578125,207.63999938964844,205.0,207.22000122070312,203.14175415039065,3205500,0.008516993230948788,199.7456848144531,124.384451917817,-0.0027911604787315136
RY.TO,2025-11-04,205.69000244140625,206.97999572753903,204.69000244140625,205.3999938964844,201.35757446289065,2904900,-0.008782929412823326,199.7924021402995,123.2919920565701,-0.011549575326090245
RY.TO,2025-11-05,205.3000030517578,205.8800048828125,204.47999572753903,205.63999938964844,201.5928497314453,3519700,0.0011684450867182061,199.86188201904298,123.43605197892029,-0.010394625283915548
RY.TO,2025-11-06,205.13999938964844,206.1699981689453,204.3699951171875,205.25,201.2105255126953,3969200,-0.0018965167626695534,199.92737426757813,123.20195343722453,-0.012271428465492451
RY.TO,2025-11-07,204.58999633789065,204.72999572753903,201.7599945068359,204.0099945068359,199.99493408203125,2854000,-0.006041390864452434,199.98218638102213,122.4576422812462,-0.01823868283411967
RY.TO,2025-11-10,204.3800048828125,206.0399932861328,204.25,205.83999633789065,201.78890991210935,5716900,0.008970106359505348,200.10393320719402,123.55610035704323,-0.009432179399493479
RY.TO,2025-11-11,206.25,207.47000122070312,206.2100067138672,206.80999755859375,202.7398223876953,2058600,0.004712411975465569,200.22267252604166,124.13834760400759,-0.0047642157391848405
RY.TO,2025-11-12,207.1199951171875,208.7599945068359,206.02000427246097,208.7599945068359,204.6514434814453,1919300,0.009428937399848625,200.39151051839193,125.30884031248642,0.0
RY.TO,2025-11-13,208.25,209.05999755859375,204.66000366210935,205.8500061035156,201.79872131347656,3160800,-0.013939418747502708,200.46104075113934,123.56210791460673,-0.013939418747502708
RY.TO,2025-11-14,204.1999969482422,205.5399932861328,202.7899932861328,205.4600067138672,201.4163818359375,3134800,-0.0018946575828155954,200.54409790039062,123.32800002989764,-0.015807665904888246
RY.TO,2025-11-17,206.4900054931641,208.02999877929688,205.66000366210935,206.92999267578125,202.85745239257812,4160700,0.007154683961180686,200.65508219401042,124.21037289367604,-0.008766080797421028
RY.TO,2025-11-18,205.8500061035156,208.8300018310547,204.6000061035156,208.3800048828125,204.2789306640625,3754200,0.007007276561540765,200.81442159016927,125.08074932835413,-0.0018202305883886494
RY.TO,2025-11-19,208.2400054931641,208.8800048828125,207.11000061035156,208.5099945068359,204.4063415527344,2339100,0.0006237103760908802,201.02406514485676,125.15876348955943,-0.0011976555090027485
RY.TO,2025-11-20,209.25,210.77000427246097,207.0500030517578,207.97999572753903,203.8867950439453,2177100,-0.002541733807485902,201.25206807454427,124.8406432290949,-0.0037363451949916637
RY.TO,2025-11-21,208.88999938964844,211.75,208.2400054931641,211.3800048828125,207.2198944091797,4826500,0.016347794198814825,201.54900970458985,126.8815123722518,0.0
RY.TO,2025-11-24,211.0099945068359,212.8699951171875,210.36000061035156,211.38999938964844,207.22967529296875,5735100,4.7200505612465804e-05,201.9309295654297,126.88750124378865,0.0
RY.TO,2025-11-25,212.7100067138672,214.7899932861328,211.7899932861328,214.72000122070312,210.49415588378903,3379200,0.015752959059580407,202.32468821207684,128.8863548560545,0.0
RY.TO,2025-11-26,214.80999755859375,215.22999572753903,214.11000061035156,215.05999755859375,210.82745361328125,2317800,0.001583406095493789,202.66112009684244,129.09043429595957,0.0
RY.TO,2025-11-27,214.7899932861328,215.7400054931641,214.47999572753903,215.41000366210935,211.1705780029297,422900,0.0016275128488618673,203.0771021525065,129.3005306364414,0.0
RY.TO,2025-11-28,215.2100067138672,216.22999572753903,214.2400054931641,216.13999938964844,211.8861846923828,1401900,0.0033887613332346245,203.51466674804686,129.7386992750289,0.0
RY.TO,2025-12-01,215.0099945068359,215.6499938964844,213.5099945068359,214.08999633789065,209.8765563964844,3058400,-0.00948447063132496,203.82232208251952,128.50819639200856,-0.00948447063132496
RY.TO,2025-12-02,215.0,216.2100067138672,213.30999755859375,216.2100067138672,211.9548187255859,3185100,0.009902308122377468,204.22422688802084,129.78072414893322,0.0
RY.TO,2025-12-03,217.61000061035156,220.2599945068359,215.5500030517578,218.63999938964844,214.3369903564453,3855300,0.011239053894516848,204.71105092366537,131.2393367021125,0.0
RY.TO,2025-12-04,220.13999938964844,225.2599945068359,219.7100067138672,224.05999755859375,219.65032958984375,4734500,0.02478965121495036,205.3402826944987,134.4927140846393,0.0
RY.TO,2025-12-05,223.7599945068359,225.47999572753903,223.5,224.72000122070312,220.29733276367188,1840000,0.0029456052947258726,205.9732416788737,134.88887653534906,0.0
RY.TO,2025-12-08,224.86000061035156,226.72000122070312,224.3699951171875,226.4499969482422,221.9932861328125,5337600,0.0076984743658243815,206.59411010742187,135.9273150935913,0.0
RY.TO,2025-12-09,226.47000122070312,227.42999267578125,226.0,226.02999877929688,221.58155822753903,2608100,-0.0018546862945536535,207.1898173014323,135.67521256523173,-0.0018546862945536535
RY.TO,2025-12-10,225.9199981689453,228.6300048828125,225.75,227.75,223.26771545410156,3482500,0.00760964603755987,207.94793090820312,136.70765290892385,0.0
RY.TO,2025-12-11,228.5099945068359,230.0800018310547,227.41000366210935,230.0,225.47341918945312,3060600,0.009879188000223804,208.79361979166666,138.05821351308046,0.0
RY.TO,2025-12-12,230.1499938964844,230.9900054931641,227.8800048828125,228.2899932861328,223.79708862304688,2263900,-0.0074347147988992335,209.53931579589843,137.03179006996515,-0.0074347147988992335
RY.TO,2025-12-15,228.02999877929688,230.9600067138672,227.8000030517578,230.1000061035156,225.57147216796875,2496900,0.007928537211270736,210.28697306315104,138.11825171666192,0.0
RY.TO,2025-12-16,229.25,230.0,228.77999877929688,228.77999877929688,224.2774353027344,2973300,-0.005736704436945628,211.05096842447918,137.32590812921578,-0.005736704436945628
RY.TO,2025-12-17,229.4199981689453,229.86000061035156,226.72999572753903,227.86000061035156,223.3755340576172,4005400,-0.0040213641818215295,211.77705790201824,136.77367064102881,-0.009734999241022724
RY.TO,2025-12-18,228.69000244140625,231.7100067138672,228.61000061035156,230.36000061035156,225.82632446289065,2827400,0.010971615202232998,212.59758453369142,138.27429872509913,0.0
RY.TO,2025-12-19,231.4600067138672,234.2899932861328,230.86000061035156,232.7100067138672,228.13009643554688,7701500,0.010201520917171969,213.5354232788086,139.68490687585052,0.0
RY.TO,2025-12-22,232.97999572753903,234.22999572753903,231.8000030517578,233.55999755859375,228.96336364746097,1829900,0.00365259658823458,214.4412384033203,140.1951194901331,0.0
RY.TO,2025-12-23,233.16000366210935,234.6300048828125,233.1499938964844,234.0500030517578,229.44374084472656,1675900,0.002098052673637607,215.33136901855468,140.4892562354103,0.0
RY.TO,2025-12-24,233.9900054931641,234.97999572753903,233.3699951171875,233.8500061035156,229.24766540527344,762300,-0.0008545687005069302,216.1512430826823,140.36919851427402,-0.0008545687005069302
RY.TO,2025-12-29,233.67999267578125,235.9199981689453,233.67999267578125,235.17999267578125,230.5514678955078,2141600,0.005687309783196426,217.10966796875,141.1675216302437,0.0
RY.TO,2025-12-30,235.5500030517578,235.94000244140625,234.91000366210935,235.0,230.37501525878903,1606300,-0.0007653503069378065,218.07495574951173,141.05947902423435,-0.0007653503069378065
RY.TO,2025-12-31,235.0,235.07000732421875,233.88999938964844,233.9900054931641,229.38490295410156,1567300,-0.0042978284931429744,218.9592041015625,140.4532295760561,-0.005059889455724331
SHOP.TO,2025-01-02,155.3300018310547,156.32000732421875,151.38999938964844,154.91000366210938,154.91000366210938,1396400,,,100.0,0.0
SHOP.TO,2025-01-03,156.14999389648438,158.1699981689453,155.39999389648438,157.8699951171875,157.8699951171875,1381400,0.019107813473005164,,101.91078134730051,0.0
SHOP.TO,2025-01-06,161.0,163.83999633789062,159.83999633789062,163.6699981689453,163.6699981689453,1543200,0.03673910959110649,,105.65489271173429,0.0
SHOP.TO,2025-01-07,164.74000549316406,165.00999450683594,152.3800048828125,153.36000061035156,153.36000061035156,2009200,-0.06299259286330194,,98.99941707112816,-0.06299259286330194
SHOP.TO,2025-01-08,153.8800048828125,154.97999572753906,151.1999969482422,154.8800048828125,154.8800048828125,2044700,0.009911347590059627,,99.98063470493338,-0.05370558675670967
SHOP.TO,2025-01-09,154.85000610351562,156.10000610351562,153.99000549316406,155.4499969482422,155.4499969482422,308000,0.00368021724857881,,100.34858516129833,-0.050223017734858044
SHOP.TO,2025-01-10,150.3800048828125,150.5,143.8000030517578,149.72000122070312,149.72000122070312,2491200,-0.03686070016100995,,96.64966605208615,-0.08523246229796233
SHOP.TO,2025-01-13,145.0,146.92999267578125,142.77000427246094,146.47000122070312,146.47000122070312,2244400,-0.021707186571613524,,94.55167371900937,-0.10508949190851591
SHOP.TO,2025-01-14,148.22000122070312,148.85000610351562,144.8000030517578,145.82000732421875,145.82000732421875,1847000,-0.004437727118640211,,94.13207919243371,-0.10906086053902952
SHOP.TO,2025-01-15,149.47000122070312,150.17999267578125,147.5,149.4199981689453,149.4199981689453,1418700,0.02468790744689975,,96.45600325132075,-0.08706543752319651
SHOP.TO,2025-01-16,150.00999450683594,151.91000366210938,148.47000122070312,149.00999450683594,149.00999450683594,1315100,-0.0027439677896783365,,96.19133108527802,-0.08957050055671689
SHOP.TO,2025-01-17,152.4499969482422,152.8000030517578,149.0500030517578,149.5500030517578,149.5500030517578,2739500,0.0036239753360778337,,96.53992609667557,-0.08627112650549673
SHOP.TO,2025-01-20,149.5,150.47000122070312,148.47999572753906,149.52000427246094,149.52000427246094,427500,-0.00020059363881452796,,96.52056080160895,-0.08645441470512094
SHOP.TO,2025-01-21,149.94000244140625,153.14999389648438,149.64999389648438,152.42999267578125,152.42999267578125,1701700,0.019462201178229055,,98.39906337376536,-0.06867480673862891
SHOP.TO,2025-01-22,154.0,154.77000427246094,151.89999389648438,153.02999877929688,153.02999877929688,1525100,0.003936273255564782,,98.78638897529615,-0.06500885628816033
SHOP.TO,2025-01-23,152.99000549316406,153.0800018310547,151.07000732421875,152.66000366210938,152.66000366210938,1230500,-0.0024177946816892337,,98.54754376940839,-0.06726947290285346
SHOP.TO,2025-01-24,152.60000610351562,156.6999969482422,152.35000610351562,154.47000122070312,154.47000122070312,1613000,0.011856396666935165,,99.71596253889065,-0.05621064979023016
SHOP.TO,2025-01-27,150.0,155.85000610351562,147.57000732421875,154.35000610351562,154.35000610351562,1179500,-0.0007768182575207394,,99.63850135862418,-0.05694380258872678
SHOP.TO,2025-01-28,157.66000366210938,169.67999267578125,157.11000061035156,169.1999969482422,169.1999969482422,2338300,0.09620984941696298,,109.22470657046928,0.0
SHOP.TO,2025-01-29,169.02000427246094,170.83999633789062,165.74000549316406,168.4600067138672,168.4600067138672,1564400,-0.00437346482105061,,108.74701615869377,-0.00437346482105061
SHOP.TO,2025-01-30,167.4600067138672,172.9600067138672,167.0,172.55999755859375,172.55999755859375,2012400,0.024338066492485044,,111.39370826882339,0.0
SHOP.TO,2025-01-31,173.64999389648438,176.99000549316406,169.13999938964844,169.61000061035156,169.61000061035156,2475400,-0.017095485570115976,,109.48937873651201,-0.017095485570115976
SHOP.TO,2025-02-03,161.0,168.69000244140625,160.5500030517578,166.57000732421875,166.57000732421875,2982000,-0.017923431844780513,,107.52695331900078,-0.034712507644427015
SHOP.TO,2025-02-04,167.19000244140625,172.6199951171875,167.10000610351562,170.72999572753906,170.72999572753906,1595400,0.024974414482813456,,110.21237601926364,-0.010605017715263343
SHOP.TO,2025-02-05,170.11000061035156,174.55999755859375,169.27999877929688,174.3800048828125,174.3800048828125,2003000,0.02137883937570262,,112.56858870339401,0.0
SHOP.TO,2025-02-06,175.0,176.0800018310547,167.3300018310547,169.97000122070312,169.97000122070312,1678600,-0.025289617723505686,,109.72177212741065,-0.025289617723505686
SHOP.TO,2025-02-07,169.47999572753906,171.0,166.44000244140625,167.6699981689453,167.6699981689453,1342000,-0.013531817586865169,,108.23703712167493,-0.0384792208164948
SHOP.TO,2025-02-10,174.0,176.75,170.5,171.5500030517578,171.5500030517578,2274400,0.023140722402245073,,110.7417203513491,-0.016228935381419007
SHOP.TO,2025-02-11,174.66000366210938,179.85000610351562,164.3699951171875,176.57000732421875,176.57000732421875,3695100,0.029262630038813686,,113.98231434385238,0.0
SHOP.TO,2025-02-12,170.5,174.99000549316406,167.22000122070312,172.0800018310547,172.0800018310547,2425400,-0.025429038380904045,159.8646677652995,111.0838536976583,-0.025429038380904045
SHOP.TO,2025-02-13,173.00999450683594,182.05999755859375,171.72000122070312,181.02000427246097,181.02000427246097,2498900,0.051952593830068894,160.73500111897786,116.85494802989153,0.0
SHOP.TO,2025-02-14,179.19000244140625,182.1499938964844,175.4499969482422,181.9199981689453,181.9199981689453,1739400,0.004971792482833637,161.5366678873698,117.43592658208846,0.0
SHOP.TO,2025-02-18,182.7100067138672,183.52999877929688,176.1999969482422,183.4499969482422,183.4499969482422,1889600,0.008410283612008351,162.196001180013,118.42359603088282,0.0
SHOP.TO,2025-02-19,183.2899932861328,183.2899932861328,176.75,181.6699981689453,181.6699981689453,2404700,-0.009702909833239626,163.1396677652995,117.27454255646717,-0.009702909833239626
SHOP.TO,2025-02-20,180.0,180.0800018310547,171.5,174.97000122070312,174.97000122070312,2426500,-0.03688004082001184,163.80933430989583,112.94945263983644,-0.04622510694252868
SHOP.TO,2025-02-21,177.50999450683594,177.8800048828125,164.0800018310547,164.47999572753906,164.47999572753906,2085900,-0.059953165799731645,164.11033426920574,106.1777753787314,-0.10340693124162459
SHOP.TO,2025-02-24,164.4499969482422,166.36000061035156,156.4499969482422,164.6300048828125,164.6300048828125,1909000,0.0009120206661601404,164.60733439127605,106.27461170416369,-0.10258921983378111
SHOP.TO,2025-02-25,161.3300018310547,164.0399932861328,152.86000061035156,158.77999877929688,158.77999877929688,2127900,-0.03553426428967066,165.01766764322917,102.49822156458582,-0.13447805167260707
SHOP.TO,2025-02-26,160.0,164.6300048828125,159.0500030517578,162.5399932861328,162.5399932861328,1659000,0.023680529888794766,165.5750005086263,104.9254337638943,-0.11398203330583234
SHOP.TO,2025-02-27,165.08999633789062,166.6699981689453,159.05999755859375,160.07000732421875,160.07000732421875,1507700,-0.015196173643036492,165.93000081380208,103.33096865284725,-0.12744611617856705
SHOP.TO,2025-02-28,157.1300048828125,162.1999969482422,155.3000030517578,162.0399932861328,162.0399932861328,2759700,0.012307027374115709,166.3643341064453,104.60266571265173,-0.11670757164498569
SHOP.TO,2025-03-03,162.5399932861328,165.6999969482422,152.4199981689453,154.5500030517578,154.5500030517578,2688600,-0.04622309642502298,166.53100077311197,99.76760660910138,-0.15753608273233222
SHOP.TO,2025-03-04,149.36000061035156,150.80999755859375,142.05999755859375,147.24000549316406,147.24000549316406,3093500,-0.04729859213361309,166.4550008138021,95.04873927595072,-0.19738343994246155
SHOP.TO,2025-03-05,147.3800048828125,152.91000366210938,145.8800048828125,152.1699981689453,152.1699981689453,2842500,0.03348269826035932,166.4463343302409,98.23122753315494,-0.17050967184328758
SHOP.TO,2025-03-06,149.0,156.3000030517578,145.1199951171875,146.63999938964844,146.63999938964844,2985300,-0.03634092689649138,166.23333435058595,94.66141367441995,-0.20065411922017728
SHOP.TO,2025-03-07,144.7100067138672,148.49000549316406,137.5500030517578,143.85000610351562,143.85000610351562,3572200,-0.019026140873877884,165.93966776529948,92.86037228253001,-0.21586258655484813
SHOP.TO,2025-03-10,138.63999938964844,138.63999938964844,132.5399932861328,133.92999267578125,133.92999267578125,3357000,-0.06896081339472349,165.25500081380207,86.45664547778989,-0.26993734039926043
SHOP.TO,2025-03-11,133.52000427246094,137.1699981689453,132.19000244140625,133.9600067138672,133.9600067138672,2523400,0.00022410243953796538,164.57533416748046,86.47602062295573,-0.2697737315762284
SHOP.TO,2025-03-12,139.25,142.77999877929688,137.27000427246094,138.83999633789062,138.83999633789062,3282900,0.03642870543032206,163.5633341471354,89.62623010501585,-0.24317253394633542
SHOP.TO,2025-03-13,136.32000732421875,137.42999267578125,128.24000549316406,130.72000122070312,130.72000122070312,2946400,-0.058484552948461,162.30533396402996,84.38448010486809,-0.2874352499576006
SHOP.TO,2025-03-14,136.0,137.8800048828125,134.0,136.3300018310547,136.3300018310547,1808600,0.04291616093913464,161.09766743977863,88.00593803381382,-0.2568547064652268
SHOP.TO,2025-03-17,136.17999267578125,140.86000061035156,135.5399932861328,138.02000427246094,138.02000427246094,2035100,0.012396408851373497,160.04466756184897,89.09689562302961,-0.24764237357059582
SHOP.TO,2025-03-18,136.8000030517578,137.0800018310547,133.00999450683594,134.3800048828125,134.3800048828125,1640400,-0.026372984183240744,158.97166748046874,86.74714460398759,-0.2674842893525591
SHOP.TO,2025-03-19,142.0,147.67999267578125,139.74000549316406,145.50999450683594,145.50999450683594,2788200,0.08282474489958136,158.131000773112,93.93195472657996,-0.20681386248324918
SHOP.TO,2025-03-20,141.88999938964844,149.47000122070312,141.8300018310547,145.6999969482422,145.6999969482422,2018900,0.0013057690095461538,157.1750005086263,94.05460816206802,-0.20577814460607824
SHOP.TO,2025-03-21,143.64999389648438,149.8000030517578,142.5399932861328,149.5500030517578,149.5500030517578,6607700,0.026424201675743886,156.49433390299478,96.53992609667557,-0.18479146612386577
SHOP.TO,2025-03-24,153.22000122070312,158.3300018310547,153.1199951171875,156.5500030517578,156.5500030517578,1973700,0.046807086975299894,156.12366739908853,101.0586788140717,-0.14663392937571884
SHOP.TO,2025-03-25,156.77000427246094,158.39999389648438,155.61000061035156,156.8300018310547,156.8300018310547,1677200,0.0017885581209748924,155.63300069173178,101.2394281347596,-0.14510763455993925
SHOP.TO,2025-03-26,156.14999389648438,156.14999389648438,147.30999755859375,148.75999450683594,148.75999450683594,1608200,-0.051457037747867806,154.70600026448568,96.02994705965673,-0.18909786327875244
SHOP.TO,2025-03-27,146.22999572753906,148.33999633789062,142.91000366210938,146.6199951171875,146.6199951171875,1432200,-0.014385583951807002,153.85733337402343,94.64850019434246,-0.20076316404325556
SHOP.TO,2025-03-28,141.9499969482422,143.30999755859375,137.3000030517578,138.25,138.25,2201400,-0.05708631425405308,152.4316665649414,89.24536616857341,-0.24638864922409742
SHOP.TO,2025-03-31,133.0,138.08999633789062,128.44000244140625,136.89999389648438,136.89999389648438,3253600,-0.009764962774073238,150.93099975585938,88.37388849017876,-0.2537476360105432
SHOP.TO,2025-04-01,137.6999969482422,142.47000122070312,135.36000061035156,139.72000122070312,139.72000122070312,2212300,0.020599031774618526,149.47333323160808,90.19430502723453,-0.2383755598528402
SHOP.TO,2025-04-02,136.41000366210938,145.1699981689453,135.69000244140625,144.17999267578125,144.17999267578125,2185600,0.03192092339043917,148.22366638183593,93.07339052826279,-0.21406380444661666
SHOP.TO,2025-04-03,125.7300033569336,125.7300033569336,114.48999786376952,115.87999725341795,115.87999725341795,4808500,-0.19628240296836286,146.25399958292644,74.8047217829625,-0.36832924948964785
SHOP.TO,2025-04-04,110.0,111.1999969482422,99.31999969482422,109.41999816894533,109.41999816894533,4698700,-0.055747318239447785,144.4186663309733,70.63455915191435,-0.40354319984089926
SHOP.TO,2025-04-07,100.8000030517578,118.0999984741211,99.8000030517578,112.30999755859376,112.30999755859376,3641400,0.026411985359259926,142.67466608683267,72.5001580940925,-0.387789591567666
SHOP.TO,2025-04-08,119.33000183105467,122.25,107.26000213623048,109.83999633789062,109.83999633789062,5175100,-0.02199271012729298,141.04333267211913,70.9056831329462,-0.40125375761723003
SHOP.TO,2025-04-09,106.51000213623048,132.72000122070312,106.08000183105467,129.08999633789062,129.08999633789062,5162500,0.17525492208487514,139.9283327738444,83.33225310578554,-0.29632053155982585
SHOP.TO,2025-04-10,122.51000213623048,122.8499984741211,114.0999984741211,118.26000213623048,118.26000213623048,4004300,-0.08389491446969166,138.5346659342448,76.34110085890896,-0.3553556603786924
SHOP.TO,2025-04-11,117.68000030517578,118.33000183105467,108.55999755859376,116.38999938964844,116.38999938964844,3445900,-0.015812639208545587,137.01299947102865,75.13394657424384,-0.36554918873895526
SHOP.TO,2025-04-14,120.86000061035156,122.38999938964844,113.86000061035156,114.8499984741211,114.8499984741211,2581200,-0.013231385201504797,135.6896659851074,74.13982038541074,-0.37394385181415735
SHOP.TO,2025-04-15,115.06999969482422,117.88999938964844,113.83999633789062,117.37000274658205,117.37000274658205,2599600,0.021941700530616615,134.69399922688802,75.76657412170114,-0.36020711529531213
SHOP.TO,2025-04-16,113.7300033569336,118.4499969482422,112.83999633789062,116.58000183105467,116.58000183105467,2677800,-0.006730858797312056,133.507666015625,75.25660000973188,-0.3645134708617844
SHOP.TO,2025-04-17,116.51000213623048,117.7699966430664,113.51000213623048,116.02999877929688,116.02999877929688,2444400,-0.004717816461822122,132.48733266194662,74.90155318334521,-0.36751157967021886
SHOP.TO,2025-04-21,113.63999938964844,114.68000030517578,111.05999755859376,112.91999816894533,112.91999816894533,1401800,-0.026803418452732597,131.45633239746093,72.89393551061241,-0.38446443146682585
SHOP.TO,2025-04-22,115.0,119.55999755859376,113.0,118.4800033569336,118.4800033569336,2245600,0.049238445608807524,130.94133275349935,76.48311958946363,-0.3541564168553186
SHOP.TO,2025-04-23,126.0999984741211,132.0,124.9499969482422,126.29000091552734,126.29000091552734,2552900,0.0659182759732484,130.6856658935547,81.52475497385686,-0.31158352130603595
SHOP.TO,2025-04-24,125.5,132.0,123.94000244140624,131.77000427246094,131.77000427246094,1686000,0.04339221883923372,130.4499994913737,85.06229498249736,-0.28171160281001273
SHOP.TO,2025-04-25,133.02000427246094,136.69000244140625,132.5,134.6699981689453,134.6699981689453,1743000,0.02200799728660585,130.5816660563151,86.93434573966464,-0.26590351371365495
SHOP.TO,2025-04-28,134.69000244140625,137.02000427246094,133.75,136.17999267578125,136.17999267578125,1160600,0.011212553110319545,130.57666575113933,87.90910170838151,-0.2576724178730704
SHOP.TO,2025-04-29,136.30999755859375,138.08999633789062,135.4600067138672,136.86000061035156,136.86000061035156,1398200,0.004993449633892144,130.53799896240236,88.34807138012302,-0.25396564247987063
SHOP.TO,2025-04-30,133.16000366210938,133.16000366210938,127.81999969482422,131.1199951171875,131.1199951171875,3194200,-0.04194070924715387,130.42933197021483,84.64269060582247,-0.28525485255700955
SHOP.TO,2025-05-01,135.5800018310547,136.5500030517578,131.88999938964844,134.3300018310547,134.3300018310547,1381900,0.024481443207790443,130.0566655476888,86.7148658288435,-0.2677568598218403
SHOP.TO,2025-05-02,135.6999969482422,138.47000122070312,134.64999389648438,137.00999450683594,137.00999450683594,2008800,0.01995081247115471,129.76699879964193,88.44489785545609,-0.25314801424885625
SHOP.TO,2025-05-05,132.1199951171875,137.36000061035156,131.67999267578125,135.85000610351562,135.85000610351562,1253200,-0.008466450987722918,129.31033223470052,87.69608346264872,-0.25947119998130186
SHOP.TO,2025-05-06,134.2899932861328,134.3300018310547,128.8800048828125,129.24000549316406,129.24000549316406,1992100,-0.048656608858116956,128.3999989827474,83.42908943121785,-0.29550282015198237
SHOP.TO,2025-05-07,130.5800018310547,133.1999969482422,129.91000366210938,131.2899932861328,131.2899932861328,2657000,0.015861867114182138,127.54866536458333,84.75243056123304,-0.284328179502917
SHOP.TO,2025-05-08,124.52999877929688,133.38999938964844,122.4000015258789,130.8800048828125,130.8800048828125,3856300,-0.003122769626675126,126.95266571044922,84.48776824528953,-0.2865630577266325
SHOP.TO,2025-05-09,132.25999450683594,132.25999450683594,123.8499984741211,127.9800033569336,127.9800033569336,2014400,-0.02215771254345167,126.33133265177409,82.61571256307265,-0.30237118841140487
SHOP.TO,2025-05-12,144.1999969482422,147.6699981689453,138.47999572753906,146.0,146.0,3705600,0.14080322058446115,126.58966598510742,94.2482709628334,-0.20414280496722048
SHOP.TO,2025-05-13,148.55999755859375,152.05999755859375,148.5500030517578,150.11000061035156,150.11000061035156,2308400,0.028150689111996918,127.02999954223633,96.90142473805139,-0.1817388764923067
SHOP.TO,2025-05-14,151.42999267578125,156.33999633789062,151.0,155.8300018310547,155.8300018310547,2587900,0.038105397358240145,127.56699956258139,100.59389203227444,-0.15055871123824593
SHOP.TO,2025-05-15,154.0,156.39999389648438,151.77000427246094,153.92999267578125,153.92999267578125,1932000,-0.012192832785392405,127.89199956258138,99.3673675274931,-0.16091580683312623
SHOP.TO,2025-05-16,155.7899932861328,156.99000549316406,153.6699981689453,154.91000366210938,154.91000366210938,2736300,0.006366601916186099,129.19299977620443,100.0,-0.15557369180106861
SHOP.TO,2025-05-20,151.58999633789062,152.0,145.77999877929688,148.02999877929688,148.02999877929688,1915300,-0.044412915371296546,130.4799997965495,95.55870846287034,-0.19307712596440418
SHOP.TO,2025-05-21,146.0,146.42999267578125,140.66000366210938,141.82000732421875,141.82000732421875,2396500,-0.04195089850900302,131.463666788737,91.54993478249307,-0.22692826555766443
SHOP.TO,2025-05-22,142.52999877929688,145.22000122070312,141.32000732421875,143.19000244140625,143.19000244140625,1791000,0.00966009763386566,132.57533365885416,92.43431609086598,-0.2194603171249696
SHOP.TO,2025-05-23,139.42999267578125,142.0,138.61000061035156,139.50999450683594,139.50999450683594,1773100,-0.025700173698063766,132.92266693115235,90.058738111669,-0.23952032255308953
SHOP.TO,2025-05-26,142.1300048828125,144.8300018310547,141.64999389648438,143.33999633789062,143.33999633789062,885800,0.027453243365062496,133.75866673787434,92.53114256619907,-0.21864268889395533
SHOP.TO,2025-05-27,144.19000244140625,147.99000549316406,143.0800018310547,147.50999450683594,147.50999450683594,1649500,0.02909165812391623,134.79599990844727,95.22302693155028,-0.1959117091266358
SHOP.TO,2025-05-28,147.75999450683594,149.5800018310547,145.97999572753906,148.27999877929688,148.27999877929688,1919900,0.005220014244019522,135.91033325195312,95.72009248849163,-0.1917143567948275
SHOP.TO,2025-05-29,151.49000549316406,152.50999450683594,147.8800048828125,148.61000061035156,148.61000061035156,1732100,0.0022255316547841186,136.95166651407877,95.93312058432365,-0.18991549150976672
SHOP.TO,2025-05-30,148.5500030517578,148.5500030517578,142.8800048828125,146.63999938964844,146.63999938964844,3635800,-0.013256182037630015,137.95366643269855,94.66141367441995,-0.20065411922017728
SHOP.TO,2025-06-02,145.86000061035156,147.1699981689453,142.13999938964844,145.92999267578125,145.92999267578125,1152000,-0.004841835221102042,138.95033289591473,94.20307870761182,-0.20452442025957995
SHOP.TO,2025-06-03,144.3000030517578,146.1199951171875,143.10000610351562,144.13999938964844,144.13999938964844,1208400,-0.012266109614009979,139.9909996032715,93.04757341820704,-0.21428181091594412
SHOP.TO,2025-06-04,144.64999389648438,144.80999755859375,140.60000610351562,141.7100067138672,141.7100067138672,1573400,-0.01685855894318644,140.7653330485026,91.47892541721573,-0.22752788731935136
SHOP.TO,2025-06-05,142.0,145.5500030517578,140.6999969482422,143.52999877929688,143.52999877929688,1550200,0.012843073736525268,141.3399996439616,92.65379600168713,-0.2176069710167844
SHOP.TO,2025-06-06,146.1999969482422,153.4199981689453,146.00999450683594,152.5800018310547,152.5800018310547,2015000,0.0630530420729245,142.03366622924804,98.49589969919766,-0.16827471044274278
SHOP.TO,2025-06-09,151.5500030517578,151.9499969482422,147.5,147.5500030517578,147.5500030517578,2374700,-0.03296630435793535,142.4629997253418,95.24885389170525,-0.19569361948047914
SHOP.TO,2025-06-10,148.42999267578125,151.39999389648438,147.02000427246094,150.7899932861328,150.7899932861328,1629000,0.02195859144264789,142.94999974568685,97.34038455969367,-0.17803218427593615
SHOP.TO,2025-06-11,152.0,160.25,152.0,156.0,156.0,2021000,0.03455140888547481,143.5879997253418,100.70363198768501,-0.14963203818415338
SHOP.TO,2025-06-12,154.3000030517578,154.77999877929688,148.1300048828125,148.55999755859375,148.55999755859375,1702200,-0.04769232334234774,144.16933314005533,95.90084180917954,-0.19018806197904792
SHOP.TO,2025-06-13,144.10000610351562,145.52999877929688,142.3699951171875,143.17999267578125,143.17999267578125,1566700,-0.03621435764153513,144.46433283487957,92.42785442577762,-0.21951488112492334
SHOP.TO,2025-06-16,146.5,148.36000061035156,145.0,147.07000732421875,147.07000732421875,1549900,0.027168702663968647,144.79966659545897,94.93899932054016,-0.1983101129965542
SHOP.TO,2025-06-17,146.55999755859375,147.47999572753906,144.7899932861328,145.3800048828125,145.3800048828125,1234200,-0.011491142702404367,145.11733322143556,93.84804173132436,-0.2075224458911853
SHOP.TO,2025-06-18,146.0800018310547,147.35000610351562,144.3000030517578,145.27000427246094,145.27000427246094,1727300,-0.0007566419497663235,145.65166651407878,93.77703236604702,-0.2081220676528721
SHOP.TO,2025-06-19,144.5500030517578,144.57000732421875,143.25,143.6999969482422,143.6999969482422,459200,-0.010807512067488645,146.06533330281576,92.7635359570977,-0.21668029796269173
SHOP.TO,2025-06-20,147.27999877929688,149.52000427246094,145.14999389648438,146.22999572753906,146.22999572753906,3598100,0.017606115748270534,146.57699966430664,94.39674150837722,-0.20288908062072208
SHOP.TO,2025-06-23,145.94000244140625,151.14999389648438,143.17999267578125,150.99000549316406,150.99000549316406,1700100,0.03255152776242998,147.34399973551433,97.46949966027007,-0.17694190239881147
SHOP.TO,2025-06-24,153.8300018310547,158.05999755859375,153.25999450683594,157.02999877929688,157.02999877929688,1750000,0.04000260326108984,147.7116663614909,101.36853338523679,-0.14401743585964377
SHOP.TO,2025-06-25,157.22999572753906,157.39999389648438,155.1199951171875,156.1699981689453,156.1699981689453,1511900,-0.005476664440151158,147.91366628011068,100.81337194309559,-0.14870536513006072
SHOP.TO,2025-06-26,155.3300018310547,155.3300018310547,147.8000030517578,154.2100067138672,154.2100067138672,3128600,-0.012550371249654524,147.8596664428711,99.54812669828023,-0.15938942884051754
SHOP.TO,2025-06-27,154.1999969482422,157.1999969482422,153.52000427246094,155.72999572753906,155.72999572753906,2457900,0.009856617258905853,147.91966654459637,100.52933448198624,-0.15110385217680833
SHOP.TO,2025-06-30,157.5500030517578,158.8800048828125,155.8300018310547,157.05999755859375,157.05999755859375,1689800,0.008540434518354623,147.9913330078125,101.38789868030341,-0.14385391021344085
SHOP.TO,2025-07-02,153.0500030517578,159.82000732421875,152.5,155.9600067138672,155.9600067138672,2082000,-0.007003634673534154,148.25566660563152,100.67781487762926,-0.14985004465348073
SHOP.TO,2025-07-03,157.14999389648438,159.67999267578125,156.2100067138672,159.2899932861328,159.2899932861328,1196000,0.021351541606272173,148.83799947102864,102.82744143081753,-0.13169803251032908
SHOP.TO,2025-07-04,159.97999572753906,159.97999572753906,157.99000549316406,158.25999450683594,158.25999450683594,346700,-0.0064661863438382206,149.3403325398763,102.16254003326576,-0.1373126348348387
SHOP.TO,2025-07-07,158.33999633789062,159.66000366210938,156.80999755859375,159.3300018310547,159.3300018310547,1420500,0.0067610726738178695,150.0009994506836,102.8532683909725,-0.13147994286417253
SHOP.TO,2025-07-08,160.0,161.8800048828125,152.3000030517578,153.99000549316406,153.99000549316406,2008300,-0.03351532213972408,150.3559997558594,99.40610796772556,-0.1605886723638913
SHOP.TO,2025-07-09,155.08999633789062,157.35000610351562,154.13999938964844,156.49000549316406,156.49000549316406,1671900,0.016234819863753858,150.65533345540365,101.01994822393846,-0.14696098066812457
SHOP.TO,2025-07-10,157.00999450683594,159.33999633789062,153.99000549316406,157.42999267578125,157.42999267578125,1920800,0.006006691479464754,150.96033325195313,101.62674388619116,-0.1418370384590527
SHOP.TO,2025-07-11,155.64999389648438,159.02000427246094,152.35000610351562,153.4199981689453,153.4199981689453,1666200,-0.0254716044806933,151.12066650390625,99.03814766126139,-0.1636958259954041
SHOP.TO,2025-07-14,154.97999572753906,162.27999877929688,153.08999633789062,159.9499969482422,159.9499969482422,2028300,0.04256289178224382,151.5643330891927,103.25349762248155,-0.12810030194020772
SHOP.TO,2025-07-15,161.6300048828125,162.27000427246094,157.3000030517578,157.86000061035156,157.86000061035156,1460200,-0.013066560661247895,151.96200002034504,101.90432953231138,-0.13949303223542964
SHOP.TO,2025-07-16,157.6699981689453,164.41000366210938,154.85000610351562,164.1199951171875,164.1199951171875,2042600,0.039655355901635714,152.62799987792968,105.94538198783276,-0.10536932217288819
SHOP.TO,2025-07-17,164.41000366210938,175.07000732421875,164.38999938964844,174.2100067138672,174.2100067138672,2428800,0.06147947780204999,153.71133321126302,112.45884874798344,-0.050367895274383345
SHOP.TO,2025-07-18,174.64999389648438,176.88999938964844,172.66000366210938,174.36000061035156,174.36000061035156,1513100,0.000860994723057118,154.73899993896484,112.55567522331653,-0.049550267043368956
SHOP.TO,2025-07-21,174.97999572753906,176.9499969482422,174.0,175.7899932861328,175.7899932861328,1115100,0.008201380309563744,155.51266632080078,113.47878712182268,-0.041755267318268396
SHOP.TO,2025-07-22,173.8800048828125,173.8800048828125,167.5,168.4499969482422,168.4499969482422,1865900,-0.0417543467673005,156.20933278401694,108.74055449360542,-0.08176615017460065
SHOP.TO,2025-07-23,167.52999877929688,167.57000732421875,162.0,166.05999755859375,166.05999755859375,1572200,-0.014188183039164914,156.71833292643228,107.19772360266985,-0.09479422010868055
SHOP.TO,2025-07-24,167.52999877929688,167.52999877929688,164.52999877929688,166.52000427246094,166.52000427246094,980100,0.0027701235735890783,157.06899973551432,107.49467454385668,-0.09228668823885455
SHOP.TO,2025-07-25,167.36000061035156,172.1699981689453,166.58999633789062,170.6199951171875,170.6199951171875,1097900,0.024621611455270864,157.80433298746746,110.14136665398631,-0.06993732376389461
SHOP.TO,2025-07-28,172.9600067138672,175.75,172.64999389648438,174.16000366210938,174.16000366210938,1151800,0.020747911418532716,158.83700002034504,112.42656997283933,-0.05064046574366443
SHOP.TO,2025-07-29,174.11000061035156,175.6699981689453,169.82000732421875,171.97000122070312,171.97000122070312,1224400,-0.012574657759281571,159.66699981689453,111.01284433238096,-0.06257833697744886
SHOP.TO,2025-07-30,172.0399932861328,173.85000610351562,168.92999267578125,170.33999633789062,170.33999633789062,1585200,-0.00947842572101043,160.4989995320638,109.9606173332984,-0.07146361857967409
SHOP.TO,2025-07-31,173.32000732421875,175.25,169.1199951171875,169.3699951171875,169.3699951171875,2023400,-0.005694500654907841,161.30233256022134,109.33444652587986,-0.07675116961177797
SHOP.TO,2025-08-01,162.75999450683594,165.61000061035156,159.66000366210938,163.6300048828125,163.6300048828125,2161800,-0.03389024266313223,161.96666615804037,105.62907560167854,-0.1080402965120878
SHOP.TO,2025-08-05,171.14999389648438,175.25,169.8800048828125,175.16000366210938,175.16000366210938,1872400,0.07046384180917409,162.93099975585938,113.0721060753245,-0.04518938906535774
SHOP.TO,2025-08-06,199.1199951171875,214.8999938964844,199.1199951171875,212.82000732421875,212.82000732421875,4168100,0.21500344185169706,164.99199981689452,137.38299805893945,0.0
SHOP.TO,2025-08-07,212.69000244140625,215.75,203.0,207.55999755859375,207.55999755859375,2445600,-0.02471576724274649,166.67633310953775,133.98747185580402,-0.02471576724274649
SHOP.TO,2025-08-08,206.7400054931641,207.5399932861328,203.61000061035156,205.82000732421875,205.82000732421875,1364900,-0.008383071183472146,168.33133341471355,132.86424534154332,-0.03289164439006864
SHOP.TO,2025-08-11,206.88999938964844,211.22000122070312,202.9499969482422,203.3800048828125,203.3800048828125,1359300,-0.01185503038857938,169.9703333536784,131.28913567546365,-0.04435674333487338
SHOP.TO,2025-08-12,204.52999877929688,207.4600067138672,202.7599945068359,205.8000030517578,205.8000030517578,1238900,0.011898899158448328,171.63933359781902,132.85133186146584,-0.032985640592363974
SHOP.TO,2025-08-13,206.6000061035156,208.66000366210935,204.44000244140625,206.77999877929688,206.77999877929688,1292700,0.004761883931034827,173.29666697184246,133.4839544838735,-0.028380830453220818
SHOP.TO,2025-08-14,204.6000061035156,205.0,197.44000244140625,199.4600067138672,199.4600067138672,1833200,-0.03539990380424829,174.74666697184244,128.75863533573374,-0.06277605558954047
SHOP.TO,2025-08-15,201.0,201.0,194.3849945068359,195.6000061035156,195.6000061035156,1573700,-0.019352253486529247,175.95700073242188,126.26686558613703,-0.08091345093541646
SHOP.TO,2025-08-18,195.4499969482422,197.91000366210935,193.52999877929688,197.6999969482422,197.6999969482422,1024300,0.010736149177905663,177.27166748046875,127.62248549129636,-0.07104600063725264
SHOP.TO,2025-08-19,197.58999633789065,199.8000030517578,192.82000732421875,193.05999755859375,193.05999755859375,1107100,-0.023469901169817398,178.39600067138673,124.62719836976918,-0.09284845919360296
SHOP.TO,2025-08-20,191.1000061035156,192.0500030517578,186.8999938964844,190.42999267578125,190.42999267578125,1165700,-0.013622733430390221,179.61066691080728,122.92943526820146,-0.1052063428149762
SHOP.TO,2025-08-21,189.47000122070312,191.66000366210935,187.63999938964844,190.1000061035156,190.1000061035156,1063300,-0.001732849787099866,180.7310002644857,122.71641702246865,-0.10675688581332754
SHOP.TO,2025-08-22,190.8999938964844,198.02000427246097,188.8000030517578,196.52000427246097,196.52000427246097,2197400,0.03377168838937061,182.03400065104168,126.86075761841151,-0.07659055770506429
SHOP.TO,2025-08-25,195.7100067138672,197.13999938964844,192.88999938964844,194.8699951171875,194.8699951171875,1002400,-0.008396138405257991,183.41566721598306,125.79561713925145,-0.0843436311872946
SHOP.TO,2025-08-26,195.0,195.4199981689453,192.7100067138672,194.86000061035156,194.86000061035156,1761400,-5.128807454390927e-05,184.57933400472004,125.78916532426231,-0.08439059343939492
SHOP.TO,2025-08-27,195.8999938964844,197.27000427246097,189.75,193.02999877929688,193.02999877929688,1094300,-0.009391367265332295,185.75166727701824,124.60783307470255,-0.0929894176479985
SHOP.TO,2025-08-28,193.55999755859375,198.3699951171875,193.52000427246097,194.77999877929688,194.77999877929688,1290100,0.009065948355524212,186.77366739908854,125.73752125405159,-0.08476650655048135
SHOP.TO,2025-08-29,194.3500061035156,196.9600067138672,192.1999969482422,193.97999572753903,193.97999572753903,1223100,-0.004107213557713929,187.43266703287762,125.2210904020436,-0.08852556596325112
SHOP.TO,2025-09-02,189.0500030517578,192.05999755859375,184.0099945068359,191.7100067138672,191.7100067138672,1233800,-0.01170218096540343,188.01100056966146,123.75573054147374,-0.0991918047356879
SHOP.TO,2025-09-03,193.5,194.3999938964844,190.6000061035156,193.4900054931641,193.4900054931641,1071100,0.00928485064399176,188.6010009765625,124.90478401588942,-0.09082793518377497
SHOP.TO,2025-09-04,194.5,201.4199981689453,193.8000030517578,200.77999877929688,200.77999877929688,1220100,0.03767632993524472,189.6786677042643,129.61073786896256,-0.05657366850185108
SHOP.TO,2025-09-05,203.16000366210935,204.1999969482422,200.57000732421875,203.33999633789065,203.33999633789065,1545900,0.01275026184957695,190.92133433024088,131.2633087153087,-0.044544735739463936
SHOP.TO,2025-09-08,203.6000061035156,205.07000732421875,199.1999969482422,201.8999938964844,201.8999938964844,1222800,-0.007081747159144225,192.10066731770834,130.3337351517142,-0.0513110283428303
SHOP.TO,2025-09-09,200.5800018310547,202.63999938964844,197.75,198.8300018310547,198.8300018310547,1241500,-0.01520550846080626,193.04100087483724,128.35194443913633,-0.06573632652803696
SHOP.TO,2025-09-10,200.4499969482422,201.2400054931641,195.9900054931641,197.22000122070312,197.22000122070312,1405000,-0.008097372607377307,193.8096674601237,127.31263092013126,-0.0733014076056765
SHOP.TO,2025-09-11,198.30999755859375,203.3000030517578,197.1699981689453,200.6499938964844,200.6499938964844,1564300,0.017391708014152574,194.7656672159831,129.52681502360775,-0.05718453626962827
SHOP.TO,2025-09-12,198.36000061035156,200.4199981689453,195.9499969482422,198.4900054931641,198.4900054931641,1319500,-0.01076495623735052,195.7040008544922,128.1324645283152,-0.06733390347658308
SHOP.TO,2025-09-15,199.77999877929688,204.1000061035156,197.7100067138672,203.6699981689453,203.6699981689453,1298200,0.026096994974185828,196.8473342895508,131.4763368111407,-0.04299412104301803
SHOP.TO,2025-09-16,205.5,206.3000030517578,199.63999938964844,202.33999633789065,202.33999633789065,2977400,-0.006530180404633823,198.13766733805338,130.61777261282356,-0.049243542080902314
SHOP.TO,2025-09-17,203.36000061035156,205.2899932861328,200.3500061035156,203.57000732421875,203.57000732421875,1924400,0.006078931543885613,199.0846674601237,131.4117891109517,-0.04346395865830499
SHOP.TO,2025-09-18,206.0,210.94000244140625,204.3300018310547,209.7400054931641,209.7400054931641,1538300,0.030308974539253297,198.98200073242188,135.39474568127326,-0.014472332135401444
SHOP.TO,2025-09-19,217.77000427246097,217.77000427246097,209.52999877929688,211.6000061035156,211.6000061035156,5652400,0.008868125115082615,199.11666768391927,136.5954432258996,-0.005732549472402537
SHOP.TO,2025-09-22,210.82000732421875,219.7400054931641,209.8000030517578,217.27000427246097,217.27000427246097,1300100,0.026795831783537727,199.4983342488607,140.2556317449786,0.0
SHOP.TO,2025-09-23,217.0,217.1499938964844,206.44500732421875,207.47000122070312,207.47000122070312,1699600,-0.04510518184308787,199.6346674601237,133.92937597060416,-0.04510518184308787
SHOP.TO,2025-09-24,209.0800018310547,211.22999572753903,206.55999755859375,206.83999633789065,206.83999633789065,1302300,-0.0030366071196109568,199.6693339029948,133.52268507400677,-0.048004822246382806
SHOP.TO,2025-09-25,201.9499969482422,201.97000122070312,197.77000427246097,199.9600067138672,199.9600067138672,1449800,-0.03326237548749722,199.44200083414714,129.08140338697632,-0.07967044331111017
SHOP.TO,2025-09-26,200.1199951171875,200.44000244140625,194.5,195.3999938964844,195.3999938964844,2020100,-0.02280462424622709,199.3066670735677,126.13775048556066,-0.10065821303409705
SHOP.TO,2025-09-29,197.6300048828125,208.1300048828125,196.05999755859375,207.4600067138672,207.4600067138672,2133700,0.061719617165247875,199.7020004272461,133.92292415561502,-0.04515118224185166
SHOP.TO,2025-09-30,206.7400054931641,211.2400054931641,202.25,206.7599945068359,206.7599945068359,1732800,-0.0033742031445933574,200.00400034586588,133.47104100379602,-0.048373036125342384
SHOP.TO,2025-10-01,204.80999755859375,211.44000244140625,203.5,208.6199951171875,208.6199951171875,1139000,0.008995940509613831,200.52266693115234,134.6717385484224,-0.03981225657098153
SHOP.TO,2025-10-02,210.94000244140625,211.3500061035156,206.5,211.2400054931641,211.2400054931641,2139600,0.012558769232569711,201.2163340250651,136.36304983500102,-0.027753480281314524
SHOP.TO,2025-10-03,212.3000030517578,226.6499938964844,212.3000030517578,224.88999938964844,224.88999938964844,2079300,0.06461841290250336,202.3760004679362,145.17461369388374,0.0
SHOP.TO,2025-10-06,231.92999267578125,236.9900054931641,227.38999938964844,229.52000427246097,229.52000427246097,1310100,0.020587864713319304,203.4760004679362,148.1634490004218,0.0
SHOP.TO,2025-10-07,230.4499969482422,234.80999755859375,224.3300018310547,225.1000061035156,225.1000061035156,1117300,-0.01925757270245787,204.4836675008138,145.31018060944925,-0.01925757270245787
SHOP.TO,2025-10-08,227.44000244140625,233.80999755859375,227.0,232.4199981689453,232.4199981689453,1256100,0.03251884436672792,205.73566741943358,150.03549975758906,0.0
SHOP.TO,2025-10-09,232.3800048828125,233.80999755859375,227.6999969482422,229.8800048828125,229.8800048828125,1037000,-0.010928462723274301,206.96400095621746,148.3958423913204,-0.010928462723274301
SHOP.TO,2025-10-10,231.1000061035156,231.3699951171875,210.9499969482422,211.38999938964844,211.38999938964844,1955700,-0.0804332917192595,207.51766764322917,136.45987631033407,-0.0904827422122697
SHOP.TO,2025-10-14,209.27000427246097,217.3999938964844,204.17999267578125,214.83999633789065,214.83999633789065,1539000,0.016320530574783554,208.21300099690754,138.68697389388805,-0.07563893799825183
SHOP.TO,2025-10-15,218.94000244140625,222.77000427246097,216.86000061035156,219.4199981689453,219.4199981689453,1227000,0.021318199167400076,209.13666737874348,141.64353042528197,-0.05593322477590912
SHOP.TO,2025-10-16,225.72999572753903,231.52000427246097,219.13999938964844,220.1000061035156,220.1000061035156,2468400,0.0030991155785475843,210.02366739908854,142.08250009702346,-0.053007452725622795
SHOP.TO,2025-10-17,218.77999877929688,223.02000427246097,217.02000427246097,220.92999267578125,220.92999267578125,963300,0.003770952063832711,210.6953338623047,142.61828639399886,-0.04943638922504434
SHOP.TO,2025-10-20,224.5399932861328,231.58999633789065,224.0,231.3500061035156,231.3500061035156,1248800,0.047164322514715806,211.62900085449218,149.3447812499815,-0.00460370051570147
SHOP.TO,2025-10-21,230.47999572753903,231.5,226.0,227.9600067138672,227.9600067138672,983400,-0.014653119949050608,212.49766794840494,147.1564142565608,-0.01918936188888609
SHOP.TO,2025-10-22,227.0,228.6499938964844,222.9199981689453,226.55999755859375,226.55999755859375,1649200,-0.006141468301633757,213.42200113932293,146.25265780302206,-0.025212979332750685
SHOP.TO,2025-10-23,226.52999877929688,234.5,226.1499938964844,233.5099945068359,233.5099945068359,1624900,0.03067618742556144,214.631667582194,150.73913174527405,0.0
SHOP.TO,2025-10-24,237.52999877929688,244.67999267578125,236.9949951171875,242.1199951171875,242.1199951171875,1835900,0.03687208604726133,216.01400095621744,156.29719798167528,0.0
SHOP.TO,2025-10-27,246.25,247.1699981689453,241.82000732421875,245.1699981689453,245.1699981689453,2012600,0.012597072167796819,217.57000071207682,158.26608506427485,0.0
SHOP.TO,2025-10-28,244.13999938964844,250.33999633789065,242.0,249.38999938964844,249.38999938964844,1577100,0.017212551503936968,219.09400075276693,160.99024820477015,0.0
SHOP.TO,2025-10-29,250.57000732421875,253.1000061035156,245.86000061035156,249.7100067138672,249.7100067138672,1445000,0.0012831602109224516,220.67300109863282,161.19682448561304,0.0
SHOP.TO,2025-10-30,247.82000732421875,249.06500244140625,241.63999938964844,242.9499969482422,242.9499969482422,1531600,-0.02707144120728422,221.98566741943358,156.83299412874985,-0.02707144120728422
SHOP.TO,2025-10-31,249.0,252.3500061035156,240.8800048828125,243.86000061035156,243.86000061035156,1501300,0.003745641792715304,223.1230005900065,157.42043434603517,-0.02342719933614401
SHOP.TO,2025-11-03,247.42999267578125,250.75,238.6699981689453,242.9600067138672,242.9600067138672,1819700,-0.003690617133731644,224.1683339436849,156.8394557938382,-0.0270313556466103
SHOP.TO,2025-11-04,229.92999267578125,245.1999969482422,226.1199951171875,227.22999572753903,227.22999572753903,1869300,-0.06474321102918523,224.50033365885417,146.68516580967517,-0.09002446991276203
SHOP.TO,2025-11-05,226.47999572753903,235.2400054931641,221.4499969482422,230.6300048828125,230.6300048828125,1711200,0.0149628535809605,225.27233378092447,148.87999446818426,-0.0764086392938097
SHOP.TO,2025-11-06,229.4900054931641,230.0,219.9600067138672,220.3300018310547,220.3300018310547,1781100,-0.04466029065468491,225.7220006306966,142.23097064256729,-0.11765649790910415
SHOP.TO,2025-11-07,215.41000366210935,216.08999633789065,206.75,214.22000122070312,214.22000122070312,1789900,-0.02773113311657216,226.19733378092448,138.286744662379,-0.14212488302012927
SHOP.TO,2025-11-10,220.0099945068359,223.72000122070312,218.8500061035156,222.69000244140625,222.69000244140625,1101200,0.039538797369237155,227.10700073242188,143.75443623843623,-0.10820553260175148
SHOP.TO,2025-11-11,219.5099945068359,224.1000061035156,218.0800018310547,222.7100067138672,222.7100067138672,792800,8.983013265817519e-05,227.6153340657552,143.7673497185137,-0.10812542258644131
SHOP.TO,2025-11-12,224.52000427246097,224.94000244140625,218.8500061035156,219.4900054931641,219.4900054931641,1299400,-0.014458269155548487,228.03966776529947,141.6887226805036,-0.12102038527967762
SHOP.TO,2025-11-13,216.0,216.0099945068359,202.0,205.8800048828125,205.8800048828125,2152200,-0.062007381975191844,227.94833475748698,132.90297593167656,-0.17552360999804761
SHOP.TO,2025-11-14,199.3800048828125,209.92999267578125,198.0,204.9199981689453,204.9199981689453,1833600,-0.004662942933256753,227.7376678466797,132.28325693924714,-0.1793680963544444
SHOP.TO,2025-11-17,201.27999877929688,203.97999572753903,195.0099945068359,196.88999938964844,196.88999938964844,2172000,-0.039186018207342466,226.80433451334636,127.09960282429925,-0.21152539307222518
SHOP.TO,2025-11-18,192.82000732421875,199.1300048828125,190.7899932861328,196.32000732421875,196.32000732421875,2390300,-0.002894977231939877,225.69766794840496,126.7316523679343,-0.21380800910724385
SHOP.TO,2025-11-19,198.42999267578125,206.6000061035156,197.0,205.36000061035156,205.36000061035156,2044700,0.04604723384715159,225.03966776529947,132.5672944003565,-0.17760604265384738
SHOP.TO,2025-11-20,216.08999633789065,216.9900054931641,202.7899932861328,203.9199981689453,203.9199981689453,1951000,-0.0070120882213011715,224.08966776529948,131.63772083676199,-0.1833727416354236
SHOP.TO,2025-11-21,205.36000061035156,211.1999969482422,201.3500061035156,208.27999877929688,208.27999877929688,1744600,0.021380936884568547,223.36966756184896,134.45225863760126,-0.1659124857661124
SHOP.TO,2025-11-24,210.0,220.4900054931641,207.7400054931641,219.13999938964844,219.13999938964844,2949100,0.05214135142116705,223.62800089518228,141.46278110459406,-0.12242203557043552
SHOP.TO,2025-11-25,218.2100067138672,223.11000061035156,213.7899932861328,221.9900054931641,221.9900054931641,1913600,0.013005412573941388,223.8663345336914,143.3025629367165,-0.11100877207722937
SHOP.TO,2025-11-26,223.4199981689453,225.44000244140625,222.0,223.8699951171875,223.8699951171875,1217700,0.008468802997895875,224.0146677652995,144.5161641113211,-0.10348008050109392
SHOP.TO,2025-11-27,223.8699951171875,225.72000122070312,223.2899932861328,224.0,224.0,226600,0.0005807159764508185,224.14466756184896,144.6000869566759,-0.10295945706063458
SHOP.TO,2025-11-28,224.32000732421875,224.32000732421875,220.75,223.22000122070312,223.22000122070312,751800,-0.003482137407575303,224.22100118001302,144.09656958474542,-0.10608307549131546
SHOP.TO,2025-12-01,213.3699951171875,217.0399932861328,208.75,209.11000061035156,209.11000061035156,1457700,-0.06321118418237381,223.47966766357422,134.98805478467585,-0.16258862285017506
SHOP.TO,2025-12-02,214.02999877929688,221.9499969482422,212.75,219.36000061035156,219.36000061035156,1308600,0.04901726349807389,223.19300079345703,141.60479983514875,-0.12154100872013707
SHOP.TO,2025-12-03,218.5399932861328,224.8699951171875,216.52999877929688,223.1300048828125,223.1300048828125,1270500,0.017186379750051106,223.07866770426432,144.03847369954556,-0.10644347890115458
SHOP.TO,2025-12-04,225.0,227.91000366210935,220.3999938964844,226.6699981689453,226.6699981689453,1001000,0.015865160259338484,222.85066782633464,146.32366716829938,-0.09226706149314434
SHOP.TO,2025-12-05,225.5500030517578,226.30999755859375,220.1999969482422,222.77999877929688,222.77999877929688,1013400,-0.01716150977664488,222.20600128173828,143.8125321236361,-0.10784512919191236
SHOP.TO,2025-12-08,223.7599945068359,226.27000427246097,216.69000244140625,219.67999267578125,219.67999267578125,1767500,-0.013915100639652733,221.35633443196613,141.8113662658924,-0.12025955400536326
SHOP.TO,2025-12-09,219.8999938964844,224.97999572753903,218.86000061035156,221.7599945068359,221.7599945068359,1309700,0.00946832620358129,220.43533426920573,143.15408254107342,-0.11192988448820196
SHOP.TO,2025-12-10,219.9499969482422,232.97000122070312,218.92999267578125,232.4900054931641,232.4900054931641,2840200,0.04838569287571581,219.86133422851563,150.08069201281066,-0.06895999662694663
SHOP.TO,2025-12-11,230.0800018310547,230.5500030517578,223.88999938964844,226.91000366210935,226.91000366210935,1167900,-0.024001039611222352,219.32666778564453,146.47859937893153,-0.09130592462753595
SHOP.TO,2025-12-12,226.19000244140625,226.5,219.4499969482422,226.1499938964844,226.1499938964844,1310100,-0.0033493885388882205,218.73633422851563,145.98798563697935,-0.094349494148944
SHOP.TO,2025-12-15,230.0,233.07000732421875,219.97000122070312,220.22000122070312,220.22000122070312,1500500,-0.026221502700971122,217.97833404541015,142.15996127728994,-0.11809701133425343
SHOP.TO,2025-12-16,216.7400054931641,224.94000244140625,214.0,224.3500061035156,224.3500061035156,1540100,0.01875399536790212,217.88233439127603,144.82602853258538,-0.10155780676987691
SHOP.TO,2025-12-17,229.72999572753903,234.47000122070312,222.72999572753903,223.02000427246097,223.02000427246097,1732400,-0.005928245129803833,217.62866770426433,143.96746433426827,-0.10688399232630363
SHOP.TO,2025-12-18,229.6199951171875,238.22000122070312,227.8000030517578,229.8999938964844,229.8999938964844,1366000,0.030849204072376457,217.94766743977866,148.4087460212987,-0.07933207434527156
SHOP.TO,2025-12-19,232.66000366210935,236.8000030517578,230.1699981689453,233.8000030517578,233.8000030517578,4959500,0.016963937619891567,218.60033416748047,150.92634273105034,-0.06371392108582985
SHOP.TO,2025-12-22,237.6300048828125,237.8800048828125,233.32000732421875,233.3800048828125,233.3800048828125,1210900,-0.0017963993304668247,218.956667582194,150.65521875001846,-0.0653958647711167
SHOP.TO,2025-12-23,232.02000427246097,232.6000061035156,229.2100067138672,232.1199951171875,232.1199951171875,1439900,-0.0053989619473086,219.27033386230468,149.84183695682367,-0.07044175693301469
SHOP.TO,2025-12-24,231.7899932861328,232.9900054931641,230.02999877929688,231.7599945068359,231.7599945068359,424800,-0.0015509245990197318,219.67933349609376,149.609443565925,-0.07188343167840883
SHOP.TO,2025-12-29,231.38999938964844,233.63999938964844,228.77999877929688,229.8500061035156,229.8500061035156,1791100,-0.008241234244868667,220.47833353678385,148.37647709625378,-0.07953225772449068
SHOP.TO,2025-12-30,228.77999877929688,229.3800048828125,224.2100067138672,224.2100067138672,224.2100067138672,1540200,-0.024537738698637956,221.12133382161457,144.73565387224144,-0.10211845466497238
SHOP.TO,2025-12-31,224.1999969482422,224.4600067138672,220.6199951171875,221.0,221.0,1021100,-0.01431696453211273,221.9250005086263,142.66347864922042,-0.11497339290357256
TD.TO,2025-01-02,76.97000122070312,76.9800033569336,76.33999633789062,76.5,71.38615417480469,18507000,,,100.0,0.0
TD.TO,2025-01-03,76.7699966430664,77.83000183105469,76.58000183105469,77.77999877929688,72.5805892944336,17948300,0.01673202784820238,,101.67320278482025,0.0
TD.TO,2025-01-06,78.31999969482422,78.51000213623047,77.69000244140625,77.77999877929688,72.5805892944336,22054800,0.0,,101.67320278482025,0.0
TD.TO,2025-01-07,77.81999969482422,78.70999908447266,77.75,78.4800033569336,73.23379516601562,22302900,0.008999732269081129,,102.58823438882361,0.0
TD.TO,2025-01-08,78.66000366210938,78.75,77.72000122070312,77.91999816894531,72.71122741699219,23749600,-0.007135609288564271,,101.85620483062131,-0.007135609288564271
TD.TO,2025-01-09,77.44999694824219,78.19000244140625,77.44000244140625,77.9800033569336,72.76721954345703,5652300,0.000770061632211716,,101.93464038596406,-0.006371042515288194
TD.TO,2025-01-10,76.93000030517578,78.30000305175781,76.33000183105469,78.19999694824219,73.96849060058594,20880100,0.016508409482534958,,103.6174191699105,0.0
TD.TO,2025-01-13,77.81999969482422,78.76000213623047,77.79000091552734,78.18000030517578,73.94956970214844,14112700,-0.0002557967356623392,,103.59091417232908,-0.0002557967356623392
TD.TO,2025-01-14,78.75,79.11000061035156,78.44999694824219,78.56999969482422,74.31847381591797,8787200,0.00498859040364108,,104.10768681267358,0.0
TD.TO,2025-01-15,79.05999755859375,79.5999984741211,78.9000015258789,79.30999755859375,75.01844024658203,13619700,0.009418471541784212,,105.08822209819974,0.0
TD.TO,2025-01-16,79.48999786376953,80.0199966430664,79.26000213623047,79.5999984741211,75.29273986816406,9507200,0.0036564292816596566,,105.47246975063713,0.0
TD.TO,2025-01-17,80.30000305175781,83.7300033569336,80.19999694824219,83.12999725341797,78.63172149658203,12473500,0.04434666123539199,,110.14982163632878,0.0
TD.TO,2025-01-20,83.0,83.0,81.69000244140625,82.36000061035156,77.90339660644531,2363200,-0.00926248181108913,,109.12956091692756,-0.00926248181108913
TD.TO,2025-01-21,82.44999694824219,82.77999877929688,81.80000305175781,82.11000061035156,77.66693115234375,10200100,-0.003035367704134262,,108.79831257215397,-0.012269734477073801
TD.TO,2025-01-22,82.0,82.30000305175781,81.58999633789062,81.86000061035156,77.43045043945312,8752000,-0.003044805677036022,,108.46704285238233,-0.015277181196918344
TD.TO,2025-01-23,82.12000274658203,82.30000305175781,81.81999969482422,82.2300033569336,77.78042602539062,4144900,0.004519870205471177,,108.9572998076464,-0.010826361867562695
TD.TO,2025-01-24,82.02999877929688,82.37999725341797,81.98999786376953,82.1500015258789,77.70475769042969,5896600,-0.0009728454680388854,,108.85130119231877,-0.011788674958523426
TD.TO,2025-01-27,82.01000213623047,82.80000305175781,81.95999908447266,82.62999725341797,78.15877532958984,4889900,0.005842855092206056,,109.48730357178354,-0.006014699385829214
TD.TO,2025-01-28,82.45999908447266,82.86000061035156,82.27999877929688,82.54000091552734,78.07365417480469,4927900,-0.0010890799456133582,,109.36806314516424,-0.0070972288429626
TD.TO,2025-01-29,82.48999786376953,82.97000122070312,82.4000015258789,82.8499984741211,78.36687469482422,2306000,0.003755690996133154,,109.77881579518306,-0.0033681928452924392
TD.TO,2025-01-30,83.0,83.5999984741211,82.73999786376953,83.05000305175781,78.55606079101562,7603000,0.002414107962428469,,110.04383370850017,-0.0009622160640307964
TD.TO,2025-01-31,82.86000061035156,83.30999755859375,82.75,82.91000366210938,78.42362976074219,4653600,-0.0016858155683969756,,109.85832010042829,-0.002646409513606951
TD.TO,2025-02-03,79.0,83.3499984741211,78.9800033569336,82.5,78.03582000732422,12186800,-0.004945062535375078,,109.31506383750042,-0.00757838538844291
TD.TO,2025-02-04,82.01000213623047,82.66000366210938,81.83000183105469,82.0,77.56287384033203,6585600,-0.006060629169371223,,108.6525457729552,-0.013593084774272235
TD.TO,2025-02-05,82.5,82.58999633789062,82.01000213623047,82.25,77.7993392944336,6001200,0.0030486938195242175,,108.98379411772879,-0.010585832108287452
TD.TO,2025-02-06,82.70999908447266,82.86000061035156,82.37000274658203,82.86000061035156,78.37633514404297,3377000,0.0074164620784982205,,109.79206829397377,-0.00324787945218985
TD.TO,2025-02-07,82.61000061035156,82.83999633789062,82.41000366210938,82.80999755859375,78.32904052734375,4714100,-0.000603429805850153,,109.72581648751924,-0.0038493493907727494
TD.TO,2025-02-10,83.87999725341797,86.0199966430664,83.7300033569336,86.0,81.34642791748047,14779500,0.03852195009440185,,113.95266891431896,0.0
TD.TO,2025-02-11,85.69000244140625,86.98999786376953,85.58999633789062,86.69000244140625,81.99909973144531,5400500,0.008023361697294451,,114.86695239339059,0.0
TD.TO,2025-02-12,86.5,86.58000183105469,85.19999694824219,85.56999969482422,80.93968963623047,6150900,-0.01291977715224324,76.69641977945963,113.38289696631065,-0.01291977715224324
TD.TO,2025-02-13,85.55000305175781,85.72000122070312,84.91999816894531,85.08999633789062,80.48564910888672,3394200,-0.005609615373920462,76.99973627726237,112.7468625243488,-0.018456917545622842
TD.TO,2025-02-14,85.02999877929688,85.37999725341797,84.62000274658203,84.63999938964844,80.06002044677734,4894200,-0.0052882553203187355,77.24905064900716,112.15062832875516,-0.02364756797353429
TD.TO,2025-02-18,84.68000030517578,85.33000183105469,84.54000091552734,85.12999725341797,80.52349853515625,3920800,0.005789132775540828,77.51381429036458,112.79988320701065,-0.017995334108810823
TD.TO,2025-02-19,85.0,85.5999984741211,84.2699966430664,85.55999755859375,80.93022918701172,3520200,0.005051080234397487,77.77036209106446,113.36964446751995,-0.013035149750841746
TD.TO,2025-02-20,85.25,85.62000274658203,85.01000213623047,85.58999633789062,80.95861053466797,4469900,0.00035068908047541925,78.04527486165365,113.40940196389207,-0.012689031955046337
TD.TO,2025-02-21,85.66999816894531,86.26000213623047,84.95999908447266,85.12000274658203,80.51405334472656,2790500,-0.0054911662515630955,78.30350265502929,112.786652083218,-0.0181105206225729
TD.TO,2025-02-24,85.20999908447266,85.33999633789062,84.58999633789062,84.63999938964844,80.06002044677734,1871400,-0.005639175759854509,78.50655364990234,112.15062832875516,-0.02364756797353429
TD.TO,2025-02-25,84.73999786376953,85.62999725341797,84.73999786376953,85.2699966430664,80.65592193603516,3845200,0.0074431843251145935,78.73009872436523,112.98538612758351,-0.016380396855687263
TD.TO,2025-02-26,85.30000305175781,85.81999969482422,85.02999877929688,85.66999816894531,81.0342788696289,2227300,0.004691000047012173,78.95395889282227,113.5154005792197,-0.011766237251095268
TD.TO,2025-02-27,85.0,86.44999694824219,84.5,86.27999877929688,81.61126708984375,6615400,0.007120298079571041,79.17371978759766,114.32366406796565,-0.0047297182880269295
TD.TO,2025-02-28,86.37000274658203,87.56999969482422,85.98999786376953,86.63999938964844,81.95179748535156,6614800,0.004172590472500959,79.39568837483723,114.80068989943705,-0.0005768629929921998
TD.TO,2025-03-03,86.5999984741211,87.25,85.86000061035156,86.41000366210938,81.7342529296875,5089900,-0.0026545428207714883,79.4991060892741,114.49594655224487,-0.0032298745062471212
TD.TO,2025-03-04,85.08000183105469,85.45999908447266,83.93000030517578,84.91999816894531,80.32486724853516,5549900,-0.017243513345191697,79.57982177734375,112.52163416990088,-0.020417693467287168
TD.TO,2025-03-05,84.58000183105469,85.23999786376953,84.16999816894531,84.98999786376953,80.39107513427734,6031100,0.0008242514181484584,79.67062657674154,112.6143802864378,-0.019610271361934495
TD.TO,2025-03-06,84.70999908447266,85.26000213623047,84.58999633789062,84.7300033569336,80.14515686035156,3944500,-0.003059024568523583,79.76111679077148,112.26989013037253,-0.0226093076285665
TD.TO,2025-03-07,84.48999786376953,85.75,84.36000061035156,85.58000183105469,80.94915771484375,4991900,0.010031808358589966,79.86674118041992,113.39616015260039,-0.01280431151122663
TD.TO,2025-03-10,84.9000015258789,85.66999816894531,84.80000305175781,84.86000061035156,80.26811981201172,9628600,-0.008413156134756794,79.95218658447266,112.44214055215467,-0.021109742974041334
TD.TO,2025-03-11,84.54000091552734,84.58999633789062,82.69999694824219,83.18000030517578,78.67901611328125,6743400,-0.019797445143254322,79.96952794392904,110.2160734427833,-0.04048926913877893
TD.TO,2025-03-12,83.2699966430664,84.16999816894531,82.75,83.91000366210938,79.36952209472656,5127300,0.00877624067452909,80.01272354125976,111.18335622951875,-0.0320683720349475
TD.TO,2025-03-13,83.55999755859375,84.30000305175781,83.19999694824219,83.2699966430664,78.76415252685547,5402100,-0.007627229595115748,80.02596613566081,110.33533524440065,-0.03945100879381114
TD.TO,2025-03-14,83.5999984741211,84.73999786376953,83.54000091552734,84.62999725341797,80.0505599975586,5371500,0.016332397790536968,80.0757827758789,112.13737582996445,-0.023762940572132685
TD.TO,2025-03-17,84.66999816894531,85.45999908447266,84.62999725341797,85.33000183105469,80.71268463134766,8763000,0.008271330441776525,80.15208460489909,113.06490112032778,-0.015688161264096667
TD.TO,2025-03-18,85.26000213623047,85.62000274658203,84.83000183105469,85.30999755859375,80.69375610351562,4826200,-0.00023451738618884832,80.24068247477213,113.03838543524733,-0.015918999503711784
TD.TO,2025-03-19,85.29000091552734,85.88999938964844,85.29000091552734,85.81999969482422,81.1761703491211,4969100,0.005978334246662387,80.36112569173177,113.7141666860823,-0.010035834356954987
TD.TO,2025-03-20,85.44999694824219,86.25,85.30999755859375,85.80999755859375,81.16670227050781,4021500,-0.00011663618242352403,80.47337112426757,113.70090349979256,-0.010151299997971708
TD.TO,2025-03-21,85.72000122070312,86.0,84.86000061035156,85.30000305175781,80.68431091308594,11937000,-0.005943217402306078,80.55030364990235,113.02515431145467,-0.01603418601747375
TD.TO,2025-03-24,85.9000015258789,86.83999633789062,85.88999938964844,86.69000244140625,81.99909973144531,11579400,0.016295470624712705,80.67263895670573,114.86695239339059,0.0
TD.TO,2025-03-25,86.98999786376953,87.41000366210938,86.80000305175781,87.05000305175781,82.33960723876953,8855500,0.0041525761677800865,80.70574493408203,115.34394616236492,0.0
TD.TO,2025-03-26,87.20999908447266,87.48999786376953,87.0199966430664,87.33000183105469,82.60446166992188,8470600,0.003216610329271008,80.72592366536459,115.71496269100966,0.0
TD.TO,2025-03-27,87.0,87.6500015258789,86.9800033569336,87.29000091552734,82.56663513183594,9543400,-0.00045792366805907925,80.78015518188477,115.66197407084486,-0.00045792366805907925
TD.TO,2025-03-28,87.04000091552734,87.31999969482422,86.18000030517578,86.37000274658203,81.6964111328125,9035200,-0.010539656819415377,80.82051391601563,114.44293655708204,-0.010992754129163673
TD.TO,2025-03-31,85.69000244140625,86.66999816894531,85.5999984741211,86.2300033569336,81.56398010253906,9482300,-0.0016210140499091086,80.87064590454102,114.25742294901016,-0.01259594877018222
TD.TO,2025-04-01,86.29000091552734,86.5,84.69000244140625,84.88999938964844,80.2964859008789,16865000,-0.015539876794471219,80.86307881673177,112.48187667352876,-0.0279400860726553
TD.TO,2025-04-02,84.12000274658203,86.0999984741211,84.08999633789062,85.81999969482422,81.1761703491211,13073600,0.010955453882852462,80.87127685546875,113.7141666860823,-0.017290728514254727
TD.TO,2025-04-03,84.58999633789062,84.73999786376953,82.05999755859375,82.63999938964844,78.16824340820312,14518900,-0.03705430950957067,80.77826461791992,109.50056675807329,-0.05370434201781227
TD.TO,2025-04-04,81.62999725341797,81.75,80.11000061035156,81.19999694824219,76.80615234375,12709700,-0.017425120548508866,80.65466791788737,107.59250618218381,-0.0701936579326824
TD.TO,2025-04-07,78.56999969482422,81.11000061035156,78.19999694824219,79.3499984741211,75.05626678466797,25072200,-0.022783143090547298,80.4878761291504,105.14121071836452,-0.09137756887050053
TD.TO,2025-04-08,80.88999938964844,81.73999786376953,78.95999908447266,79.66999816894531,75.35894012451172,18636500,0.0040326191643944576,80.31131006876628,105.56520517967503,-0.08771344064152908
TD.TO,2025-04-09,78.77999877929688,81.83999633789062,78.11000061035156,81.19000244140625,76.79670715332031,6589500,0.019078917862075162,80.17005767822266,107.57927505839115,-0.07030800030885376
TD.TO,2025-04-10,79.55999755859375,79.75,78.05999755859375,79.19999694824219,75.89591217041016,9240800,-0.011729604253887693,79.97954584757487,106.31741273603609,-0.0812129195432364
TD.TO,2025-04-11,78.8499984741211,81.27999877929688,78.72000122070312,81.05000305175781,77.66873931884766,6727900,0.023358664488502878,79.83677724202474,108.80084550942284,-0.05975128039447564
TD.TO,2025-04-14,82.16999816894531,83.25,81.63999938964844,83.19000244140625,79.71946716308594,15059700,0.026403516552774065,79.76961771647136,111.6735704347867,-0.03492540776264663
TD.TO,2025-04-15,83.25,84.12000274658203,83.20999908447266,83.55999755859375,80.07402038574219,12431900,0.004447511194861864,79.76125615437826,112.1702398894656,-0.030633227709794264
TD.TO,2025-04-16,83.61000061035156,84.02999877929688,82.94000244140625,83.80000305175781,80.30402374267578,8859400,0.0028723842742701677,79.75835444132487,112.49243592256522,-0.02784883383706782
TD.TO,2025-04-17,83.80999755859375,84.2699966430664,83.41000366210938,83.9800033569336,80.47650146484375,12163800,0.002147809214649632,79.7693992614746,112.7340482130181,-0.025760838604350633
TD.TO,2025-04-21,83.80000305175781,84.44000244140625,83.5999984741211,84.18000030517578,80.66815948486328,3926100,0.002381540158070239,79.7600326538086,113.00252887601924,-0.02344064891792208
TD.TO,2025-04-22,84.76000213623047,85.77999877929688,84.76000213623047,85.5999984741211,82.02891540527344,8736400,0.016868562876601878,79.81872584025065,114.90871913957938,-0.006967496101460635
TD.TO,2025-04-23,86.55000305175781,86.66999816894531,85.58999633789062,85.69999694824219,82.1247329711914,7036500,0.0011680949997274759,79.93358306884765,115.0429434398314,-0.005807539799089878
TD.TO,2025-04-24,85.63999938964844,86.23999786376953,85.58999633789062,86.19999694824219,82.60388946533203,10614000,0.005834496829459468,80.04139531453451,115.7141611285828,-6.927042175197684e-06
TD.TO,2025-04-25,86.08999633789062,86.47000122070312,85.80999755859375,86.16999816894531,82.57514190673828,6646500,-0.0003480170096084034,80.16842829386393,115.67389063225748,-0.0003549416410550954
TD.TO,2025-04-28,86.20999908447266,87.08000183105469,86.20999908447266,86.68000030517578,83.06385803222656,12622300,0.005918441242768191,80.2688715616862,116.35849975728689,0.0
TD.TO,2025-04-29,86.80000305175781,87.79000091552734,86.80000305175781,87.55999755859375,83.90715026855469,12522800,0.010152336483106206,80.3753537495931,117.5398103994923,0.0
TD.TO,2025-04-30,87.31999969482422,88.08999633789062,86.91999816894531,88.08999633789062,84.4150390625,7453900,0.006052985857817328,80.49939651489258,118.25127720957096,0.0
TD.TO,2025-05-01,88.05000305175781,88.55000305175781,87.36000061035156,87.41000366210938,83.76341247558594,4320600,-0.007719318668224617,80.58563791910807,117.33845791786571,-0.007719318668224617
TD.TO,2025-05-02,88.0,88.47000122070312,87.61000061035156,88.33999633789062,84.65460205078125,2902800,0.010639365671200052,80.70190124511718,118.5868646789486,0.0
TD.TO,2025-05-05,87.76000213623047,88.44000244140625,87.76000213623047,88.18000030517578,84.50128173828125,6379400,-0.001811127910187671,80.82913360595703,118.3720886985469,-0.001811127910187671
TD.TO,2025-05-06,87.80999755859375,87.9800033569336,87.16999816894531,87.44999694824219,83.8017349243164,8168900,-0.008278534947333549,80.8892214457194,117.39214122546711,-0.010074669371822664
TD.TO,2025-05-07,87.87000274658203,88.18000030517578,87.33000183105469,87.33999633789062,83.69632720947266,3165000,-0.001257822584925572,80.93444544474283,117.24448273894095,-0.011319819810076681
TD.TO,2025-05-08,87.63999938964844,88.16000366210938,87.47000122070312,87.76000213623047,84.09880828857422,2761900,0.004808826056300397,80.98425699869792,117.80829106249344,-0.006565428798231521
TD.TO,2025-05-09,88.01000213623047,88.25,87.5199966430664,88.06999969482422,84.3958740234375,2496800,0.0035323417882919816,81.04523162841797,118.22443021202075,-0.0030562783484416878
TD.TO,2025-05-12,88.80000305175781,89.12999725341797,88.20999908447266,88.5199966430664,84.82710266113281,5834900,0.0051095938360157245,81.14958801269532,118.82850903189855,0.0
TD.TO,2025-05-13,88.75,89.29000091552734,88.5,89.12999725341797,85.41165161132812,2915100,0.006891063490998439,81.27784372965495,119.64736383217804,0.0
TD.TO,2025-05-14,89.19000244140625,89.91000366210938,89.0,89.80000305175781,86.0537109375,6507000,0.007517233469428897,81.46975123087564,120.54678100010624,0.0
TD.TO,2025-05-15,89.97000122070312,90.72000122070312,89.75,90.72000122070312,86.9353256225586,6572500,0.010244935116149767,81.66172307332357,121.78177494991304,0.0
TD.TO,2025-05-16,90.5999984741211,90.6500015258789,89.77999877929688,89.83000183105469,86.08245849609375,4523900,-0.009810363282788837,81.92553024291992,120.58705149643156,-0.009810363282788837
TD.TO,2025-05-20,90.19000244140624,90.5500030517578,89.76000213623047,90.16999816894533,86.40825653076172,3966900,0.0037847203757865877,82.24560038248698,121.04343976728612,-0.006062772388812587
TD.TO,2025-05-21,89.68000030517578,90.01000213623047,89.33999633789062,89.9000015258789,86.1495361328125,3988600,-0.002994162923043331,82.61537602742513,120.6810159878573,-0.009038782383558375
TD.TO,2025-05-22,90.75,93.83000183105467,90.6999969482422,92.80999755859376,88.9381332397461,10972200,0.0323692643293465,83.06801579793294,124.58737169390233,0.0
TD.TO,2025-05-23,92.58999633789062,93.43000030517578,91.80999755859376,92.91000366210938,89.03396606445312,7651800,0.0010775223317167626,83.47592442830404,124.72161736915241,0.0
TD.TO,2025-05-26,93.22000122070312,93.8499984741211,93.04000091552734,93.41999816894533,89.5226821899414,2096700,0.0054890975555834665,83.93015009562174,125.40622649418184,0.0
TD.TO,2025-05-27,94.0,94.6999969482422,93.52999877929688,94.31999969482422,90.38513946533205,6322300,0.009633952583779193,84.35403010050456,126.61438413393748,0.0
TD.TO,2025-05-28,94.43000030517578,94.83000183105467,94.12999725341795,94.23999786376952,90.3084716796875,4423800,-0.0008482344121839569,84.70699691772461,126.50698545623757,-0.0008482344121839569
TD.TO,2025-05-29,94.43000030517578,94.95999908447266,94.0500030517578,94.91999816894533,90.96009826660156,5498200,0.007215564329615676,85.06986618041992,127.41980474794282,0.0
TD.TO,2025-05-30,94.5500030517578,95.0999984741211,94.48999786376952,94.7699966430664,90.8163604736328,4933800,-0.001580229086246998,85.42027740478515,127.2184522663162,-0.001580229086246998
TD.TO,2025-06-02,94.68000030517578,95.08999633789062,94.5,94.95999908447266,90.99842834472656,3317200,0.002004791539148121,85.77100830078125,127.47349874304324,0.0
TD.TO,2025-06-03,95.0,96.0199966430664,94.91000366210938,96.0199966430664,92.01421356201172,3981500,0.011162667704953,86.14921010335287,128.89644305069956,0.0
TD.TO,2025-06-04,95.8499984741211,96.0,95.1999969482422,95.22000122070312,91.24758911132812,1986700,-0.008331587273382901,86.45649922688803,127.82253108619403,-0.008331587273382901
TD.TO,2025-06-05,95.48999786376952,95.62999725341795,94.86000061035156,95.5999984741211,91.61174011230467,2020100,0.0039908013408689325,86.77273279825846,128.33264541464607,-0.004374035642176088
TD.TO,2025-06-06,95.87000274658205,96.4800033569336,95.73999786376952,96.3499984741211,92.33045196533205,2674300,0.007845193772613834,87.09695154825846,129.33943988527614,0.0
TD.TO,2025-06-09,96.16000366210938,96.86000061035156,95.70999908447266,95.91999816894533,91.91838073730467,2826800,-0.004463004558691974,87.40839284261068,128.76219737544946,-0.004463004558691974
TD.TO,2025-06-10,95.80999755859376,96.81999969482422,95.79000091552734,96.76000213623048,92.7233428955078,3699500,0.008757357905418761,87.73037567138672,129.88981402255445,0.0
TD.TO,2025-06-11,96.7300033569336,96.76000213623048,95.7300033569336,95.9800033569336,91.97588348388672,3602700,-0.008061178429075944,87.99933344523112,128.84274905559914,-0.008061178429075944
TD.TO,2025-06-12,96.0,96.47000122070312,95.58999633789062,96.30999755859376,92.29212188720705,2793800,0.003438275245007283,88.26190287272135,129.28574589017572,-0.0046506197343069156
TD.TO,2025-06-13,95.68000030517578,96.44000244140624,95.5199966430664,96.2300033569336,92.2154541015625,3587800,-0.000830707801238395,88.54363759358723,129.1783472124758,-0.00547746422945139
TD.TO,2025-06-16,96.36000061035156,96.8000030517578,96.2300033569336,96.45999908447266,92.43585968017578,5120600,0.0023901154178618267,88.80301284790039,129.48709837180226,-0.003100440583295061
TD.TO,2025-06-17,96.38999938964844,96.83000183105467,96.25,96.8000030517578,92.7616729736328,4423900,0.003524749968078611,89.0783592224121,129.94350801765486,0.0
TD.TO,2025-06-18,96.8000030517578,97.9499969482422,96.79000091552734,97.69000244140624,93.6145477294922,4522000,0.009194258021864687,89.40545298258463,131.13824215863542,0.0
TD.TO,2025-06-19,97.29000091552734,97.43000030517578,96.6500015258789,97.43000030517578,93.36539459228516,1976300,-0.0026614788326169148,89.72775522867839,130.78922050298362,-0.0026614788326169148
TD.TO,2025-06-20,98.1999969482422,98.1999969482422,97.13999938964844,97.38999938964844,93.32705688476562,11901500,-0.00041062009845238556,90.0353635152181,130.7355158203842,-0.0030710060743689427
TD.TO,2025-06-23,97.13999938964844,97.86000061035156,97.13999938964844,97.7699966430664,93.6912078857422,8092000,0.003901880259935764,90.34520797729492,131.24563014883628,0.0
TD.TO,2025-06-24,98.0,98.8499984741211,97.87000274658205,98.58000183105467,94.46742248535156,7197700,0.008284817936769162,90.66655197143555,132.33297629961592,0.0
TD.TO,2025-06-25,98.5,98.9800033569336,98.01000213623048,98.83999633789062,94.71656799316406,3939800,0.00263736959533456,90.97671585083008,132.68198726776868,0.0
TD.TO,2025-06-26,98.62000274658205,99.54000091552734,98.62000274658205,99.45999908447266,95.31069946289062,4830900,0.0062727301285816495,91.28528213500977,133.51426556682327,0.0
TD.TO,2025-06-27,99.4800033569336,99.7699966430664,98.97000122070312,99.4499969482422,95.3011245727539,8128600,-0.00010045976150296898,91.56414210001627,133.50085275554719,-0.00010045976150296898
TD.TO,2025-06-30,99.6999969482422,100.19000244140624,99.3000030517578,100.16000366210938,95.9814910888672,7843400,0.007139123689919202,91.89410985310873,134.45393185607875,0.0
TD.TO,2025-07-02,101.1500015258789,101.4499969482422,100.62000274658205,101.0999984741211,96.88228607177734,11011400,0.009385090528299056,92.24324417114258,135.71579417843378,0.0
TD.TO,2025-07-03,100.9000015258789,101.81999969482422,100.88999938964844,101.58999633789062,97.35183715820312,10312800,0.004846614437626906,92.61665420532226,136.37355630591298,0.0
TD.TO,2025-07-04,101.16999816894533,101.94000244140624,101.16999816894533,101.69000244140624,97.44766998291016,3968900,0.000984396674007293,92.9003054300944,136.50780198116306,0.0
TD.TO,2025-07-07,101.6500015258789,102.4499969482422,100.95999908447266,101.2699966430664,97.0451889038086,28697700,-0.004130227835844047,93.16734619140625,135.94399365761058,-0.004130227835844047
TD.TO,2025-07-08,101.3000030517578,101.7300033569336,100.97000122070312,101.4000015258789,97.16976928710938,24655800,0.0012837358008985778,93.42224909464518,136.11850982918597,-0.0028517941562842264
TD.TO,2025-07-09,101.48999786376952,102.16000366210938,101.1999969482422,101.44000244140624,97.2081069946289,12053200,0.00039454356844514926,93.64968134562174,136.17221451178543,-0.0024583757448819465
TD.TO,2025-07-10,100.5,101.18000030517578,100.01000213623048,100.9800033569336,97.77940368652344,17480900,0.005877047805550761,93.89871241251628,136.9725051262589,0.0
TD.TO,2025-07-11,100.5,100.73999786376952,99.68000030517578,100.69000244140624,97.49858856201172,7525800,-0.002871925108195561,94.11666208902994,136.57913034965435,-0.002871925108195561
TD.TO,2025-07-14,100.55999755859376,101.4800033569336,100.30999755859376,101.4800033569336,98.26355743408205,16573700,0.007845948165534633,94.36490198771159,137.65072312687155,0.0
TD.TO,2025-07-15,101.47000122070312,101.4800033569336,100.55999755859376,100.87000274658205,97.67288970947266,13715900,-0.006011055777271457,94.58738403320312,136.82329695237416,-0.006011055777271457
TD.TO,2025-07-16,100.68000030517578,101.37999725341795,100.4000015258789,101.29000091552734,98.07958221435548,7128800,0.004163821773805809,94.78956298828125,137.39300477538833,-0.0018722629683947112
TD.TO,2025-07-17,100.87000274658205,101.7699966430664,100.83000183105467,101.66999816894533,98.4475326538086,3936700,0.003751549824600131,95.02956110636393,137.90844147835472,0.0
TD.TO,2025-07-18,101.51000213623048,101.5500030517578,100.66999816894533,101.01000213623048,97.80845642089844,4997400,-0.006491541389437083,95.23611831665039,137.0132031225452,-0.006491541389437083
TD.TO,2025-07-21,100.76000213623048,102.0500030517578,100.76000213623048,101.81999969482422,98.5927734375,4050100,0.008018908030062555,95.44486236572266,138.1118993972892,0.0
TD.TO,2025-07-22,101.66000366210938,102.19000244140624,101.6500015258789,102.16999816894533,98.93167877197266,7767900,0.0034374257124178964,95.67863896687825,138.5866487914683,0.0
TD.TO,2025-07-23,102.5,102.8499984741211,102.2699966430664,102.44000244140624,99.19312286376952,6141400,0.002642673156284525,95.89429829915365,138.95288800804894,0.0
TD.TO,2025-07-24,102.4000015258789,102.68000030517578,102.11000061035156,102.12999725341795,98.8929443359375,3918100,-0.003026203018572926,96.124866994222,138.53238835891958,-0.003026203018572926
TD.TO,2025-07-25,102.12999725341795,102.6500015258789,101.91999816894533,102.6500015258789,99.39646911621094,4770400,0.005091614812912981,96.36167856852214,139.23774191955604,0.0
TD.TO,2025-07-28,102.4499969482422,102.5,101.44000244140624,101.79000091552734,98.56372833251952,5904100,-0.008377971482244617,96.57328770955404,138.07121208850188,-0.008377971482244617
TD.TO,2025-07-29,101.93000030517578,102.19000244140624,100.70999908447266,101.30999755859376,98.09893035888672,7028200,-0.004715710145062002,96.76205673217774,137.42010827291512,-0.013054173542192737
TD.TO,2025-07-30,101.22000122070312,102.31999969482422,101.22000122070312,101.8000030517578,98.57341003417967,7177500,0.00483674667559697,96.95578130086263,138.0847745247643,-0.008280566597078765
TD.TO,2025-07-31,101.8000030517578,101.88999938964844,100.75,100.91999816894533,97.72129821777344,5732000,-0.00864443886146149,97.09267298380534,136.89110913368629,-0.016853424606853462
TD.TO,2025-08-01,100.0,100.30999755859376,99.51000213623048,100.08999633789062,96.91761016845705,5709900,-0.008224287478512227,97.21108016967773,135.76527729891848,-0.02493910467640148
TD.TO,2025-08-05,100.98999786376952,101.3000030517578,100.2300033569336,100.52999877929688,97.34365844726562,6217100,0.004395984156729149,97.34496688842773,136.36209930695844,-0.020652752428712895
TD.TO,2025-08-06,100.73999786376952,101.1500015258789,100.12999725341795,101.04000091552734,97.8375015258789,7382100,0.005073192095824242,97.4831766764323,137.0538904313325,-0.015684335713266995
TD.TO,2025-08-07,101.1500015258789,101.37999725341795,100.01000213623048,100.23999786376952,97.06285095214844,3666900,-0.007917726450992535,97.56969095865885,135.96873521785292,-0.023477877884516385
TD.TO,2025-08-08,100.45999908447266,100.9000015258789,100.33999633789062,100.76000213623048,97.5663833618164,2230900,0.00518769441375877,97.6646848042806,136.67409946598843,-0.018411979526705924
TD.TO,2025-08-11,100.81999969482422,101.12999725341795,100.25,100.77999877929688,97.5857391357422,6613400,0.00019838568632812859,97.74051946004232,136.70121365101429,-0.018217246513572705
TD.TO,2025-08-12,100.86000061035156,101.43000030517578,100.7699966430664,100.94000244140624,97.74066925048828,4785400,0.0015876306939743845,97.8218376159668,136.91824469371016,-0.01665853807932305
TD.TO,2025-08-13,101.75,102.5999984741211,101.4499969482422,102.56999969482422,99.31900024414062,3753400,0.016148150056220834,97.93308792114257,139.12922105445858,-0.0007793925957242376
TD.TO,2025-08-14,102.54000091552734,103.0199966430664,102.5,102.98999786376952,99.72569274902344,3143600,0.004094810699695861,98.02786814371744,139.69892887747275,0.0
TD.TO,2025-08-15,103.0,103.11000061035156,102.02999877929688,102.3499984741211,99.10597229003906,2877600,-0.006214250730190551,98.08633931477864,138.83080470668907,-0.006214250730190551
TD.TO,2025-08-18,102.20999908447266,102.2300033569336,101.77999877929688,102.08000183105467,98.84453582763672,3441500,-0.0026379486156216103,98.13290150960286,138.46457617760743,-0.008835806471701346
TD.TO,2025-08-19,102.11000061035156,102.25,101.66000366210938,101.69000244140624,98.4668960571289,3240200,-0.003820542707250185,98.18029174804687,137.93556635087958,-0.01262259160297341
TD.TO,2025-08-20,102.01000213623048,102.63999938964844,101.93000030517578,102.23999786376952,98.9994659423828,2991100,0.0054086185975121825,98.241281636556,138.6816072203033,-0.007282243789153875
TD.TO,2025-08-21,102.05999755859376,102.48999786376952,101.83999633789062,102.4499969482422,99.20280456542967,2591600,0.0020539365653267083,98.30777155558268,138.96645044431136,-0.0052432644906232895
TD.TO,2025-08-22,102.58999633789062,103.06999969482422,102.44000244140624,102.87999725341795,99.61917877197266,3646200,0.004197201967897524,98.36909739176433,139.54972070358798,-0.0010680695627639514
TD.TO,2025-08-25,102.5999984741211,102.61000061035156,101.70999908447266,102.27999877929688,99.03820037841795,4651000,-0.005831993404448288,98.42041778564453,138.73586765285205,-0.006893833992566711
TD.TO,2025-08-26,102.36000061035156,104.1999969482422,102.1500015258789,104.08999633789062,100.7908172607422,7483100,0.01769637246666056,98.50465977986654,141.19098924132226,0.0
TD.TO,2025-08-27,103.95999908447266,105.51000213623048,103.95999908447266,105.01000213623048,101.6816635131836,7537800,0.008838565621874128,98.63828557332357,142.438915064949,0.0
TD.TO,2025-08-28,108.62999725341795,108.68000030517578,100.01000213623048,100.2699966430664,97.09190368652344,13096600,-0.045138520241312374,98.60536295572916,136.00943321413922,-0.045138520241312374
TD.TO,2025-08-29,100.7300033569336,103.27999877929688,100.43000030517578,103.12000274658205,99.85157775878906,9560500,0.028423318191140412,98.65216445922852,139.87527261138138,-0.017998188573667973
TD.TO,2025-09-02,102.5,102.87999725341795,101.8499984741211,102.75,99.49330139160156,3117200,-0.0035880891942737803,98.70832595825195,139.37338765717837,-0.02152169866200404
TD.TO,2025-09-03,103.0,103.5500030517578,102.9000015258789,103.33000183105467,100.05492401123048,2927800,0.005644828463560625,98.75706431070964,140.16012652288848,-0.01599835649563497
TD.TO,2025-09-04,103.58000183105467,103.73999786376952,103.1500015258789,103.33000183105467,100.05492401123048,2402600,0.0,98.7945058186849,140.16012652288848,-0.01599835649563497
TD.TO,2025-09-05,103.4000015258789,103.8000030517578,102.73999786376952,103.16000366210938,99.89031219482422,3240900,-0.0016452145462404477,98.81774546305338,139.92953304393012,-0.017617250313052946
TD.TO,2025-09-08,103.12000274658205,103.2300033569336,102.5,103.2300033569336,99.95809173583984,2723500,0.0006785396854445125,98.85325037638346,140.02448078526612,-0.016950664631094292
TD.TO,2025-09-09,103.08000183105467,104.5999984741211,103.08000183105467,104.44000244140624,101.1297378540039,5642800,0.011721373405770619,98.91102600097656,141.6657600104994,-0.0054279762949406285
TD.TO,2025-09-10,104.66999816894533,105.62000274658205,104.54000091552734,105.23999786376952,101.90437316894533,3511000,0.007659817293897531,99.02238082885742,142.75089384898095,0.0
TD.TO,2025-09-11,106.0,106.41000366210938,105.3499984741211,106.23999786376952,102.8726806640625,4339600,0.009502119143717458,99.18150583902995,144.10732985020616,0.0
TD.TO,2025-09-12,106.05999755859376,106.38999938964844,105.98999786376952,106.31999969482422,102.9501495361328,5502900,0.0007530558314434721,99.32739715576172,144.2158507153036,0.0
TD.TO,2025-09-15,106.41999816894533,106.97000122070312,106.12999725341795,106.95999908447266,103.56986236572266,3902200,0.006019542782425447,99.5223492940267,145.08396419858826,0.0
TD.TO,2025-09-16,107.0,107.19000244140624,105.9499969482422,107.08000183105467,103.6860580444336,4513800,0.0011219062771430366,99.7479642232259,145.24673480873545,0.0
TD.TO,2025-09-17,107.0,108.37999725341795,107.0,107.9800033569336,104.55753326416016,2524200,0.00840494118652968,99.9884267171224,146.46752507233833,0.0
TD.TO,2025-09-18,107.93000030517578,108.47000122070312,107.5500030517578,108.19000244140624,104.76087951660156,2176000,0.0019448264136803228,100.21920598347982,146.7523789838454,0.0
TD.TO,2025-09-19,111.11000061035156,111.11000061035156,108.16000366210938,108.38999938964844,104.95453643798828,12175500,0.0018485614313310528,100.48226216634114,147.02365977159104,0.0
TD.TO,2025-09-22,108.30999755859376,109.5999984741211,108.01000213623048,109.55999755859376,106.0874481201172,5213900,0.010794308855799573,100.7662976582845,148.61067856427562,0.0
TD.TO,2025-09-23,109.5999984741211,109.83000183105467,108.91000366210938,108.9499969482422,105.49678802490234,3468500,-0.0055676718186875584,101.02999928792318,147.78326307727724,-0.0055676718186875584
TD.TO,2025-09-24,109.2699966430664,109.33000183105467,108.2699966430664,108.58999633789062,105.148193359375,4095000,-0.003304315439869643,101.2769167582194,147.29494055933668,-0.008853589914602611
TD.TO,2025-09-25,108.3000030517578,110.04000091552734,108.25,109.95999908447266,106.47477722167967,4543100,0.012616325777188298,101.5154426574707,149.15326151476486,0.0
TD.TO,2025-09-26,110.25,110.6500015258789,109.6500015258789,110.3499984741211,106.85240936279295,2800300,0.003546681673980423,101.75299987792968,149.6822606539937,0.0
TD.TO,2025-09-29,110.45999908447266,111.1500015258789,107.5999984741211,111.11000061035156,107.58832550048828,9934500,0.006887220813118988,102.03574498494466,150.71315543492457,0.0
TD.TO,2025-09-30,111.29000091552734,114.23999786376952,111.01000213623048,111.27999877929688,107.75293731689452,6213400,0.0015300156001172294,102.33269170125325,150.9437489138829,0.0
TD.TO,2025-10-01,111.61000061035156,112.61000061035156,111.31999969482422,112.12999725341795,108.57598876953124,8010100,0.0076383203384626785,102.66966145833334,152.09670562117557,0.0
TD.TO,2025-10-02,112.4000015258789,112.4000015258789,110.43000030517578,111.13999938964844,107.61737823486328,8444700,-0.008828936724700198,102.95692520141601,150.75385343121087,-0.008828936724700198
TD.TO,2025-10-03,112.0,114.08000183105467,111.8000030517578,113.26000213623048,109.6701889038086,25084000,0.01907508529398738,103.30583801269532,153.62949604380847,0.0
TD.TO,2025-10-06,113.66000366210938,113.66000366210938,111.8499984741211,113.3000030517578,109.70892333984376,9501500,0.0003531902007494203,103.64216283162435,153.68375647635725,0.0
TD.TO,2025-10-07,113.1500015258789,113.8499984741211,112.7300033569336,112.94000244140624,109.3603286743164,10285500,-0.0031774504289638905,103.98623377482096,153.19543395841666,-0.0031774504289638905
TD.TO,2025-10-08,112.9800033569336,113.3000030517578,112.1999969482422,112.33999633789062,108.7793426513672,10929300,-0.005312584828447542,104.25251795450846,152.38157022018174,-0.00847315478246935
TD.TO,2025-10-09,112.5,112.62999725341795,111.70999908447266,112.0199966430664,108.469482421875,10970000,-0.0028485208858568534,104.47877858479818,151.94750813478987,-0.011297539709959281
TD.TO,2025-10-10,111.26000213623048,111.3000030517578,109.5,109.77999877929688,107.3062973022461,19097300,-0.01072361639105901,104.81925837198894,150.3180813459751,-0.021900005619005958
TD.TO,2025-10-14,109.77999877929688,111.54000091552734,109.55999755859376,111.51000213623048,108.99732208251952,13912700,0.015758858732310754,105.12411651611328,152.68692275481828,-0.006486265981482053
TD.TO,2025-10-15,111.45999908447266,112.95999908447266,111.33999633789062,112.95999908447266,110.41464233398438,10260000,0.013003257551518876,105.48816121419271,154.67235013614805,0.0
TD.TO,2025-10-16,112.79000091552734,112.98999786376952,110.23999786376952,110.7300033569336,108.23489379882812,8010700,-0.01974148074095916,105.7608268737793,151.6188889147764,-0.01974148074095916
TD.TO,2025-10-17,110.37999725341795,111.38999938964844,110.16999816894533,111.05999755859376,108.55744934082033,6739900,0.00298014374728095,106.04424438476562,152.07073499854545,-0.016820169444070387
TD.TO,2025-10-20,111.38999938964844,112.3000030517578,110.88999938964844,112.06999969482422,109.54469299316406,5439700,0.009094204574061404,106.36605707804362,153.45369737235012,-0.007878930931903727
TD.TO,2025-10-21,111.5999984741211,112.6999969482422,111.5999984741211,112.63999938964844,110.1018524169922,3457400,0.005086137982630579,106.70418243408203,154.23418405113074,-0.0028328662791483605
TD.TO,2025-10-22,112.5999984741211,113.1500015258789,112.5,113.11000061035156,110.56126403808594,6428800,0.00417260573740208,107.0185666402181,154.87774249240599,0.0
TD.TO,2025-10-23,113.16999816894533,113.76000213623048,113.06999969482422,113.13999938964844,110.590576171875,4769100,0.0002651211890898342,107.30810674031575,154.91880386365915,0.0
TD.TO,2025-10-24,113.31999969482422,113.62999725341795,113.0999984741211,113.3499984741211,110.7958526611328,5642900,0.0018561842822735208,107.57221247355143,155.20636171241946,0.0
TD.TO,2025-10-27,113.62999725341795,114.26000213623048,113.5,114.26000213623048,111.6853485107422,5294600,0.008028241384900214,107.86338577270507,156.4523958487189,0.0
TD.TO,2025-10-28,114.22000122070312,115.55999755859376,113.83999633789062,115.29000091552734,112.692138671875,8090000,0.009014523163134225,108.16746164957682,157.862739595025,0.0
TD.TO,2025-10-29,115.0500030517578,115.33000183105467,113.66999816894533,114.02999877929688,111.46053314208984,5902800,-0.010928939181562791,108.42661081949869,156.1374673149561,-0.010928939181562791
TD.TO,2025-10-30,114.0,115.1999969482422,113.95999908447266,114.63999938964844,112.0567855834961,5399900,0.005349449034539822,108.6765858968099,156.9727167387396,-0.005637953950176189
TD.TO,2025-10-31,114.5500030517578,115.56999969482422,114.0999984741211,115.16000366210938,112.56507110595705,4977900,0.00453596379562593,108.93672561645508,157.68473929876757,-0.001127563709549806
TD.TO,2025-11-03,115.0199966430664,116.48999786376952,114.95999908447266,115.18000030517578,112.5846176147461,8751400,0.00017364630606109266,109.19106165568034,157.712120671269,-0.0009541132007617747
TD.TO,2025-11-04,114.41000366210938,115.12999725341795,113.44000244140624,113.55999755859376,111.0011215209961,4917700,-0.01406494179487805,109.35485076904297,155.49390887368082,-0.015005635449005239
TD.TO,2025-11-05,113.5500030517578,114.23999786376952,112.9800033569336,113.8499984741211,111.28458404541016,7091300,0.002553690634201855,109.5477773030599,155.89099221244697,-0.012490264565509834
TD.TO,2025-11-06,114.29000091552734,114.37999725341795,112.29000091552734,113.54000091552734,110.98157501220705,5344500,-0.002722830262630649,109.74222335815429,155.4665275011794,-0.01517908595779327
TD.TO,2025-11-07,113.13999938964844,113.58000183105467,112.26000213623048,113.58000183105467,111.02066802978516,6399000,0.00035224781747600353,109.89375305175781,155.52129024618228,-0.014832184940217097
TD.TO,2025-11-10,113.83000183105467,113.95999908447266,112.91000366210938,113.72000122070312,111.1575164794922,7881600,0.0012326394007133867,110.03725662231446,155.7129919161895,-0.01361782827505964
TD.TO,2025-11-11,113.66999816894533,114.81999969482422,113.66999816894533,114.3499984741211,111.7733154296875,4899600,0.005539876831531343,110.1767562866211,156.57562271247443,-0.008153392534885118
TD.TO,2025-11-12,114.8000030517578,116.08000183105467,114.73999786376952,115.88999938964844,113.2786102294922,3098200,0.013467389725516643,110.36094538370769,158.6842876450588,0.0
TD.TO,2025-11-13,115.62999725341795,116.11000061035156,113.7300033569336,114.22000122070312,111.64625549316406,3737200,-0.014410087950594841,110.46328760782878,156.39763310371598,-0.014410087950594841
TD.TO,2025-11-14,113.4499969482422,114.2699966430664,112.52999877929688,114.0500030517578,111.4800796508789,4770500,-0.0014884139333748436,110.59204432169597,156.16484868745755,-0.015877053708282962
TD.TO,2025-11-17,113.9000015258789,115.13999938964844,113.79000091552734,114.45999908447266,111.88084411621094,4751500,0.003594942402150192,110.66573282877604,156.72625232372948,-0.012339188399729806
TD.TO,2025-11-18,113.98999786376952,115.23999786376952,112.86000061035156,114.93000030517578,112.34024810791016,4332900,0.0041061898962975185,110.75344365437826,157.36980007750574,-0.008283665554167818
TD.TO,2025-11-19,114.93000030517578,115.33999633789062,114.20999908447266,114.66999816894533,112.08610534667967,3304400,-0.00226225921262313,110.84430287679037,157.01378879749174,-0.010527184968076697
TD.TO,2025-11-20,115.23999786376952,115.97000122070312,114.20999908447266,114.66000366210938,112.07633972167967,3154800,-8.712609801009297e-05,110.95420277913412,157.00010879874006,-0.010613393873537436
TD.TO,2025-11-21,115.08999633789062,115.8000030517578,114.45999908447266,115.58999633789062,112.9853744506836,3276100,0.008110853113702188,111.10473251342773,158.27351362004188,-0.0025886244385814328
TD.TO,2025-11-24,115.58999633789062,116.93000030517578,115.36000061035156,116.70999908447266,114.08013916015624,7345500,0.009689437370059784,111.33052724202474,159.80709491760257,0.0
TD.TO,2025-11-25,116.70999908447266,117.12999725341795,115.5999984741211,116.04000091552734,113.42523956298828,4125500,-0.005740697740984957,111.47812449137369,158.88969068881573,-0.005740697740984957
TD.TO,2025-11-26,116.41999816894533,117.33000183105467,116.16000366210938,117.1500015258789,114.51022338867188,3689000,0.009565629571195,111.61464385986328,160.40957061262668,0.0
TD.TO,2025-11-27,117.27999877929688,117.4800033569336,117.0,117.05999755859376,114.42225646972656,693200,-0.0007682014438722407,111.82088928222656,160.28634374887113,-0.0007682014438722407
TD.TO,2025-11-28,117.0500030517578,117.9499969482422,116.61000061035156,117.6500015258789,114.99895477294922,2331400,0.005040088537104026,112.0356061299642,161.09420111265416,0.0
TD.TO,2025-12-01,117.55999755859376,117.70999908447266,116.19000244140624,116.95999908447266,114.3245086669922,4762200,-0.0058648020522328315,112.1949333190918,160.14941551136587,-0.0058648020522328315
TD.TO,2025-12-02,117.45999908447266,118.22000122070312,116.1500015258789,118.1999969482422,115.53656005859376,5311400,0.010601850869371043,112.37609024047852,161.8472957314343,0.0
TD.TO,2025-12-03,118.1999969482422,118.81999969482422,117.41999816894533,117.6999969482422,115.0478286743164,3334900,-0.004230101571567446,112.52564239501953,161.1626652314068,-0.004230101571567446
TD.TO,2025-12-04,117.68000030517578,120.41000366210938,116.5999984741211,120.08999633789062,117.38397216796876,6961000,0.020305846017012907,112.75208892822266,164.43520949528715,0.0
TD.TO,2025-12-05,120.79000091552734,122.23999786376952,120.51000213623048,122.1999969482422,119.44642639160156,3842900,0.017570151917176258,113.04044138590494,167.32436110665205,0.0
TD.TO,2025-12-08,122.0,122.76000213623048,121.70999908447266,122.1500015258789,119.3975601196289,4066900,-0.0004091061863370493,113.29751510620117,167.25590767539842,-0.0004091061863370493
TD.TO,2025-12-09,122.30999755859376,123.56999969482422,122.1500015258789,123.47000122070312,120.68781280517578,3491500,0.010806357217468365,113.5640375773112,169.0633347604707,0.0
TD.TO,2025-12-10,123.77999877929688,126.19000244140624,123.7300033569336,125.87999725341795,123.04351043701172,7435400,0.019518935483889388,113.95013682047527,172.3632710843515,0.0
TD.TO,2025-12-11,125.91000366210938,126.4499969482422,125.05999755859376,126.43000030517578,123.58111572265624,7986100,0.004369229094123739,114.33428115844727,173.1163657031316,0.0
TD.TO,2025-12-12,126.5500030517578,126.72000122070312,125.37000274658205,125.8000030517578,122.96531677246094,3041100,-0.0049829534763004,114.6809560139974,172.2537349068467,-0.0049829534763004
TD.TO,2025-12-15,126.0,126.91999816894533,126.0,126.75,123.89390563964844,3083300,0.007551632375377704,115.05793228149415,173.55453178814898,0.0
TD.TO,2025-12-16,126.38999938964844,126.66999816894533,126.02999877929688,126.11000061035156,123.26832580566406,5675800,-0.005049318856763629,115.46683909098307,172.6781996181143,-0.005049318856763629
TD.TO,2025-12-17,126.55999755859376,126.56999969482422,124.55999755859376,125.77999877929688,122.94576263427734,7862200,-0.0026167563263189697,115.85554504394531,172.22634284684622,-0.007652862346020584
TD.TO,2025-12-18,126.5199966430664,128.24000549316406,126.0,127.48999786376952,124.61722564697266,3541400,0.013595125011891307,116.31006673177083,174.56778150818994,0.0
TD.TO,2025-12-19,127.9499969482422,128.67999267578125,127.6999969482422,127.98999786376952,125.10596466064452,11977400,0.0039219217980057675,116.77957661946614,175.2524226957164,0.0
TD.TO,2025-12-22,128.25,128.89999389648438,127.72000122070312,127.9800033569336,125.09619903564452,5514200,-7.805882818212595e-05,117.24419937133788,175.2387426969647,-7.805882818212595e-05
TD.TO,2025-12-23,127.97000122070312,129.1699981689453,127.97000122070312,128.9199981689453,126.01500701904295,4915900,0.0073448113570311335,117.7189224243164,176.52583820451724,0.0
TD.TO,2025-12-24,129.0,129.7100067138672,128.8000030517578,129.16000366210938,126.2496109008789,1117200,0.001861713833817502,118.15128911336264,176.8544787995288,0.0
TD.TO,2025-12-29,129.16000366210938,129.9499969482422,129.16000366210938,129.58999633789062,126.66991424560548,7057400,0.003329145664112687,118.652077738444,177.44325312080318,0.0
TD.TO,2025-12-30,129.77000427246094,130.1699981689453,129.58999633789062,129.80999755859375,126.88494873046876,5139300,0.0016975971456516525,119.16557337443034,177.7444802808162,0.0
TD.TO,2025-12-31,129.80999755859375,130.13999938964844,129.16000366210938,129.36000061035156,126.4450912475586,2311300,-0.003466585180599502,119.65104827880859,177.12831389954135,-0.003466585180599502
