symbol,date,open,high,low,close,adj_close,volume
RY.TO,2025-01-02,173.77999877929688,174.30999755859375,172.0800018310547,172.27000427246094,163.31764221191406,4303700
RY.TO,2025-01-03,172.86000061035156,173.9499969482422,171.80999755859375,173.91000366210938,164.87240600585938,2992000
RY.TO,2025-01-06,174.1699981689453,175.35000610351562,173.14999389648438,174.25,165.19471740722656,3381100
RY.TO,2025-01-07,175.1999969482422,176.41000366210938,174.1699981689453,174.27999877929688,165.22317504882812,3295900
RY.TO,2025-01-08,174.08999633789062,175.24000549316406,173.25,175.00999450683594,165.9152374267578,5609800
RY.TO,2025-01-09,174.8800048828125,175.3300018310547,174.39999389648438,174.47000122070312,165.40330505371094,1283400
RY.TO,2025-01-10,174.08999633789062,174.4199981689453,170.39999389648438,170.9199981689453,162.03778076171875,3929500
RY.TO,2025-01-13,170.1999969482422,171.41000366210938,169.7100067138672,170.80999755859375,161.93350219726562,3649400
RY.TO,2025-01-14,171.3000030517578,171.36000061035156,169.07000732421875,170.3800048828125,161.52586364746094,4242700
RY.TO,2025-01-15,171.35000610351562,171.8300018310547,170.6699981689453,171.57000732421875,162.65403747558594,3359900
RY.TO,2025-01-16,172.19000244140625,172.9499969482422,171.3000030517578,172.86000061035156,163.87698364257812,5604200
RY.TO,2025-01-17,173.75,174.3800048828125,173.22999572753906,174.27999877929688,165.22317504882812,4688000
RY.TO,2025-01-20,174.36000061035156,174.7100067138672,173.5399932861328,173.7899932861328,164.75863647460938,3348300
RY.TO,2025-01-21,173.50999450683594,175.64999389648438,173.50999450683594,175.5,166.37977600097656,8277200
RY.TO,2025-01-22,175.66000366210938,175.89999389648438,174.07000732421875,174.11000061035156,165.06202697753906,7485300
RY.TO,2025-01-23,174.6300048828125,175.6699981689453,174.47999572753906,175.5800018310547,166.45562744140625,8055300
RY.TO,2025-01-24,175.42999267578125,176.24000549316406,175.0800018310547,175.9600067138672,166.81588745117188,6103600
RY.TO,2025-01-27,173.58999633789062,176.35000610351562,173.58999633789062,176.19000244140625,168.45077514648438,10690700
RY.TO,2025-01-28,176.0,177.57000732421875,175.47999572753906,177.02999877929688,169.2538604736328,8045800
RY.TO,2025-01-29,177.10000610351562,177.6199951171875,175.5500030517578,176.02999877929688,168.2978057861328,8978900
RY.TO,2025-01-30,176.6699981689453,179.3000030517578,176.61000061035156,178.6699981689453,170.82183837890625,4498600
RY.TO,2025-01-31,178.9600067138672,179.3000030517578,176.86000061035156,177.17999267578125,169.3972625732422,4915100
RY.TO,2025-02-03,169.75999450683594,175.0,169.75999450683594,173.08999633789062,165.48692321777344,6847900
RY.TO,2025-02-04,173.52999877929688,174.5800018310547,169.85000610351562,169.9199981689453,162.45619201660156,4465600
RY.TO,2025-02-05,170.0500030517578,170.6999969482422,168.55999755859375,170.41000366210938,162.92465209960938,2467300
RY.TO,2025-02-06,170.82000732421875,171.58999633789062,170.22000122070312,170.8800048828125,163.37400817871094,2545300
RY.TO,2025-02-07,170.82000732421875,171.00999450683594,169.60000610351562,170.44000244140625,162.95333862304688,2922100
RY.TO,2025-02-10,170.7899932861328,171.3699951171875,168.72999572753906,168.8800048828125,161.4618682861328,4557600
RY.TO,2025-02-11,168.25,169.5800018310547,167.4499969482422,169.05999755859375,161.63394165039062,1635100
RY.TO,2025-02-12,168.2100067138672,169.22999572753906,167.99000549316406,169.1300048828125,161.70089721679688,1511300
RY.TO,2025-02-13,169.38999938964844,169.77000427246094,168.02999877929688,169.33999633789062,161.9016571044922,3706100
RY.TO,2025-02-14,169.66000366210938,169.9499969482422,168.50999450683594,168.6699981689453,161.26109313964844,2858500
RY.TO,2025-02-18,168.6199951171875,171.60000610351562,168.5,171.5399932861328,164.00498962402344,7054000
RY.TO,2025-02-19,171.0,171.55999755859375,169.25999450683594,171.52000427246094,163.98590087890625,2467400
RY.TO,2025-02-20,171.0399932861328,171.82000732421875,169.27000427246094,169.39999389648438,161.95901489257812,2708800
RY.TO,2025-02-21,169.5500030517578,170.58999633789062,168.80999755859375,169.22000122070312,161.78692626953125,2685800
RY.TO,2025-02-24,169.7899932861328,170.19000244140625,168.52999877929688,169.13999938964844,161.71043395996094,3969400
RY.TO,2025-02-25,171.1699981689453,172.4199981689453,169.89999389648438,170.69000244140625,163.19235229492188,5163400
RY.TO,2025-02-26,171.3800048828125,171.92999267578125,170.13999938964844,171.4199981689453,163.8903045654297,2702300
RY.TO,2025-02-27,171.75,172.88999938964844,164.05999755859375,166.52000427246094,159.2055206298828,6201700
RY.TO,2025-02-28,166.99000549316406,171.07000732421875,166.2899932861328,170.97999572753906,163.4696044921875,4373100
RY.TO,2025-03-03,170.0399932861328,172.1300048828125,168.3699951171875,169.55999755859375,162.11196899414062,3371100
RY.TO,2025-03-04,166.6199951171875,166.80999755859375,162.8000030517578,163.02000427246094,155.85926818847656,4114500
RY.TO,2025-03-05,163.25999450683594,165.57000732421875,162.6199951171875,165.55999755859375,158.2876739501953,3531900
RY.TO,2025-03-06,163.89999389648438,166.0399932861328,163.13999938964844,163.41000366210938,156.2321319580078,3656700
RY.TO,2025-03-07,162.69000244140625,165.6999969482422,162.64999389648438,165.3800048828125,158.1156005859375,3433300
RY.TO,2025-03-10,163.05999755859375,164.72000122070312,162.3000030517578,163.16000366210938,155.99310302734375,3566600
RY.TO,2025-03-11,162.19000244140625,162.94000244140625,158.85000610351562,159.00999450683594,152.025390625,4484900
RY.TO,2025-03-12,159.66000366210938,160.64999389648438,158.9199981689453,160.0,152.97189331054688,3435400
RY.TO,2025-03-13,159.97000122070312,160.0399932861328,156.92999267578125,157.0500030517578,150.1514892578125,3086500
RY.TO,2025-03-14,158.1199951171875,160.52999877929688,157.82000732421875,160.0,152.97189331054688,2657000
RY.TO,2025-03-17,160.0,161.02999877929688,159.27999877929688,161.02999877929688,153.9566650390625,4075600
RY.TO,2025-03-18,161.1300048828125,161.5399932861328,159.99000549316406,160.83999633789062,153.77500915527344,2429300
RY.TO,2025-03-19,161.0500030517578,163.86000061035156,160.75,163.6199951171875,156.4329071044922,2751100
RY.TO,2025-03-20,162.61000061035156,163.82000732421875,161.80999755859375,162.9499969482422,155.79232788085938,2501200
RY.TO,2025-03-21,161.88999938964844,163.42999267578125,161.75,162.9199981689453,155.76365661621094,6927700
RY.TO,2025-03-24,163.75,166.24000549316406,163.66000366210938,166.0,158.70834350585938,4029400
RY.TO,2025-03-25,167.07000732421875,167.8000030517578,166.13999938964844,166.64999389648438,159.3297882080078,3644700
RY.TO,2025-03-26,167.02000427246094,167.6999969482422,165.5,166.08999633789062,158.79440307617188,2199400
RY.TO,2025-03-27,165.58999633789062,166.08999633789062,163.6199951171875,164.24000549316406,157.0256805419922,2334700
RY.TO,2025-03-28,163.88999938964844,164.24000549316406,160.3300018310547,160.5800018310547,153.5264434814453,3935900
RY.TO,2025-03-31,159.88999938964844,162.77999877929688,159.57000732421875,162.10000610351562,154.97967529296875,4138800
RY.TO,2025-04-01,162.0,162.77999877929688,159.5399932861328,162.69000244140625,155.5437469482422,3010800
RY.TO,2025-04-02,161.92999267578125,164.27000427246094,160.91000366210938,164.27000427246094,157.05435180664062,2743700
RY.TO,2025-04-03,160.0,165.5,159.99000549316406,162.2100067138672,155.08485412597656,6510200
RY.TO,2025-04-04,159.9499969482422,161.49000549316406,156.61000061035156,157.82000732421875,150.88768005371094,8777000
RY.TO,2025-04-07,151.72000122070312,158.97000122070312,151.25,155.5399932861328,148.7078094482422,9351000
RY.TO,2025-04-08,158.5,159.02999877929688,153.5399932861328,154.49000549316406,147.70394897460938,5445600
RY.TO,2025-04-09,153.0,160.75,151.58999633789062,160.38999938964844,153.34478759765625,5027800
RY.TO,2025-04-10,159.0,159.13999938964844,152.60000610351562,153.60000610351562,146.85304260253906,8464100
RY.TO,2025-04-11,153.60000610351562,158.0,153.60000610351562,157.27999877929688,150.37139892578125,5002100
RY.TO,2025-04-14,159.8300018310547,160.13999938964844,157.49000549316406,159.9600067138672,152.93368530273438,6392900
RY.TO,2025-04-15,160.42999267578125,161.77000427246094,159.66000366210938,160.8000030517578,153.73678588867188,6543600
RY.TO,2025-04-16,160.35000610351562,161.36000061035156,158.47999572753906,160.33999633789062,153.29698181152344,7798400
RY.TO,2025-04-17,160.66000366210938,161.4499969482422,160.10000610351562,160.91000366210938,153.84194946289062,10715800
RY.TO,2025-04-21,160.10000610351562,160.99000549316406,158.52000427246094,159.3800048828125,152.379150390625,7282400
RY.TO,2025-04-22,160.05999755859375,163.05999755859375,159.91000366210938,163.02999877929688,155.8688201904297,12876900
RY.TO,2025-04-23,165.10000610351562,165.91000366210938,163.0500030517578,163.5,156.3181915283203,6123200
RY.TO,2025-04-24,163.27999877929688,163.27999877929688,161.25999450683594,163.0399932861328,157.30227661132812,6825100
RY.TO,2025-04-25,161.94000244140625,163.63999938964844,161.82000732421875,163.3000030517578,157.55313110351562,14776700
RY.TO,2025-04-28,163.07000732421875,164.35000610351562,163.07000732421875,163.8800048828125,158.11273193359375,8660800
RY.TO,2025-04-29,163.8000030517578,165.92999267578125,163.64999389648438,165.91000366210938,160.07127380371094,8373800
RY.TO,2025-04-30,164.64999389648438,165.5500030517578,162.61000061035156,165.47000122070312,159.6467742919922,5363600
RY.TO,2025-05-01,165.5,166.8300018310547,164.82000732421875,166.14999389648438,160.30282592773438,2113000
RY.TO,2025-05-02,167.47000122070312,167.80999755859375,166.5399932861328,167.42999267578125,161.5377655029297,2914900
RY.TO,2025-05-05,167.1999969482422,167.9199981689453,166.82000732421875,167.0,161.1229248046875,4169900
RY.TO,2025-05-06,166.8000030517578,167.05999755859375,165.36000061035156,165.4499969482422,159.62745666503906,5402600
RY.TO,2025-05-07,165.6699981689453,166.8000030517578,165.5500030517578,166.39999389648438,160.5440216064453,5303200
RY.TO,2025-05-08,167.0,167.58999633789062,166.25999450683594,166.83999633789062,160.9685516357422,3690700
RY.TO,2025-05-09,167.99000549316406,167.99000549316406,166.89999389648438,167.58999633789062,161.692138671875,2717600
RY.TO,2025-05-12,169.1999969482422,169.80999755859375,168.52000427246094,169.00999450683594,163.06216430664062,4856400
RY.TO,2025-05-13,169.64999389648438,169.89999389648438,168.92999267578125,169.77999877929688,163.80506896972656,5104300
RY.TO,2025-05-14,169.75,171.38999938964844,169.72000122070312,171.24000549316406,165.21371459960938,5912900
RY.TO,2025-05-15,171.57000732421875,174.3699951171875,171.5,174.19000244140625,168.0598907470703,3524900
RY.TO,2025-05-16,174.19000244140625,176.3000030517578,174.0399932861328,175.83999633789062,169.65182495117188,3374400
RY.TO,2025-05-20,176.58999633789062,177.47000122070312,175.80999755859375,175.82000732421875,169.6325225830078,3292600
RY.TO,2025-05-21,175.1999969482422,175.60000610351562,173.89999389648438,174.36000061035156,168.22390747070312,3699200
RY.TO,2025-05-22,174.5,176.11000061035156,173.3000030517578,175.41000366210938,169.23695373535156,5934700
RY.TO,2025-05-23,174.5,176.60000610351562,174.24000549316406,176.0800018310547,169.8833770751953,2738100
RY.TO,2025-05-26,177.0,177.25,176.0,176.38999938964844,170.18247985839844,2573600
RY.TO,2025-05-27,176.17999267578125,178.61000061035156,176.17999267578125,177.8699951171875,171.61036682128906,3691400
RY.TO,2025-05-28,177.8699951171875,179.05999755859375,177.5,178.60000610351562,172.314697265625,4638500
RY.TO,2025-05-29,177.24000549316406,178.0,171.75,172.39999389648438,166.33287048339844,8100300
RY.TO,2025-05-30,172.00999450683594,174.50999450683594,171.2899932861328,173.94000244140625,167.8186798095703,7194100
RY.TO,2025-06-02,172.97999572753906,175.39999389648438,172.97999572753906,175.16000366210938,168.99575805664062,2519600
RY.TO,2025-06-03,176.0,176.07000732421875,174.89999389648438,174.92999267578125,168.77383422851562,2845400
RY.TO,2025-06-04,174.97000122070312,175.3000030517578,174.02999877929688,174.25,168.11778259277344,1719700
RY.TO,2025-06-05,175.0,175.0500030517578,173.44000244140625,173.47999572753906,167.3748779296875,2747400
RY.TO,2025-06-06,174.6699981689453,175.1999969482422,174.42999267578125,174.57000732421875,168.42649841308594,2508500
RY.TO,2025-06-09,174.13999938964844,174.8300018310547,174.0500030517578,174.66000366210938,168.51333618164062,2230300
RY.TO,2025-06-10,174.8000030517578,175.52000427246094,174.7899932861328,175.47000122070312,169.2948455810547,1930000
RY.TO,2025-06-11,176.0800018310547,176.33999633789062,174.67999267578125,174.72000122070312,168.57122802734375,1963700
RY.TO,2025-06-12,174.85000610351562,175.30999755859375,174.36000061035156,175.27000427246094,169.10189819335938,1904200
RY.TO,2025-06-13,174.36000061035156,174.55999755859375,173.38999938964844,173.5500030517578,167.44241333007812,1918800
RY.TO,2025-06-16,174.11000061035156,176.19000244140625,174.08999633789062,174.99000549316406,168.8317413330078,3094900
RY.TO,2025-06-17,174.6699981689453,175.3699951171875,174.11000061035156,174.66000366210938,168.51333618164062,2345700
RY.TO,2025-06-18,175.25,176.1300048828125,175.08999633789062,175.3300018310547,169.15977478027344,2486000
RY.TO,2025-06-19,174.89999389648438,175.75999450683594,174.5,175.02999877929688,168.87033081054688,627100
RY.TO,2025-06-20,176.74000549316406,176.74000549316406,174.5500030517578,174.83999633789062,168.68699645996094,5413200
RY.TO,2025-06-23,174.50999450683594,175.02999877929688,173.55999755859375,174.6699981689453,168.5229949951172,3163800
RY.TO,2025-06-24,175.49000549316406,176.72999572753906,175.3000030517578,176.1300048828125,169.93161010742188,2885000
RY.TO,2025-06-25,176.1999969482422,176.38999938964844,175.02999877929688,175.72000122070312,169.5360565185547,2880400
RY.TO,2025-06-26,175.72999572753906,177.8800048828125,175.72999572753906,177.61000061035156,171.35952758789062,3584000
RY.TO,2025-06-27,177.3800048828125,178.8300018310547,177.25999450683594,177.6999969482422,171.4463653564453,2483800
RY.TO,2025-06-30,178.27999877929688,179.49000549316406,177.83999633789062,179.47000122070312,173.15408325195312,5281800
RY.TO,2025-07-02,179.47000122070312,179.69000244140625,178.0,178.11000061035156,171.84193420410156,3499300
RY.TO,2025-07-03,178.6999969482422,180.1300048828125,178.57000732421875,179.52999877929688,173.2119598388672,3137100
RY.TO,2025-07-04,179.30999755859375,180.07000732421875,179.3000030517578,179.5500030517578,173.2312469482422,1787100
RY.TO,2025-07-07,179.88999938964844,181.8800048828125,179.72999572753906,180.1199951171875,173.78118896484375,5284700
RY.TO,2025-07-08,180.02999877929688,180.83999633789062,179.8699951171875,180.38999938964844,174.04168701171875,4488800
RY.TO,2025-07-09,180.97000122070312,181.75,180.5500030517578,181.2899932861328,174.91001892089844,2439900
RY.TO,2025-07-10,181.25999450683594,183.11000061035156,181.10000610351562,182.3300018310547,175.91342163085938,5219900
RY.TO,2025-07-11,181.52999877929688,181.6999969482422,179.67999267578125,180.3699951171875,174.02239990234375,2303300
RY.TO,2025-07-14,180.14999389648438,180.67999267578125,179.58999633789062,180.6300048828125,174.27325439453125,5288900
RY.TO,2025-07-15,180.58999633789062,180.74000549316406,179.05999755859375,179.35000610351562,173.03829956054688,5727400
RY.TO,2025-07-16,179.61000061035156,180.69000244140625,179.08999633789062,180.6300048828125,174.27325439453125,4582800
RY.TO,2025-07-17,180.5,182.92999267578125,179.83999633789062,182.77999877929688,176.3475799560547,3797100
RY.TO,2025-07-18,183.11000061035156,183.11000061035156,181.75,182.13999938964844,175.73011779785156,5217000
RY.TO,2025-07-21,182.3000030517578,182.99000549316406,182.10000610351562,182.36000061035156,175.9423828125,3591800
RY.TO,2025-07-22,182.2899932861328,182.66000366210938,181.07000732421875,181.2100067138672,174.8328399658203,9537100
RY.TO,2025-07-23,181.58999633789062,182.6199951171875,181.52000427246094,182.4199981689453,176.000244140625,5356900
RY.TO,2025-07-24,180.63999938964844,181.3000030517578,180.02999877929688,180.07000732421875,175.21209716796875,5004400
RY.TO,2025-07-25,179.5500030517578,181.14999389648438,179.33999633789062,180.97000122070312,176.0878143310547,5498000
RY.TO,2025-07-28,180.77999877929688,180.8699951171875,178.97999572753906,179.19000244140625,174.35585021972656,5199600
RY.TO,2025-07-29,178.27000427246094,179.47999572753906,177.77000427246094,178.61000061035156,173.79150390625,8520000
RY.TO,2025-07-30,178.8800048828125,179.64999389648438,178.35000610351562,179.07000732421875,174.2390899658203,3160500
RY.TO,2025-07-31,179.0800018310547,179.61000061035156,177.47999572753906,177.7899932861328,172.9936065673828,3947800
RY.TO,2025-08-01,176.25,177.7899932861328,175.5,177.47999572753906,172.6919708251953,3301000
RY.TO,2025-08-05,177.75,180.2899932861328,177.75,180.05999755859375,175.20237731933594,4276000
RY.TO,2025-08-06,180.8300018310547,181.82000732421875,180.05999755859375,181.77999877929688,176.8759765625,5036300
RY.TO,2025-08-07,182.0,182.7899932861328,181.60000610351562,182.1199951171875,177.20680236816406,3228600
RY.TO,2025-08-08,182.5,183.02000427246094,181.89999389648438,182.3699951171875,177.45005798339844,3030200
RY.TO,2025-08-11,182.5500030517578,184.39999389648438,182.5,183.8699951171875,178.90957641601562,3495600
RY.TO,2025-08-12,184.36000061035156,185.97000122070312,184.30999755859375,185.72999572753906,180.7194061279297,2662000
RY.TO,2025-08-13,186.4499969482422,187.2899932861328,186.24000549316406,187.02999877929688,181.98434448242188,2472700
RY.TO,2025-08-14,186.66000366210938,188.6300048828125,186.50999450683594,188.61000061035156,183.521728515625,3227300
RY.TO,2025-08-15,188.58999633789062,189.42999267578125,188.27999877929688,188.5,183.41468811035156,2170600
RY.TO,2025-08-18,188.1199951171875,188.47999572753906,187.7899932861328,188.41000366210938,183.32711791992188,2019000
RY.TO,2025-08-19,188.05999755859375,189.1300048828125,188.05999755859375,189.02999877929688,183.93038940429688,1288800
RY.TO,2025-08-20,189.07000732421875,189.67999267578125,188.8000030517578,189.35000610351562,184.24176025390625,1533800
RY.TO,2025-08-21,188.9600067138672,190.0399932861328,188.8800048828125,189.41000366210938,184.30014038085938,3947800
RY.TO,2025-08-22,189.86000061035156,191.22000122070312,189.27999877929688,190.64999389648438,185.5066680908203,4241400
RY.TO,2025-08-25,190.4199981689453,190.67999267578125,188.74000549316406,188.8800048828125,183.78443908691406,1943000
RY.TO,2025-08-26,188.75999450683594,190.74000549316406,188.5399932861328,190.38999938964844,185.25369262695312,4230900
RY.TO,2025-08-27,195.91000366210938,204.60000610351562,195.86000061035156,200.07000732421875,194.67254638671875,8300400
RY.TO,2025-08-28,200.8000030517578,201.22999572753906,199.0800018310547,200.77000427246094,195.35366821289062,2969400
RY.TO,2025-08-29,200.16000366210938,200.82000732421875,199.11000061035156,199.5800018310547,194.19578552246094,2244800
RY.TO,2025-09-02,198.10000610351562,199.8000030517578,197.5800018310547,199.52999877929688,194.14712524414062,1757300
RY.TO,2025-09-03,200.17999267578125,200.99000549316406,199.5800018310547,200.97000122070312,195.5482635498047,1598800
RY.TO,2025-09-04,201.77000427246094,202.25,200.9600067138672,201.72000122070312,196.27804565429688,1710400
RY.TO,2025-09-05,201.39999389648438,202.36000061035156,199.1999969482422,200.22000122070312,194.8185272216797,2511300
RY.TO,2025-09-08,200.1699981689453,200.47999572753906,199.35000610351562,199.77000427246094,194.3806610107422,2435600
RY.TO,2025-09-09,199.25,200.5,199.1699981689453,199.6999969482422,194.3125457763672,2038500
RY.TO,2025-09-10,199.5500030517578,200.27999877929688,199.47999572753906,199.94000244140625,194.54605102539062,1848800
RY.TO,2025-09-11,200.33999633789062,200.94000244140625,200.10000610351562,200.82000732421875,195.40232849121094,2328600
RY.TO,2025-09-12,200.25,200.6999969482422,199.5399932861328,199.6300048828125,194.24440002441406,2879800
RY.TO,2025-09-15,199.83999633789062,200.3000030517578,199.27000427246094,200.25,194.84768676757812,1905300
RY.TO,2025-09-16,199.88999938964844,201.27999877929688,199.5399932861328,201.02000427246094,195.596923828125,3065200
RY.TO,2025-09-17,201.1699981689453,201.99000549316406,200.86000061035156,201.52000427246094,196.08343505859375,2048900
RY.TO,2025-09-18,201.1199951171875,202.36000061035156,200.77999877929688,201.63999938964844,196.2001953125,1562000
RY.TO,2025-09-19,206.89999389648438,206.89999389648438,201.77999877929688,203.13999938964844,197.65972900390625,7750800
RY.TO,2025-09-22,203.24000549316406,205.67999267578125,203.0,205.5,199.9560546875,3250600
RY.TO,2025-09-23,205.5500030517578,206.35000610351562,204.86000061035156,205.0399932861328,199.50845336914062,1942700
RY.TO,2025-09-24,205.11000061035156,206.02000427246094,204.38999938964844,204.77000427246094,199.24575805664062,1743800
RY.TO,2025-09-25,203.88999938964844,204.5800018310547,203.1300048828125,203.85000610351562,198.35057067871094,3413500
RY.TO,2025-09-26,203.89999389648438,204.5399932861328,203.49000549316406,203.6300048828125,198.13650512695312,2145400
RY.TO,2025-09-29,203.8000030517578,205.64999389648438,203.77000427246094,204.6999969482422,199.17764282226562,2485200
RY.TO,2025-09-30,204.75999450683594,205.3300018310547,203.27000427246094,205.1199951171875,199.5863037109375,3209600
RY.TO,2025-10-01,204.86000061035156,206.27999877929688,204.8300018310547,205.25,199.7128143310547,2358800
RY.TO,2025-10-02,205.1300048828125,205.39999389648438,203.89999389648438,204.44000244140625,198.92466735839844,3331500
RY.TO,2025-10-03,204.63999938964844,205.3000030517578,204.24000549316406,205.05999755859375,199.52792358398438,2155100
RY.TO,2025-10-06,206.1300048828125,206.25,203.72999572753906,205.02999877929688,199.49874877929688,2926800
RY.TO,2025-10-07,205.42999267578125,205.42999267578125,203.52999877929688,203.61000061035156,198.11703491210938,3127500
RY.TO,2025-10-08,204.36000061035156,204.3699951171875,202.02999877929688,202.50999450683594,197.0467071533203,3392700
RY.TO,2025-10-09,202.6999969482422,204.08999633789062,202.14999389648438,203.80999755859375,198.3116455078125,2319700
RY.TO,2025-10-10,204.5399932861328,204.7100067138672,200.82000732421875,201.1999969482422,195.77207946777344,3328500
RY.TO,2025-10-14,201.52000427246094,204.58999633789062,201.13999938964844,204.19000244140625,198.681396484375,2513400
RY.TO,2025-10-15,204.5800018310547,206.33999633789062,204.38999938964844,206.3000030517578,200.7344970703125,6296600
RY.TO,2025-10-16,206.0800018310547,206.82000732421875,203.39999389648438,204.1999969482422,198.6911163330078,3282400
RY.TO,2025-10-17,202.97000122070312,205.1699981689453,202.60000610351562,204.27000427246094,198.75924682617188,3746000
RY.TO,2025-10-20,204.27999877929688,206.74000549316406,204.1699981689453,206.2100067138672,200.6468963623047,3515100
RY.TO,2025-10-21,206.66000366210938,206.99000549316406,205.38999938964844,205.44000244140625,199.89767456054688,4464900
RY.TO,2025-10-22,205.0,205.8000030517578,204.86000061035156,205.27000427246094,199.73226928710938,6498900
RY.TO,2025-10-23,205.58999633789062,206.74000549316406,205.16000366210938,206.33999633789062,200.77337646484375,6966600
RY.TO,2025-10-24,206.89999389648438,207.5500030517578,206.55999755859375,206.88999938964844,201.30856323242188,5018700
RY.TO,2025-10-27,205.8000030517578,207.47999572753906,204.36000061035156,207.4499969482422,203.3672332763672,5279400
RY.TO,2025-10-28,207.5,208.33999633789062,206.42999267578125,207.8000030517578,203.71034240722656,7077400
RY.TO,2025-10-29,207.67999267578125,207.8000030517578,204.22999572753906,204.5500030517578,200.52430725097656,7226300
RY.TO,2025-10-30,204.57000732421875,205.75,203.3300018310547,204.1199951171875,200.10275268554688,5091900
RY.TO,2025-10-31,204.3800048828125,205.7100067138672,203.5,205.47000122070312,201.42620849609375,2342800
RY.TO,2025-11-03,205.67999267578125,207.63999938964844,205.0,207.22000122070312,203.14175415039062,3205500
RY.TO,2025-11-04,205.69000244140625,206.97999572753906,204.69000244140625,205.39999389648438,201.35757446289062,2904900
RY.TO,2025-11-05,205.3000030517578,205.8800048828125,204.47999572753906,205.63999938964844,201.5928497314453,3519700
RY.TO,2025-11-06,205.13999938964844,206.1699981689453,204.3699951171875,205.25,201.2105255126953,3969200
RY.TO,2025-11-07,204.58999633789062,204.72999572753906,201.75999450683594,204.00999450683594,199.99493408203125,2854000
RY.TO,2025-11-10,204.3800048828125,206.0399932861328,204.25,205.83999633789062,201.78890991210938,5716900
RY.TO,2025-11-11,206.25,207.47000122070312,206.2100067138672,206.80999755859375,202.7398223876953,2058600
RY.TO,2025-11-12,207.1199951171875,208.75999450683594,206.02000427246094,208.75999450683594,204.6514434814453,1919300
RY.TO,2025-11-13,208.25,209.05999755859375,204.66000366210938,205.85000610351562,201.79872131347656,3160800
RY.TO,2025-11-14,204.1999969482422,205.5399932861328,202.7899932861328,205.4600067138672,201.4163818359375,3134800
RY.TO,2025-11-17,206.49000549316406,208.02999877929688,205.66000366210938,206.92999267578125,202.85745239257812,4160700
RY.TO,2025-11-18,205.85000610351562,208.8300018310547,204.60000610351562,208.3800048828125,204.2789306640625,3754200
RY.TO,2025-11-19,208.24000549316406,208.8800048828125,207.11000061035156,208.50999450683594,204.40634155273438,2339100
RY.TO,2025-11-20,209.25,210.77000427246094,207.0500030517578,207.97999572753906,203.8867950439453,2177100
RY.TO,2025-11-21,208.88999938964844,211.75,208.24000549316406,211.3800048828125,207.2198944091797,4826500
RY.TO,2025-11-24,211.00999450683594,212.8699951171875,210.36000061035156,211.38999938964844,207.22967529296875,5735100
RY.TO,2025-11-25,212.7100067138672,214.7899932861328,211.7899932861328,214.72000122070312,210.49415588378906,3379200
RY.TO,2025-11-26,214.80999755859375,215.22999572753906,214.11000061035156,215.05999755859375,210.82745361328125,2317800
RY.TO,2025-11-27,214.7899932861328,215.74000549316406,214.47999572753906,215.41000366210938,211.1705780029297,422900
RY.TO,2025-11-28,215.2100067138672,216.22999572753906,214.24000549316406,216.13999938964844,211.8861846923828,1401900
RY.TO,2025-12-01,215.00999450683594,215.64999389648438,213.50999450683594,214.08999633789062,209.87655639648438,3058400
RY.TO,2025-12-02,215.0,216.2100067138672,213.30999755859375,216.2100067138672,211.95481872558594,3185100
RY.TO,2025-12-03,217.61000061035156,220.25999450683594,215.5500030517578,218.63999938964844,214.3369903564453,3855300
RY.TO,2025-12-04,220.13999938964844,225.25999450683594,219.7100067138672,224.05999755859375,219.65032958984375,4734500
RY.TO,2025-12-05,223.75999450683594,225.47999572753906,223.5,224.72000122070312,220.29733276367188,1840000
RY.TO,2025-12-08,224.86000061035156,226.72000122070312,224.3699951171875,226.4499969482422,221.9932861328125,5337600
RY.TO,2025-12-09,226.47000122070312,227.42999267578125,226.0,226.02999877929688,221.58155822753906,2608100
RY.TO,2025-12-10,225.9199981689453,228.6300048828125,225.75,227.75,223.26771545410156,3482500
RY.TO,2025-12-11,228.50999450683594,230.0800018310547,227.41000366210938,230.0,225.47341918945312,3060600
RY.TO,2025-12-12,230.14999389648438,230.99000549316406,227.8800048828125,228.2899932861328,223.79708862304688,2263900
RY.TO,2025-12-15,228.02999877929688,230.9600067138672,227.8000030517578,230.10000610351562,225.57147216796875,2496900
RY.TO,2025-12-16,229.25,230.0,228.77999877929688,228.77999877929688,224.27743530273438,2973300
RY.TO,2025-12-17,229.4199981689453,229.86000061035156,226.72999572753906,227.86000061035156,223.3755340576172,4005400
RY.TO,2025-12-18,228.69000244140625,231.7100067138672,228.61000061035156,230.36000061035156,225.82632446289062,2827400
RY.TO,2025-12-19,231.4600067138672,234.2899932861328,230.86000061035156,232.7100067138672,228.13009643554688,7701500
RY.TO,2025-12-22,232.97999572753906,234.22999572753906,231.8000030517578,233.55999755859375,228.96336364746094,1829900
RY.TO,2025-12-23,233.16000366210938,234.6300048828125,233.14999389648438,234.0500030517578,229.44374084472656,1675900
RY.TO,2025-12-24,233.99000549316406,234.97999572753906,233.3699951171875,233.85000610351562,229.24766540527344,762300
RY.TO,2025-12-29,233.67999267578125,235.9199981689453,233.67999267578125,235.17999267578125,230.5514678955078,2141600
RY.TO,2025-12-30,235.5500030517578,235.94000244140625,234.91000366210938,235.0,230.37501525878906,1606300
RY.TO,2025-12-31,235.0,235.07000732421875,233.88999938964844,233.99000549316406,229.38490295410156,1567300
TD.TO,2025-01-02,76.97000122070312,76.9800033569336,76.33999633789062,76.5,71.38615417480469,18507000
TD.TO,2025-01-03,76.7699966430664,77.83000183105469,76.58000183105469,77.77999877929688,72.5805892944336,17948300
TD.TO,2025-01-06,78.31999969482422,78.51000213623047,77.69000244140625,77.77999877929688,72.5805892944336,22054800
TD.TO,2025-01-07,77.81999969482422,78.70999908447266,77.75,78.4800033569336,73.23379516601562,22302900
TD.TO,2025-01-08,78.66000366210938,78.75,77.72000122070312,77.91999816894531,72.71122741699219,23749600
TD.TO,2025-01-09,77.44999694824219,78.19000244140625,77.44000244140625,77.9800033569336,72.76721954345703,5652300
TD.TO,2025-01-10,76.93000030517578,78.30000305175781,76.33000183105469,78.19999694824219,73.96849060058594,20880100
TD.TO,2025-01-13,77.81999969482422,78.76000213623047,77.79000091552734,78.18000030517578,73.94956970214844,14112700
TD.TO,2025-01-14,78.75,79.11000061035156,78.44999694824219,78.56999969482422,74.31847381591797,8787200
TD.TO,2025-01-15,79.05999755859375,79.5999984741211,78.9000015258789,79.30999755859375,75.01844024658203,13619700
TD.TO,2025-01-16,79.48999786376953,80.0199966430664,79.26000213623047,79.5999984741211,75.29273986816406,9507200
TD.TO,2025-01-17,80.30000305175781,83.7300033569336,80.19999694824219,83.12999725341797,78.63172149658203,12473500
TD.TO,2025-01-20,83.0,83.0,81.69000244140625,82.36000061035156,77.90339660644531,2363200
TD.TO,2025-01-21,82.44999694824219,82.77999877929688,81.80000305175781,82.11000061035156,77.66693115234375,10200100
TD.TO,2025-01-22,82.0,82.30000305175781,81.58999633789062,81.86000061035156,77.43045043945312,8752000
TD.TO,2025-01-23,82.12000274658203,82.30000305175781,81.81999969482422,82.2300033569336,77.78042602539062,4144900
TD.TO,2025-01-24,82.02999877929688,82.37999725341797,81.98999786376953,82.1500015258789,77.70475769042969,5896600
TD.TO,2025-01-27,82.01000213623047,82.80000305175781,81.95999908447266,82.62999725341797,78.15877532958984,4889900
TD.TO,2025-01-28,82.45999908447266,82.86000061035156,82.27999877929688,82.54000091552734,78.07365417480469,4927900
TD.TO,2025-01-29,82.48999786376953,82.97000122070312,82.4000015258789,82.8499984741211,78.36687469482422,2306000
TD.TO,2025-01-30,83.0,83.5999984741211,82.73999786376953,83.05000305175781,78.55606079101562,7603000
TD.TO,2025-01-31,82.86000061035156,83.30999755859375,82.75,82.91000366210938,78.42362976074219,4653600
TD.TO,2025-02-03,79.0,83.3499984741211,78.9800033569336,82.5,78.03582000732422,12186800
TD.TO,2025-02-04,82.01000213623047,82.66000366210938,81.83000183105469,82.0,77.56287384033203,6585600
TD.TO,2025-02-05,82.5,82.58999633789062,82.01000213623047,82.25,77.7993392944336,6001200
TD.TO,2025-02-06,82.70999908447266,82.86000061035156,82.37000274658203,82.86000061035156,78.37633514404297,3377000
TD.TO,2025-02-07,82.61000061035156,82.83999633789062,82.41000366210938,82.80999755859375,78.32904052734375,4714100
TD.TO,2025-02-10,83.87999725341797,86.0199966430664,83.7300033569336,86.0,81.34642791748047,14779500
TD.TO,2025-02-11,85.69000244140625,86.98999786376953,85.58999633789062,86.69000244140625,81.99909973144531,5400500
TD.TO,2025-02-12,86.5,86.58000183105469,85.19999694824219,85.56999969482422,80.93968963623047,6150900
TD.TO,2025-02-13,85.55000305175781,85.72000122070312,84.91999816894531,85.08999633789062,80.48564910888672,3394200
TD.TO,2025-02-14,85.02999877929688,85.37999725341797,84.62000274658203,84.63999938964844,80.06002044677734,4894200
TD.TO,2025-02-18,84.68000030517578,85.33000183105469,84.54000091552734,85.12999725341797,80.52349853515625,3920800
TD.TO,2025-02-19,85.0,85.5999984741211,84.2699966430664,85.55999755859375,80.93022918701172,3520200
TD.TO,2025-02-20,85.25,85.62000274658203,85.01000213623047,85.58999633789062,80.95861053466797,4469900
TD.TO,2025-02-21,85.66999816894531,86.26000213623047,84.95999908447266,85.12000274658203,80.51405334472656,2790500
TD.TO,2025-02-24,85.20999908447266,85.33999633789062,84.58999633789062,84.63999938964844,80.06002044677734,1871400
TD.TO,2025-02-25,84.73999786376953,85.62999725341797,84.73999786376953,85.2699966430664,80.65592193603516,3845200
TD.TO,2025-02-26,85.30000305175781,85.81999969482422,85.02999877929688,85.66999816894531,81.0342788696289,2227300
TD.TO,2025-02-27,85.0,86.44999694824219,84.5,86.27999877929688,81.61126708984375,6615400
TD.TO,2025-02-28,86.37000274658203,87.56999969482422,85.98999786376953,86.63999938964844,81.95179748535156,6614800
TD.TO,2025-03-03,86.5999984741211,87.25,85.86000061035156,86.41000366210938,81.7342529296875,5089900
TD.TO,2025-03-04,85.08000183105469,85.45999908447266,83.93000030517578,84.91999816894531,80.32486724853516,5549900
TD.TO,2025-03-05,84.58000183105469,85.23999786376953,84.16999816894531,84.98999786376953,80.39107513427734,6031100
TD.TO,2025-03-06,84.70999908447266,85.26000213623047,84.58999633789062,84.7300033569336,80.14515686035156,3944500
TD.TO,2025-03-07,84.48999786376953,85.75,84.36000061035156,85.58000183105469,80.94915771484375,4991900
TD.TO,2025-03-10,84.9000015258789,85.66999816894531,84.80000305175781,84.86000061035156,80.26811981201172,9628600
TD.TO,2025-03-11,84.54000091552734,84.58999633789062,82.69999694824219,83.18000030517578,78.67901611328125,6743400
TD.TO,2025-03-12,83.2699966430664,84.16999816894531,82.75,83.91000366210938,79.36952209472656,5127300
TD.TO,2025-03-13,83.55999755859375,84.30000305175781,83.19999694824219,83.2699966430664,78.76415252685547,5402100
TD.TO,2025-03-14,83.5999984741211,84.73999786376953,83.54000091552734,84.62999725341797,80.0505599975586,5371500
TD.TO,2025-03-17,84.66999816894531,85.45999908447266,84.62999725341797,85.33000183105469,80.71268463134766,8763000
TD.TO,2025-03-18,85.26000213623047,85.62000274658203,84.83000183105469,85.30999755859375,80.69375610351562,4826200
TD.TO,2025-03-19,85.29000091552734,85.88999938964844,85.29000091552734,85.81999969482422,81.1761703491211,4969100
TD.TO,2025-03-20,85.44999694824219,86.25,85.30999755859375,85.80999755859375,81.16670227050781,4021500
TD.TO,2025-03-21,85.72000122070312,86.0,84.86000061035156,85.30000305175781,80.68431091308594,11937000
TD.TO,2025-03-24,85.9000015258789,86.83999633789062,85.88999938964844,86.69000244140625,81.99909973144531,11579400
TD.TO,2025-03-25,86.98999786376953,87.41000366210938,86.80000305175781,87.05000305175781,82.33960723876953,8855500
TD.TO,2025-03-26,87.20999908447266,87.48999786376953,87.0199966430664,87.33000183105469,82.60446166992188,8470600
TD.TO,2025-03-27,87.0,87.6500015258789,86.9800033569336,87.29000091552734,82.56663513183594,9543400
TD.TO,2025-03-28,87.04000091552734,87.31999969482422,86.18000030517578,86.37000274658203,81.6964111328125,9035200
TD.TO,2025-03-31,85.69000244140625,86.66999816894531,85.5999984741211,86.2300033569336,81.56398010253906,9482300
TD.TO,2025-04-01,86.29000091552734,86.5,84.69000244140625,84.88999938964844,80.2964859008789,16865000
TD.TO,2025-04-02,84.12000274658203,86.0999984741211,84.08999633789062,85.81999969482422,81.1761703491211,13073600
TD.TO,2025-04-03,84.58999633789062,84.73999786376953,82.05999755859375,82.63999938964844,78.16824340820312,14518900
TD.TO,2025-04-04,81.62999725341797,81.75,80.11000061035156,81.19999694824219,76.80615234375,12709700
TD.TO,2025-04-07,78.56999969482422,81.11000061035156,78.19999694824219,79.3499984741211,75.05626678466797,25072200
TD.TO,2025-04-08,80.88999938964844,81.73999786376953,78.95999908447266,79.66999816894531,75.35894012451172,18636500
TD.TO,2025-04-09,78.77999877929688,81.83999633789062,78.11000061035156,81.19000244140625,76.79670715332031,6589500
TD.TO,2025-04-10,79.55999755859375,79.75,78.05999755859375,79.19999694824219,75.89591217041016,9240800
TD.TO,2025-04-11,78.8499984741211,81.27999877929688,78.72000122070312,81.05000305175781,77.66873931884766,6727900
TD.TO,2025-04-14,82.16999816894531,83.25,81.63999938964844,83.19000244140625,79.71946716308594,15059700
TD.TO,2025-04-15,83.25,84.12000274658203,83.20999908447266,83.55999755859375,80.07402038574219,12431900
TD.TO,2025-04-16,83.61000061035156,84.02999877929688,82.94000244140625,83.80000305175781,80.30402374267578,8859400
TD.TO,2025-04-17,83.80999755859375,84.2699966430664,83.41000366210938,83.9800033569336,80.47650146484375,12163800
TD.TO,2025-04-21,83.80000305175781,84.44000244140625,83.5999984741211,84.18000030517578,80.66815948486328,3926100
TD.TO,2025-04-22,84.76000213623047,85.77999877929688,84.76000213623047,85.5999984741211,82.02891540527344,8736400
TD.TO,2025-04-23,86.55000305175781,86.66999816894531,85.58999633789062,85.69999694824219,82.1247329711914,7036500
TD.TO,2025-04-24,85.63999938964844,86.23999786376953,85.58999633789062,86.19999694824219,82.60388946533203,10614000
TD.TO,2025-04-25,86.08999633789062,86.47000122070312,85.80999755859375,86.16999816894531,82.57514190673828,6646500
TD.TO,2025-04-28,86.20999908447266,87.08000183105469,86.20999908447266,86.68000030517578,83.06385803222656,12622300
TD.TO,2025-04-29,86.80000305175781,87.79000091552734,86.80000305175781,87.55999755859375,83.90715026855469,12522800
TD.TO,2025-04-30,87.31999969482422,88.08999633789062,86.91999816894531,88.08999633789062,84.4150390625,7453900
TD.TO,2025-05-01,88.05000305175781,88.55000305175781,87.36000061035156,87.41000366210938,83.76341247558594,4320600
TD.TO,2025-05-02,88.0,88.47000122070312,87.61000061035156,88.33999633789062,84.65460205078125,2902800
TD.TO,2025-05-05,87.76000213623047,88.44000244140625,87.76000213623047,88.18000030517578,84.50128173828125,6379400
TD.TO,2025-05-06,87.80999755859375,87.9800033569336,87.16999816894531,87.44999694824219,83.8017349243164,8168900
TD.TO,2025-05-07,87.87000274658203,88.18000030517578,87.33000183105469,87.33999633789062,83.69632720947266,3165000
TD.TO,2025-05-08,87.63999938964844,88.16000366210938,87.47000122070312,87.76000213623047,84.09880828857422,2761900
TD.TO,2025-05-09,88.01000213623047,88.25,87.5199966430664,88.06999969482422,84.3958740234375,2496800
TD.TO,2025-05-12,88.80000305175781,89.12999725341797,88.20999908447266,88.5199966430664,84.82710266113281,5834900
TD.TO,2025-05-13,88.75,89.29000091552734,88.5,89.12999725341797,85.41165161132812,2915100
TD.TO,2025-05-14,89.19000244140625,89.91000366210938,89.0,89.80000305175781,86.0537109375,6507000
TD.TO,2025-05-15,89.97000122070312,90.72000122070312,89.75,90.72000122070312,86.9353256225586,6572500
TD.TO,2025-05-16,90.5999984741211,90.6500015258789,89.77999877929688,89.83000183105469,86.08245849609375,4523900
TD.TO,2025-05-20,90.19000244140625,90.55000305175781,89.76000213623047,90.16999816894531,86.40825653076172,3966900
TD.TO,2025-05-21,89.68000030517578,90.01000213623047,89.33999633789062,89.9000015258789,86.1495361328125,3988600
TD.TO,2025-05-22,90.75,93.83000183105469,90.69999694824219,92.80999755859375,88.9381332397461,10972200
TD.TO,2025-05-23,92.58999633789062,93.43000030517578,91.80999755859375,92.91000366210938,89.03396606445312,7651800
TD.TO,2025-05-26,93.22000122070312,93.8499984741211,93.04000091552734,93.41999816894531,89.5226821899414,2096700
TD.TO,2025-05-27,94.0,94.69999694824219,93.52999877929688,94.31999969482422,90.38513946533203,6322300
TD.TO,2025-05-28,94.43000030517578,94.83000183105469,94.12999725341797,94.23999786376953,90.3084716796875,4423800
TD.TO,2025-05-29,94.43000030517578,94.95999908447266,94.05000305175781,94.91999816894531,90.96009826660156,5498200
TD.TO,2025-05-30,94.55000305175781,95.0999984741211,94.48999786376953,94.7699966430664,90.81636047363281,4933800
TD.TO,2025-06-02,94.68000030517578,95.08999633789062,94.5,94.95999908447266,90.99842834472656,3317200
TD.TO,2025-06-03,95.0,96.0199966430664,94.91000366210938,96.0199966430664,92.01421356201172,3981500
TD.TO,2025-06-04,95.8499984741211,96.0,95.19999694824219,95.22000122070312,91.24758911132812,1986700
TD.TO,2025-06-05,95.48999786376953,95.62999725341797,94.86000061035156,95.5999984741211,91.61174011230469,2020100
TD.TO,2025-06-06,95.87000274658203,96.4800033569336,95.73999786376953,96.3499984741211,92.33045196533203,2674300
TD.TO,2025-06-09,96.16000366210938,96.86000061035156,95.70999908447266,95.91999816894531,91.91838073730469,2826800
TD.TO,2025-06-10,95.80999755859375,96.81999969482422,95.79000091552734,96.76000213623047,92.72334289550781,3699500
TD.TO,2025-06-11,96.7300033569336,96.76000213623047,95.7300033569336,95.9800033569336,91.97588348388672,3602700
TD.TO,2025-06-12,96.0,96.47000122070312,95.58999633789062,96.30999755859375,92.29212188720703,2793800
TD.TO,2025-06-13,95.68000030517578,96.44000244140625,95.5199966430664,96.2300033569336,92.2154541015625,3587800
TD.TO,2025-06-16,96.36000061035156,96.80000305175781,96.2300033569336,96.45999908447266,92.43585968017578,5120600
TD.TO,2025-06-17,96.38999938964844,96.83000183105469,96.25,96.80000305175781,92.76167297363281,4423900
TD.TO,2025-06-18,96.80000305175781,97.94999694824219,96.79000091552734,97.69000244140625,93.61454772949219,4522000
TD.TO,2025-06-19,97.29000091552734,97.43000030517578,96.6500015258789,97.43000030517578,93.36539459228516,1976300
TD.TO,2025-06-20,98.19999694824219,98.19999694824219,97.13999938964844,97.38999938964844,93.32705688476562,11901500
TD.TO,2025-06-23,97.13999938964844,97.86000061035156,97.13999938964844,97.7699966430664,93.69120788574219,8092000
TD.TO,2025-06-24,98.0,98.8499984741211,97.87000274658203,98.58000183105469,94.46742248535156,7197700
TD.TO,2025-06-25,98.5,98.9800033569336,98.01000213623047,98.83999633789062,94.71656799316406,3939800
TD.TO,2025-06-26,98.62000274658203,99.54000091552734,98.62000274658203,99.45999908447266,95.31069946289062,4830900
TD.TO,2025-06-27,99.4800033569336,99.7699966430664,98.97000122070312,99.44999694824219,95.3011245727539,8128600
TD.TO,2025-06-30,99.69999694824219,100.19000244140625,99.30000305175781,100.16000366210938,95.98149108886719,7843400
TD.TO,2025-07-02,101.1500015258789,101.44999694824219,100.62000274658203,101.0999984741211,96.88228607177734,11011400
TD.TO,2025-07-03,100.9000015258789,101.81999969482422,100.88999938964844,101.58999633789062,97.35183715820312,10312800
TD.TO,2025-07-04,101.16999816894531,101.94000244140625,101.16999816894531,101.69000244140625,97.44766998291016,3968900
TD.TO,2025-07-07,101.6500015258789,102.44999694824219,100.95999908447266,101.2699966430664,97.0451889038086,28697700
TD.TO,2025-07-08,101.30000305175781,101.7300033569336,100.97000122070312,101.4000015258789,97.16976928710938,24655800
TD.TO,2025-07-09,101.48999786376953,102.16000366210938,101.19999694824219,101.44000244140625,97.2081069946289,12053200
TD.TO,2025-07-10,100.5,101.18000030517578,100.01000213623047,100.9800033569336,97.77940368652344,17480900
TD.TO,2025-07-11,100.5,100.73999786376953,99.68000030517578,100.69000244140625,97.49858856201172,7525800
TD.TO,2025-07-14,100.55999755859375,101.4800033569336,100.30999755859375,101.4800033569336,98.26355743408203,16573700
TD.TO,2025-07-15,101.47000122070312,101.4800033569336,100.55999755859375,100.87000274658203,97.67288970947266,13715900
TD.TO,2025-07-16,100.68000030517578,101.37999725341797,100.4000015258789,101.29000091552734,98.07958221435547,7128800
TD.TO,2025-07-17,100.87000274658203,101.7699966430664,100.83000183105469,101.66999816894531,98.4475326538086,3936700
TD.TO,2025-07-18,101.51000213623047,101.55000305175781,100.66999816894531,101.01000213623047,97.80845642089844,4997400
TD.TO,2025-07-21,100.76000213623047,102.05000305175781,100.76000213623047,101.81999969482422,98.5927734375,4050100
TD.TO,2025-07-22,101.66000366210938,102.19000244140625,101.6500015258789,102.16999816894531,98.93167877197266,7767900
TD.TO,2025-07-23,102.5,102.8499984741211,102.2699966430664,102.44000244140625,99.19312286376953,6141400
TD.TO,2025-07-24,102.4000015258789,102.68000030517578,102.11000061035156,102.12999725341797,98.8929443359375,3918100
TD.TO,2025-07-25,102.12999725341797,102.6500015258789,101.91999816894531,102.6500015258789,99.39646911621094,4770400
TD.TO,2025-07-28,102.44999694824219,102.5,101.44000244140625,101.79000091552734,98.56372833251953,5904100
TD.TO,2025-07-29,101.93000030517578,102.19000244140625,100.70999908447266,101.30999755859375,98.09893035888672,7028200
TD.TO,2025-07-30,101.22000122070312,102.31999969482422,101.22000122070312,101.80000305175781,98.57341003417969,7177500
TD.TO,2025-07-31,101.80000305175781,101.88999938964844,100.75,100.91999816894531,97.72129821777344,5732000
TD.TO,2025-08-01,100.0,100.30999755859375,99.51000213623047,100.08999633789062,96.91761016845703,5709900
TD.TO,2025-08-05,100.98999786376953,101.30000305175781,100.2300033569336,100.52999877929688,97.34365844726562,6217100
TD.TO,2025-08-06,100.73999786376953,101.1500015258789,100.12999725341797,101.04000091552734,97.8375015258789,7382100
TD.TO,2025-08-07,101.1500015258789,101.37999725341797,100.01000213623047,100.23999786376953,97.06285095214844,3666900
TD.TO,2025-08-08,100.45999908447266,100.9000015258789,100.33999633789062,100.76000213623047,97.5663833618164,2230900
TD.TO,2025-08-11,100.81999969482422,101.12999725341797,100.25,100.77999877929688,97.58573913574219,6613400
TD.TO,2025-08-12,100.86000061035156,101.43000030517578,100.7699966430664,100.94000244140625,97.74066925048828,4785400
TD.TO,2025-08-13,101.75,102.5999984741211,101.44999694824219,102.56999969482422,99.31900024414062,3753400
TD.TO,2025-08-14,102.54000091552734,103.0199966430664,102.5,102.98999786376953,99.72569274902344,3143600
TD.TO,2025-08-15,103.0,103.11000061035156,102.02999877929688,102.3499984741211,99.10597229003906,2877600
TD.TO,2025-08-18,102.20999908447266,102.2300033569336,101.77999877929688,102.08000183105469,98.84453582763672,3441500
TD.TO,2025-08-19,102.11000061035156,102.25,101.66000366210938,101.69000244140625,98.4668960571289,3240200
TD.TO,2025-08-20,102.01000213623047,102.63999938964844,101.93000030517578,102.23999786376953,98.99946594238281,2991100
TD.TO,2025-08-21,102.05999755859375,102.48999786376953,101.83999633789062,102.44999694824219,99.20280456542969,2591600
TD.TO,2025-08-22,102.58999633789062,103.06999969482422,102.44000244140625,102.87999725341797,99.61917877197266,3646200
TD.TO,2025-08-25,102.5999984741211,102.61000061035156,101.70999908447266,102.27999877929688,99.03820037841797,4651000
TD.TO,2025-08-26,102.36000061035156,104.19999694824219,102.1500015258789,104.08999633789062,100.79081726074219,7483100
TD.TO,2025-08-27,103.95999908447266,105.51000213623047,103.95999908447266,105.01000213623047,101.6816635131836,7537800
TD.TO,2025-08-28,108.62999725341797,108.68000030517578,100.01000213623047,100.2699966430664,97.09190368652344,13096600
TD.TO,2025-08-29,100.7300033569336,103.27999877929688,100.43000030517578,103.12000274658203,99.85157775878906,9560500
TD.TO,2025-09-02,102.5,102.87999725341797,101.8499984741211,102.75,99.49330139160156,3117200
TD.TO,2025-09-03,103.0,103.55000305175781,102.9000015258789,103.33000183105469,100.05492401123047,2927800
TD.TO,2025-09-04,103.58000183105469,103.73999786376953,103.1500015258789,103.33000183105469,100.05492401123047,2402600
TD.TO,2025-09-05,103.4000015258789,103.80000305175781,102.73999786376953,103.16000366210938,99.89031219482422,3240900
TD.TO,2025-09-08,103.12000274658203,103.2300033569336,102.5,103.2300033569336,99.95809173583984,2723500
TD.TO,2025-09-09,103.08000183105469,104.5999984741211,103.08000183105469,104.44000244140625,101.1297378540039,5642800
TD.TO,2025-09-10,104.66999816894531,105.62000274658203,104.54000091552734,105.23999786376953,101.90437316894531,3511000
TD.TO,2025-09-11,106.0,106.41000366210938,105.3499984741211,106.23999786376953,102.8726806640625,4339600
TD.TO,2025-09-12,106.05999755859375,106.38999938964844,105.98999786376953,106.31999969482422,102.95014953613281,5502900
TD.TO,2025-09-15,106.41999816894531,106.97000122070312,106.12999725341797,106.95999908447266,103.56986236572266,3902200
TD.TO,2025-09-16,107.0,107.19000244140625,105.94999694824219,107.08000183105469,103.6860580444336,4513800
TD.TO,2025-09-17,107.0,108.37999725341797,107.0,107.9800033569336,104.55753326416016,2524200
TD.TO,2025-09-18,107.93000030517578,108.47000122070312,107.55000305175781,108.19000244140625,104.76087951660156,2176000
TD.TO,2025-09-19,111.11000061035156,111.11000061035156,108.16000366210938,108.38999938964844,104.95453643798828,12175500
TD.TO,2025-09-22,108.30999755859375,109.5999984741211,108.01000213623047,109.55999755859375,106.08744812011719,5213900
TD.TO,2025-09-23,109.5999984741211,109.83000183105469,108.91000366210938,108.94999694824219,105.49678802490234,3468500
TD.TO,2025-09-24,109.2699966430664,109.33000183105469,108.2699966430664,108.58999633789062,105.148193359375,4095000
TD.TO,2025-09-25,108.30000305175781,110.04000091552734,108.25,109.95999908447266,106.47477722167969,4543100
TD.TO,2025-09-26,110.25,110.6500015258789,109.6500015258789,110.3499984741211,106.85240936279297,2800300
TD.TO,2025-09-29,110.45999908447266,111.1500015258789,107.5999984741211,111.11000061035156,107.58832550048828,9934500
TD.TO,2025-09-30,111.29000091552734,114.23999786376953,111.01000213623047,111.27999877929688,107.75293731689453,6213400
TD.TO,2025-10-01,111.61000061035156,112.61000061035156,111.31999969482422,112.12999725341797,108.57598876953125,8010100
TD.TO,2025-10-02,112.4000015258789,112.4000015258789,110.43000030517578,111.13999938964844,107.61737823486328,8444700
TD.TO,2025-10-03,112.0,114.08000183105469,111.80000305175781,113.26000213623047,109.6701889038086,25084000
TD.TO,2025-10-06,113.66000366210938,113.66000366210938,111.8499984741211,113.30000305175781,109.70892333984375,9501500
TD.TO,2025-10-07,113.1500015258789,113.8499984741211,112.7300033569336,112.94000244140625,109.3603286743164,10285500
TD.TO,2025-10-08,112.9800033569336,113.30000305175781,112.19999694824219,112.33999633789062,108.77934265136719,10929300
TD.TO,2025-10-09,112.5,112.62999725341797,111.70999908447266,112.0199966430664,108.469482421875,10970000
TD.TO,2025-10-10,111.26000213623047,111.30000305175781,109.5,109.77999877929688,107.3062973022461,19097300
TD.TO,2025-10-14,109.77999877929688,111.54000091552734,109.55999755859375,111.51000213623047,108.99732208251953,13912700
TD.TO,2025-10-15,111.45999908447266,112.95999908447266,111.33999633789062,112.95999908447266,110.41464233398438,10260000
TD.TO,2025-10-16,112.79000091552734,112.98999786376953,110.23999786376953,110.7300033569336,108.23489379882812,8010700
TD.TO,2025-10-17,110.37999725341797,111.38999938964844,110.16999816894531,111.05999755859375,108.55744934082031,6739900
TD.TO,2025-10-20,111.38999938964844,112.30000305175781,110.88999938964844,112.06999969482422,109.54469299316406,5439700
TD.TO,2025-10-21,111.5999984741211,112.69999694824219,111.5999984741211,112.63999938964844,110.10185241699219,3457400
TD.TO,2025-10-22,112.5999984741211,113.1500015258789,112.5,113.11000061035156,110.56126403808594,6428800
TD.TO,2025-10-23,113.16999816894531,113.76000213623047,113.06999969482422,113.13999938964844,110.590576171875,4769100
TD.TO,2025-10-24,113.31999969482422,113.62999725341797,113.0999984741211,113.3499984741211,110.79585266113281,5642900
TD.TO,2025-10-27,113.62999725341797,114.26000213623047,113.5,114.26000213623047,111.68534851074219,5294600
TD.TO,2025-10-28,114.22000122070312,115.55999755859375,113.83999633789062,115.29000091552734,112.692138671875,8090000
TD.TO,2025-10-29,115.05000305175781,115.33000183105469,113.66999816894531,114.02999877929688,111.46053314208984,5902800
TD.TO,2025-10-30,114.0,115.19999694824219,113.95999908447266,114.63999938964844,112.0567855834961,5399900
TD.TO,2025-10-31,114.55000305175781,115.56999969482422,114.0999984741211,115.16000366210938,112.56507110595703,4977900
TD.TO,2025-11-03,115.0199966430664,116.48999786376953,114.95999908447266,115.18000030517578,112.5846176147461,8751400
TD.TO,2025-11-04,114.41000366210938,115.12999725341797,113.44000244140625,113.55999755859375,111.0011215209961,4917700
TD.TO,2025-11-05,113.55000305175781,114.23999786376953,112.9800033569336,113.8499984741211,111.28458404541016,7091300
TD.TO,2025-11-06,114.29000091552734,114.37999725341797,112.29000091552734,113.54000091552734,110.98157501220703,5344500
TD.TO,2025-11-07,113.13999938964844,113.58000183105469,112.26000213623047,113.58000183105469,111.02066802978516,6399000
TD.TO,2025-11-10,113.83000183105469,113.95999908447266,112.91000366210938,113.72000122070312,111.15751647949219,7881600
TD.TO,2025-11-11,113.66999816894531,114.81999969482422,113.66999816894531,114.3499984741211,111.7733154296875,4899600
TD.TO,2025-11-12,114.80000305175781,116.08000183105469,114.73999786376953,115.88999938964844,113.27861022949219,3098200
TD.TO,2025-11-13,115.62999725341797,116.11000061035156,113.7300033569336,114.22000122070312,111.64625549316406,3737200
TD.TO,2025-11-14,113.44999694824219,114.2699966430664,112.52999877929688,114.05000305175781,111.4800796508789,4770500
TD.TO,2025-11-17,113.9000015258789,115.13999938964844,113.79000091552734,114.45999908447266,111.88084411621094,4751500
TD.TO,2025-11-18,113.98999786376953,115.23999786376953,112.86000061035156,114.93000030517578,112.34024810791016,4332900
TD.TO,2025-11-19,114.93000030517578,115.33999633789062,114.20999908447266,114.66999816894531,112.08610534667969,3304400
TD.TO,2025-11-20,115.23999786376953,115.97000122070312,114.20999908447266,114.66000366210938,112.07633972167969,3154800
TD.TO,2025-11-21,115.08999633789062,115.80000305175781,114.45999908447266,115.58999633789062,112.9853744506836,3276100
TD.TO,2025-11-24,115.58999633789062,116.93000030517578,115.36000061035156,116.70999908447266,114.08013916015625,7345500
TD.TO,2025-11-25,116.70999908447266,117.12999725341797,115.5999984741211,116.04000091552734,113.42523956298828,4125500
TD.TO,2025-11-26,116.41999816894531,117.33000183105469,116.16000366210938,117.1500015258789,114.51022338867188,3689000
TD.TO,2025-11-27,117.27999877929688,117.4800033569336,117.0,117.05999755859375,114.42225646972656,693200
TD.TO,2025-11-28,117.05000305175781,117.94999694824219,116.61000061035156,117.6500015258789,114.99895477294922,2331400
TD.TO,2025-12-01,117.55999755859375,117.70999908447266,116.19000244140625,116.95999908447266,114.32450866699219,4762200
TD.TO,2025-12-02,117.45999908447266,118.22000122070312,116.1500015258789,118.19999694824219,115.53656005859375,5311400
TD.TO,2025-12-03,118.19999694824219,118.81999969482422,117.41999816894531,117.69999694824219,115.0478286743164,3334900
TD.TO,2025-12-04,117.68000030517578,120.41000366210938,116.5999984741211,120.08999633789062,117.38397216796875,6961000
TD.TO,2025-12-05,120.79000091552734,122.23999786376953,120.51000213623047,122.19999694824219,119.44642639160156,3842900
TD.TO,2025-12-08,122.0,122.76000213623047,121.70999908447266,122.1500015258789,119.3975601196289,4066900
TD.TO,2025-12-09,122.30999755859375,123.56999969482422,122.1500015258789,123.47000122070312,120.68781280517578,3491500
TD.TO,2025-12-10,123.77999877929688,126.19000244140625,123.7300033569336,125.87999725341797,123.04351043701172,7435400
TD.TO,2025-12-11,125.91000366210938,126.44999694824219,125.05999755859375,126.43000030517578,123.58111572265625,7986100
TD.TO,2025-12-12,126.55000305175781,126.72000122070312,125.37000274658203,125.80000305175781,122.96531677246094,3041100
TD.TO,2025-12-15,126.0,126.91999816894531,126.0,126.75,123.89390563964844,3083300
TD.TO,2025-12-16,126.38999938964844,126.66999816894531,126.02999877929688,126.11000061035156,123.26832580566406,5675800
TD.TO,2025-12-17,126.55999755859375,126.56999969482422,124.55999755859375,125.77999877929688,122.94576263427734,7862200
TD.TO,2025-12-18,126.5199966430664,128.24000549316406,126.0,127.48999786376953,124.61722564697266,3541400
TD.TO,2025-12-19,127.94999694824219,128.67999267578125,127.69999694824219,127.98999786376953,125.10596466064453,11977400
TD.TO,2025-12-22,128.25,128.89999389648438,127.72000122070312,127.9800033569336,125.09619903564453,5514200
TD.TO,2025-12-23,127.97000122070312,129.1699981689453,127.97000122070312,128.9199981689453,126.01500701904297,4915900
TD.TO,2025-12-24,129.0,129.7100067138672,128.8000030517578,129.16000366210938,126.2496109008789,1117200
TD.TO,2025-12-29,129.16000366210938,129.9499969482422,129.16000366210938,129.58999633789062,126.66991424560547,7057400
TD.TO,2025-12-30,129.77000427246094,130.1699981689453,129.58999633789062,129.80999755859375,126.88494873046875,5139300
TD.TO,2025-12-31,129.80999755859375,130.13999938964844,129.16000366210938,129.36000061035156,126.4450912475586,2311300
ENB.TO,2025-01-02,61.310001373291016,61.900001525878906,61.220001220703125,61.869998931884766,56.10676193237305,8277600
ENB.TO,2025-01-03,61.91999816894531,62.75,61.91999816894531,62.25,56.45136260986328,2469700
ENB.TO,2025-01-06,62.25,62.29999923706055,61.5,61.61000061035156,55.87097930908203,6543500
ENB.TO,2025-01-07,62.119998931884766,62.81999969482422,62.0,62.70000076293945,56.85944366455078,5040800
ENB.TO,2025-01-08,62.84000015258789,63.400001525878906,62.619998931884766,63.29999923706055,57.4035530090332,5971000
ENB.TO,2025-01-09,63.04999923706055,63.2400016784668,62.83000183105469,62.9900016784668,57.122432708740234,3452800
ENB.TO,2025-01-10,63.2400016784668,63.29999923706055,62.279998779296875,62.7400016784668,56.895721435546875,8477600
ENB.TO,2025-01-13,62.599998474121094,63.439998626708984,62.40999984741211,62.470001220703125,56.650875091552734,6638600
ENB.TO,2025-01-14,62.290000915527344,63.310001373291016,62.20000076293945,63.2400016784668,57.349143981933594,7290200
ENB.TO,2025-01-15,63.4900016784668,64.0199966430664,63.41999816894531,63.5,57.58492660522461,8655600
ENB.TO,2025-01-16,63.4900016784668,63.560001373291016,62.75,63.310001373291016,57.412628173828125,9717800
ENB.TO,2025-01-17,63.5,64.68000030517578,63.349998474121094,64.37999725341797,58.38294982910156,5177300
ENB.TO,2025-01-20,64.25,64.56999969482422,63.75,63.93000030517578,57.97486877441406,1707400
ENB.TO,2025-01-21,64.12000274658203,65.62000274658203,64.0999984741211,65.01000213623047,58.95426940917969,7989000
ENB.TO,2025-01-22,65.0999984741211,65.20999908447266,64.3499984741211,64.4000015258789,58.40108871459961,10766700
ENB.TO,2025-01-23,64.19999694824219,64.55999755859375,64.0199966430664,64.48999786376953,58.482704162597656,5977500
ENB.TO,2025-01-24,64.25,64.8499984741211,64.05000305175781,64.5999984741211,58.58245849609375,7261600
ENB.TO,2025-01-27,64.48999786376953,64.79000091552734,63.689998626708984,64.25,58.26506042480469,9054900
ENB.TO,2025-01-28,64.27999877929688,64.83999633789062,63.75,64.05000305175781,58.08369827270508,5625100
ENB.TO,2025-01-29,63.97999954223633,64.44999694824219,63.75,63.86000061035156,57.9113883972168,4787300
ENB.TO,2025-01-30,64.11000061035156,64.55999755859375,63.81999969482422,64.43000030517578,58.42829513549805,9974600
ENB.TO,2025-01-31,64.38999938964844,64.55999755859375,62.81999969482422,62.849998474121094,56.9954719543457,8956700
ENB.TO,2025-02-03,58.88999938964844,63.06999969482422,58.88999938964844,62.56999969482422,56.741554260253906,14070400
ENB.TO,2025-02-04,62.65999984741211,63.25,62.54999923706055,62.70000076293945,56.85944366455078,12101200
ENB.TO,2025-02-05,62.77000045776367,63.52000045776367,62.599998474121094,63.0,57.13150405883789,16697400
ENB.TO,2025-02-06,63.16999816894531,63.470001220703125,62.72999954223633,63.40999984741211,57.5033073425293,12910100
ENB.TO,2025-02-07,63.25,63.630001068115234,62.560001373291016,63.5099983215332,57.593990325927734,15895300
ENB.TO,2025-02-10,63.79999923706055,64.36000061035156,63.58000183105469,64.1500015258789,58.17437744140625,14852100
ENB.TO,2025-02-11,64.02999877929688,64.72000122070312,63.650001525878906,64.69000244140625,58.6640739440918,22615600
ENB.TO,2025-02-12,64.19000244140625,64.88999938964844,64.19000244140625,64.44999694824219,58.44642639160156,14800900
ENB.TO,2025-02-13,64.54000091552734,64.98999786376953,64.4000015258789,64.62000274658203,58.6005973815918,6820300
ENB.TO,2025-02-14,63.68000030517578,64.25,61.0099983215332,61.08000183105469,56.21063232421875,19160400
ENB.TO,2025-02-18,61.22999954223633,61.36000061035156,59.599998474121094,60.63999938964844,55.80570602416992,23804100
ENB.TO,2025-02-19,60.900001525878906,60.900001525878906,59.869998931884766,60.209999084472656,55.40999221801758,19109600
ENB.TO,2025-02-20,60.0,60.02000045776367,59.290000915527344,59.459999084472656,54.71977615356445,13441900
ENB.TO,2025-02-21,59.31999969482422,59.849998474121094,58.900001525878906,59.45000076293945,54.71057891845703,10803800
ENB.TO,2025-02-24,59.66999816894531,59.86000061035156,59.06999969482422,59.25,54.52652359008789,7699800
ENB.TO,2025-02-25,59.0099983215332,59.779998779296875,58.7599983215332,59.630001068115234,54.87622833251953,11592800
ENB.TO,2025-02-26,59.709999084472656,60.33000183105469,59.52000045776367,59.93000030517578,55.152313232421875,4196700
ENB.TO,2025-02-27,60.22999954223633,60.63999938964844,59.65999984741211,60.27000045776367,55.465206146240234,6044100
ENB.TO,2025-02-28,60.27000045776367,61.900001525878906,60.099998474121094,61.810001373291016,56.8824348449707,17091600
ENB.TO,2025-03-03,61.939998626708984,62.4900016784668,61.52000045776367,61.869998931884766,56.937652587890625,13646800
ENB.TO,2025-03-04,60.52000045776367,61.5,59.91999816894531,60.13999938964844,55.3455696105957,9172600
ENB.TO,2025-03-05,60.0,61.38999938964844,59.97999954223633,61.0099983215332,56.14621353149414,12485400
ENB.TO,2025-03-06,60.630001068115234,60.650001525878906,59.459999084472656,59.52000045776367,54.77499771118164,8015000
ENB.TO,2025-03-07,59.54999923706055,60.75,59.459999084472656,60.380001068115234,55.56644058227539,8670800
ENB.TO,2025-03-10,60.2599983215332,61.65999984741211,60.029998779296875,61.630001068115234,56.7167854309082,14401800
ENB.TO,2025-03-11,61.47999954223633,61.81999969482422,61.0,61.0099983215332,56.14621353149414,8285400
ENB.TO,2025-03-12,61.119998931884766,61.7599983215332,60.77000045776367,61.25,56.3670768737793,6355000
ENB.TO,2025-03-13,61.779998779296875,61.779998779296875,60.79999923706055,61.41999816894531,56.523521423339844,8477800
ENB.TO,2025-03-14,61.529998779296875,61.75,61.060001373291016,61.52000045776367,56.61555480957031,5876600
ENB.TO,2025-03-17,61.56999969482422,62.13999938964844,61.52000045776367,62.13999938964844,57.18613052368164,3530200
ENB.TO,2025-03-18,62.29999923706055,62.310001373291016,61.470001220703125,62.04999923706055,57.10329818725586,6395000
ENB.TO,2025-03-19,62.029998779296875,62.869998931884766,61.900001525878906,62.66999816894531,57.67387390136719,4569100
ENB.TO,2025-03-20,62.77000045776367,63.34000015258789,62.56999969482422,63.29999923706055,58.2536506652832,4947300
ENB.TO,2025-03-21,63.119998931884766,63.4900016784668,62.56999969482422,62.939998626708984,57.92234802246094,10702400
ENB.TO,2025-03-24,63.099998474121094,63.59000015258789,62.779998779296875,63.380001068115234,58.327274322509766,4664100
ENB.TO,2025-03-25,63.54999923706055,63.779998779296875,63.11000061035156,63.439998626708984,58.38248825073242,3339000
ENB.TO,2025-03-26,63.560001373291016,63.84000015258789,63.34000015258789,63.56999969482422,58.50212097167969,1976200
ENB.TO,2025-03-27,63.52000045776367,63.900001525878906,63.33000183105469,63.5,58.437705993652344,2747300
ENB.TO,2025-03-28,63.380001068115234,63.84000015258789,63.25,63.619998931884766,58.54813766479492,2971600
ENB.TO,2025-03-31,63.400001525878906,64.30999755859375,63.400001525878906,63.689998626708984,58.61256408691406,5886000
ENB.TO,2025-04-01,63.689998626708984,63.900001525878906,63.06999969482422,63.779998779296875,58.69538116455078,5279000
ENB.TO,2025-04-02,63.66999816894531,64.66000366210938,63.38999938964844,64.66000366210938,59.50523376464844,2647900
ENB.TO,2025-04-03,63.15999984741211,64.77999877929688,63.0,63.869998931884766,58.77820587158203,4244100
ENB.TO,2025-04-04,63.029998779296875,63.56999969482422,61.369998931884766,61.7400016784668,56.81801986694336,8887200
ENB.TO,2025-04-07,57.279998779296875,61.220001220703125,57.099998474121094,59.779998779296875,55.01426696777344,9717900
ENB.TO,2025-04-08,61.0,61.0,57.900001525878906,58.66999816894531,53.992759704589844,7042000
ENB.TO,2025-04-09,57.310001373291016,59.29999923706055,56.5099983215332,58.91999816894531,54.22282791137695,10213200
ENB.TO,2025-04-10,58.61000061035156,58.79999923706055,57.22999954223633,58.459999084472656,53.79949951171875,4756000
ENB.TO,2025-04-11,58.63999938964844,60.2400016784668,58.540000915527344,60.04999923706055,55.26274490356445,6926400
ENB.TO,2025-04-14,60.779998779296875,61.16999816894531,60.099998474121094,61.04999923706055,56.18302536010742,5343300
ENB.TO,2025-04-15,61.290000915527344,61.959999084472656,61.04999923706055,61.779998779296875,56.85483169555664,4009100
ENB.TO,2025-04-16,61.900001525878906,62.33000183105469,61.54999923706055,61.90999984741211,56.97446060180664,6970800
ENB.TO,2025-04-17,62.11000061035156,63.45000076293945,62.09000015258789,62.81999969482422,57.81191635131836,5234400
ENB.TO,2025-04-21,62.630001068115234,62.90999984741211,61.77000045776367,62.2599983215332,57.29655456542969,4410100
ENB.TO,2025-04-22,62.7400016784668,63.52000045776367,62.599998474121094,63.11000061035156,58.078800201416016,8668700
ENB.TO,2025-04-23,63.5,63.5,62.66999816894531,63.29999923706055,58.2536506652832,3753900
ENB.TO,2025-04-24,63.54999923706055,64.4800033569336,63.189998626708984,64.25,59.12791442871094,7431600
ENB.TO,2025-04-25,64.19000244140625,64.45999908447266,63.7599983215332,64.01000213623047,58.907047271728516,7994400
ENB.TO,2025-04-28,63.900001525878906,64.55000305175781,63.709999084472656,64.44999694824219,59.31196594238281,9334900
ENB.TO,2025-04-29,64.4800033569336,64.9000015258789,64.44999694824219,64.5199966430664,59.37639236450195,7037000
ENB.TO,2025-04-30,64.48999786376953,64.62000274658203,63.83000183105469,64.47000122070312,59.330379486083984,9680000
ENB.TO,2025-05-01,64.41000366210938,65.1500015258789,63.97999954223633,64.41000366210938,59.27516174316406,10455200
ENB.TO,2025-05-02,64.72000122070312,64.7300033569336,64.0999984741211,64.7300033569336,59.56965637207031,4729900
ENB.TO,2025-05-05,64.63999938964844,64.79000091552734,63.84000015258789,64.33999633789062,59.21073532104492,18435700
ENB.TO,2025-05-06,64.44000244140625,64.70999908447266,63.439998626708984,63.56999969482422,58.50212097167969,17645000
ENB.TO,2025-05-07,63.66999816894531,64.73999786376953,63.66999816894531,64.73999786376953,59.57884979248047,15140900
ENB.TO,2025-05-08,64.83000183105469,65.02999877929688,63.720001220703125,63.790000915527344,58.704586029052734,15974500
ENB.TO,2025-05-09,64.75,64.87999725341797,63.4900016784668,64.30000305175781,59.173927307128906,19433300
ENB.TO,2025-05-12,64.55000305175781,64.56999969482422,61.45000076293945,62.290000915527344,57.32417297363281,18481100
ENB.TO,2025-05-13,62.790000915527344,62.790000915527344,61.959999084472656,62.119998931884766,57.167720794677734,16369500
ENB.TO,2025-05-14,62.31999969482422,62.77000045776367,61.91999816894531,62.75,57.747501373291016,4136900
ENB.TO,2025-05-15,61.63999938964844,62.720001220703125,61.63999938964844,62.709999084472656,58.5911865234375,25066200
ENB.TO,2025-05-16,62.790000915527344,62.900001525878906,62.54999923706055,62.72999954223633,58.6098747253418,14806100
ENB.TO,2025-05-20,62.599998474121094,63.7599983215332,62.599998474121094,63.5,59.32929992675781,16370600
ENB.TO,2025-05-21,63.939998626708984,63.939998626708984,62.310001373291016,63.20000076293945,59.04900360107422,11640100
ENB.TO,2025-05-22,63.77000045776367,63.77000045776367,62.4900016784668,62.65999984741211,58.544471740722656,10632000
ENB.TO,2025-05-23,62.470001220703125,63.2599983215332,62.279998779296875,63.2599983215332,59.10506057739258,7020800
ENB.TO,2025-05-26,63.54999923706055,63.720001220703125,63.34000015258789,63.47999954223633,59.31060791015625,2902300
ENB.TO,2025-05-27,63.36000061035156,63.95000076293945,63.349998474121094,63.63999938964844,59.46010208129883,10116300
ENB.TO,2025-05-28,63.529998779296875,63.63999938964844,62.9900016784668,63.06999969482422,58.92754364013672,8287900
ENB.TO,2025-05-29,63.15999984741211,63.31999969482422,62.709999084472656,63.31999969482422,59.1611213684082,5252000
ENB.TO,2025-05-30,63.209999084472656,63.900001525878906,63.08000183105469,63.869998931884766,59.67499542236328,9172500
ENB.TO,2025-06-02,63.689998626708984,64.7300033569336,63.52000045776367,64.58000183105469,60.3383674621582,9913800
ENB.TO,2025-06-03,64.75,65.08999633789062,64.56999969482422,64.61000061035156,60.366397857666016,9153700
ENB.TO,2025-06-04,64.62000274658203,64.83000183105469,63.869998931884766,63.88999938964844,59.69368362426758,6304600
ENB.TO,2025-06-05,64.19000244140625,64.19999694824219,63.65999984741211,64.0199966430664,59.81513977050781,8341200
ENB.TO,2025-06-06,64.06999969482422,64.16000366210938,63.59000015258789,63.70000076293945,59.51616287231445,4537300
ENB.TO,2025-06-09,63.689998626708984,63.689998626708984,62.65999984741211,62.70000076293945,58.581844329833984,7217900
ENB.TO,2025-06-10,62.77000045776367,63.209999084472656,62.33000183105469,62.72999954223633,58.6098747253418,8789300
ENB.TO,2025-06-11,62.86000061035156,62.880001068115234,62.33000183105469,62.689998626708984,58.57250213623047,7807300
ENB.TO,2025-06-12,62.849998474121094,63.689998626708984,62.84000015258789,63.689998626708984,59.5068244934082,5820200
ENB.TO,2025-06-13,63.470001220703125,63.869998931884766,63.040000915527344,63.369998931884766,59.20783615112305,8049100
ENB.TO,2025-06-16,63.25,63.70000076293945,62.20000076293945,62.40999984741211,58.31088638305664,11901400
ENB.TO,2025-06-17,62.61000061035156,62.81999969482422,62.36000061035156,62.75,58.628562927246094,7865700
ENB.TO,2025-06-18,62.61000061035156,62.630001068115234,61.09000015258789,61.650001525878906,57.60081100463867,6127000
ENB.TO,2025-06-19,61.61000061035156,61.790000915527344,61.290000915527344,61.47999954223633,57.44197082519531,1237800
ENB.TO,2025-06-20,62.15999984741211,62.15999984741211,61.369998931884766,61.529998779296875,57.488685607910156,9201300
ENB.TO,2025-06-23,61.619998931884766,62.47999954223633,61.5,61.68000030517578,57.62883758544922,5715900
ENB.TO,2025-06-24,61.52000045776367,62.0,61.2599983215332,61.84000015258789,57.77833557128906,5000600
ENB.TO,2025-06-25,61.709999084472656,61.75,60.849998474121094,61.040000915527344,57.0308723449707,5231400
ENB.TO,2025-06-26,60.93000030517578,61.599998474121094,60.93000030517578,61.540000915527344,57.4980354309082,4598400
ENB.TO,2025-06-27,61.400001525878906,61.880001068115234,61.04999923706055,61.400001525878906,57.36723327636719,7194900
ENB.TO,2025-06-30,61.189998626708984,61.77000045776367,60.869998931884766,61.75,57.69424057006836,4967800
ENB.TO,2025-07-02,61.349998474121094,61.47999954223633,60.189998626708984,60.849998474121094,56.85335159301758,7005400
ENB.TO,2025-07-03,61.06999969482422,61.06999969482422,60.54999923706055,60.90999984741211,56.9094123840332,3414800
ENB.TO,2025-07-04,60.91999816894531,60.97999954223633,60.77000045776367,60.88999938964844,56.890724182128906,814700
ENB.TO,2025-07-07,60.88999938964844,60.900001525878906,60.130001068115234,60.31999969482422,56.3581657409668,6169700
ENB.TO,2025-07-08,60.29999923706055,60.61000061035156,60.099998474121094,60.54999923706055,56.57305908203125,4574400
ENB.TO,2025-07-09,60.65999984741211,60.66999816894531,59.939998626708984,59.95000076293945,56.01246643066406,3570000
ENB.TO,2025-07-10,60.0,60.849998474121094,59.68000030517578,60.79999923706055,56.806636810302734,10934400
ENB.TO,2025-07-11,60.900001525878906,61.06999969482422,60.439998626708984,60.970001220703125,56.96547317504883,6542600
ENB.TO,2025-07-14,61.0,61.939998626708984,60.77000045776367,61.91999816894531,57.85307312011719,8569800
ENB.TO,2025-07-15,61.79999923706055,62.20000076293945,61.099998474121094,62.099998474121094,58.02124786376953,7344900
ENB.TO,2025-07-16,62.099998474121094,62.25,61.540000915527344,61.90999984741211,57.84373092651367,6974500
ENB.TO,2025-07-17,61.75,62.06999969482422,61.40999984741211,61.58000183105469,57.53540802001953,5116700
ENB.TO,2025-07-18,61.619998931884766,62.150001525878906,61.470001220703125,61.880001068115234,57.81570053100586,3629200
ENB.TO,2025-07-21,61.900001525878906,62.09000015258789,60.95000076293945,61.0099983215332,57.002845764160156,6320900
ENB.TO,2025-07-22,61.119998931884766,61.689998626708984,61.11000061035156,61.5,57.46065902709961,10995600
ENB.TO,2025-07-23,62.0,62.349998474121094,61.70000076293945,61.84000015258789,57.77833557128906,7908800
ENB.TO,2025-07-24,61.7400016784668,62.189998626708984,61.54999923706055,62.029998779296875,57.955848693847656,7217500
ENB.TO,2025-07-25,62.13999938964844,62.20000076293945,61.65999984741211,61.66999816894531,57.61949157714844,8578700
ENB.TO,2025-07-28,61.709999084472656,61.779998779296875,61.220001220703125,61.33000183105469,57.30182647705078,5587900
ENB.TO,2025-07-29,61.349998474121094,62.20000076293945,61.33000183105469,62.08000183105469,58.00257110595703,3535400
ENB.TO,2025-07-30,62.08000183105469,62.470001220703125,62.0,62.25,58.161399841308594,3395700
ENB.TO,2025-07-31,62.0,62.97999954223633,61.9900016784668,62.75,58.628562927246094,5113500
ENB.TO,2025-08-01,62.5,63.75,62.150001525878906,63.72999954223633,59.544193267822266,12780600
ENB.TO,2025-08-05,64.4000015258789,65.37000274658203,64.19000244140625,64.4000015258789,60.17018508911133,15495200
ENB.TO,2025-08-06,64.41999816894531,64.66999816894531,63.75,64.62000274658203,60.37574005126953,7400200
ENB.TO,2025-08-07,64.44000244140625,64.8499984741211,64.25,64.76000213623047,60.50654983520508,9491900
ENB.TO,2025-08-08,64.94999694824219,65.11000061035156,64.66999816894531,64.69000244140625,60.441139221191406,15145500
ENB.TO,2025-08-11,64.69999694824219,65.62000274658203,64.69999694824219,65.47000122070312,61.1699104309082,23348900
ENB.TO,2025-08-12,65.51000213623047,65.62999725341797,64.77999877929688,65.2300033569336,60.945674896240234,6665600
ENB.TO,2025-08-13,65.25,65.91999816894531,65.13999938964844,65.63999938964844,61.3287467956543,6726500
ENB.TO,2025-08-14,65.80000305175781,66.58000183105469,65.66000366210938,66.55000305175781,62.178977966308594,4640100
ENB.TO,2025-08-15,65.5,65.73999786376953,64.77999877929688,65.01000213623047,61.6131706237793,20026300
ENB.TO,2025-08-18,64.8499984741211,64.91999816894531,64.43000030517578,64.44000244140625,61.07295608520508,16746100
ENB.TO,2025-08-19,64.5,65.5999984741211,64.31999969482422,65.41999816894531,62.001747131347656,7683100
ENB.TO,2025-08-20,65.76000213623047,66.8499984741211,65.6500015258789,66.62000274658203,63.139041900634766,8031100
ENB.TO,2025-08-21,66.61000061035156,66.93000030517578,66.38999938964844,66.69999694824219,63.21486282348633,7375100
ENB.TO,2025-08-22,66.77999877929688,67.02999877929688,66.22000122070312,66.33000183105469,62.864200592041016,9768600
ENB.TO,2025-08-25,66.13999938964844,66.29000091552734,65.80000305175781,66.01000213623047,62.56092834472656,9577300
ENB.TO,2025-08-26,66.0199966430664,66.02999877929688,65.12999725341797,65.68000030517578,62.248165130615234,7088300
ENB.TO,2025-08-27,65.48999786376953,65.94000244140625,65.43000030517578,65.69000244140625,62.25763702392578,6842600
ENB.TO,2025-08-28,65.54000091552734,65.94999694824219,65.3499984741211,65.77999877929688,62.34293746948242,3790700
ENB.TO,2025-08-29,65.91999816894531,66.73999786376953,65.80000305175781,66.44999694824219,62.977928161621094,4337300
ENB.TO,2025-09-02,66.44999694824219,66.80000305175781,66.16000366210938,66.55999755859375,63.08218002319336,6506100
ENB.TO,2025-09-03,66.58000183105469,66.88999938964844,66.18000030517578,66.68000030517578,63.1959114074707,6832000
ENB.TO,2025-09-04,66.94000244140625,67.06999969482422,66.5199966430664,66.58000183105469,63.10113525390625,4699400
ENB.TO,2025-09-05,66.69999694824219,66.91999816894531,66.38999938964844,66.87000274658203,63.37598419189453,2728800
ENB.TO,2025-09-08,66.83000183105469,67.22000122070312,66.41999816894531,66.75,63.26225280761719,4649200
ENB.TO,2025-09-09,66.55000305175781,67.3499984741211,66.5,66.9800033569336,63.480247497558594,3527600
ENB.TO,2025-09-10,67.08000183105469,67.43000030517578,66.91999816894531,67.3499984741211,63.83089828491211,4020400
ENB.TO,2025-09-11,67.5,67.56999969482422,67.12999725341797,67.5,63.97306442260742,4328900
ENB.TO,2025-09-12,67.75,68.02999877929688,67.51000213623047,67.9800033569336,64.42798614501953,2824400
ENB.TO,2025-09-15,67.87999725341797,67.98999786376953,67.4000015258789,67.58000183105469,64.04888916015625,6108200
ENB.TO,2025-09-16,67.58000183105469,67.61000061035156,67.19999694824219,67.25,63.736122131347656,6169700
ENB.TO,2025-09-17,67.25,67.91000366210938,67.25,67.61000061035156,64.07730865478516,4836800
ENB.TO,2025-09-18,67.56999969482422,67.87000274658203,67.1500015258789,67.77999877929688,64.23843383789062,3384200
ENB.TO,2025-09-19,68.81999969482422,68.81999969482422,67.62999725341797,68.36000061035156,64.78813171386719,11337400
ENB.TO,2025-09-22,68.36000061035156,68.55000305175781,67.98999786376953,68.0,64.44693756103516,2925500
ENB.TO,2025-09-23,68.11000061035156,68.9000015258789,67.76000213623047,68.63999938964844,65.05349731445312,2833300
ENB.TO,2025-09-24,68.83000183105469,69.72000122070312,68.73999786376953,69.4800033569336,65.849609375,3693900
ENB.TO,2025-09-25,69.4000015258789,69.72000122070312,68.6500015258789,69.11000061035156,65.49893188476562,2721100
ENB.TO,2025-09-26,69.30999755859375,69.69000244140625,68.9000015258789,69.08999633789062,65.47998046875,2370100
ENB.TO,2025-09-29,68.88999938964844,69.38999938964844,68.8499984741211,69.2300033569336,65.61267852783203,2978900
ENB.TO,2025-09-30,69.20999908447266,70.25,69.19999694824219,70.20999908447266,66.54146575927734,4628800
ENB.TO,2025-10-01,70.19999694824219,70.38999938964844,68.91999816894531,69.16000366210938,65.54632568359375,3337000
ENB.TO,2025-10-02,69.5199966430664,69.80000305175781,69.08999633789062,69.38999938964844,65.7643051147461,2699200
ENB.TO,2025-10-03,69.25,70.33000183105469,68.97000122070312,69.87999725341797,66.22870635986328,2393200
ENB.TO,2025-10-06,70.01000213623047,70.01000213623047,69.05999755859375,69.43000030517578,65.80221557617188,1820900
ENB.TO,2025-10-07,69.47000122070312,69.54000091552734,68.73999786376953,69.01000213623047,65.40416717529297,2491400
ENB.TO,2025-10-08,69.11000061035156,69.19000244140625,68.0999984741211,68.45999908447266,64.88289642333984,4887400
ENB.TO,2025-10-09,68.27999877929688,68.37000274658203,67.12999725341797,67.31999969482422,63.80247116088867,3001500
ENB.TO,2025-10-10,67.31999969482422,67.3499984741211,66.68000030517578,66.7699966430664,63.281211853027344,4783000
ENB.TO,2025-10-14,67.16000366210938,67.18000030517578,66.37999725341797,66.75,63.26225280761719,5977200
ENB.TO,2025-10-15,66.7300033569336,67.37000274658203,66.54000091552734,66.88999938964844,63.394935607910156,5453300
ENB.TO,2025-10-16,66.9800033569336,67.05999755859375,66.29000091552734,66.37999725341797,62.911582946777344,6582700
ENB.TO,2025-10-17,66.27999877929688,66.36000061035156,65.68000030517578,65.9800033569336,62.53248977661133,5233000
ENB.TO,2025-10-20,66.16999816894531,66.61000061035156,66.0,66.23999786376953,62.778900146484375,6310400
ENB.TO,2025-10-21,66.31999969482422,66.31999969482422,65.77999877929688,66.29000091552734,62.8262939453125,5671400
ENB.TO,2025-10-22,66.33999633789062,66.94000244140625,66.29000091552734,66.7300033569336,63.24330520629883,6545000
ENB.TO,2025-10-23,66.97000122070312,67.02999877929688,65.94999694824219,65.9800033569336,62.53248977661133,8561900
ENB.TO,2025-10-24,66.18000030517578,66.44999694824219,65.5199966430664,65.6500015258789,62.2197265625,7405900
ENB.TO,2025-10-27,65.58000183105469,66.19000244140625,65.41000366210938,66.18000030517578,62.7220344543457,8476700
ENB.TO,2025-10-28,66.19999694824219,66.36000061035156,65.63999938964844,65.6500015258789,62.2197265625,5525400
ENB.TO,2025-10-29,65.66000366210938,65.81999969482422,64.93000030517578,65.12000274658203,61.71742630004883,5002000
ENB.TO,2025-10-30,65.29000091552734,66.0,65.29000091552734,65.70999908447266,62.27659225463867,4180800
ENB.TO,2025-10-31,65.91000366210938,65.91000366210938,65.25,65.4000015258789,61.982791900634766,2798600
ENB.TO,2025-11-03,65.7300033569336,65.7300033569336,65.0199966430664,65.5199966430664,62.096519470214844,8782400
ENB.TO,2025-11-04,65.52999877929688,65.62999725341797,64.80999755859375,65.4000015258789,61.982791900634766,7589500
ENB.TO,2025-11-05,65.5,66.25,65.36000061035156,65.77999877929688,62.34293746948242,11394700
ENB.TO,2025-11-06,65.4800033569336,66.36000061035156,65.30000305175781,66.23999786376953,62.778900146484375,9791400
ENB.TO,2025-11-07,65.0,67.0999984741211,64.04000091552734,66.94000244140625,63.44233322143555,14679900
ENB.TO,2025-11-10,66.98999786376953,67.44999694824219,66.3499984741211,67.1500015258789,63.641353607177734,18686000
ENB.TO,2025-11-11,67.19999694824219,67.81999969482422,67.1500015258789,67.68000030517578,64.14366149902344,3897400
ENB.TO,2025-11-12,68.0,68.4000015258789,67.31999969482422,68.25,64.68387603759766,12805200
ENB.TO,2025-11-13,68.44000244140625,68.48999786376953,67.29000091552734,67.76000213623047,64.219482421875,9725800
ENB.TO,2025-11-14,66.30000305175781,67.16000366210938,65.7699966430664,67.16000366210938,64.54915618896484,17076600
ENB.TO,2025-11-17,67.19999694824219,67.98999786376953,67.0,67.11000061035156,64.50108337402344,18957400
ENB.TO,2025-11-18,66.73999786376953,67.75,66.58999633789062,67.51000213623047,64.88554382324219,12577300
ENB.TO,2025-11-19,67.36000061035156,68.4000015258789,67.05999755859375,68.38999938964844,65.73133087158203,6562900
ENB.TO,2025-11-20,68.19999694824219,68.54000091552734,67.86000061035156,68.12999725341797,65.48143768310547,9171600
ENB.TO,2025-11-21,67.93000030517578,68.12999725341797,67.30999755859375,67.5999984741211,64.9720458984375,6147600
ENB.TO,2025-11-24,67.5,67.6500015258789,66.6500015258789,66.77999877929688,64.18392181396484,13699200
ENB.TO,2025-11-25,66.5,67.3499984741211,66.5,67.08000183105469,64.47225952148438,11051400
ENB.TO,2025-11-26,66.95999908447266,67.4800033569336,66.95999908447266,67.47000122070312,64.84709167480469,4200300
ENB.TO,2025-11-27,67.48999786376953,67.62999725341797,67.38999938964844,67.41999816894531,64.79904174804688,682700
ENB.TO,2025-11-28,67.5199966430664,68.22000122070312,67.27999877929688,67.93000030517578,65.28921508789062,6573400
ENB.TO,2025-12-01,68.11000061035156,68.79000091552734,67.83000183105469,68.44000244140625,65.77938842773438,9279900
ENB.TO,2025-12-02,68.80000305175781,68.80000305175781,67.08999633789062,67.29000091552734,64.67408752441406,7833500
ENB.TO,2025-12-03,67.23999786376953,67.83000183105469,66.56999969482422,66.62999725341797,64.03974914550781,8642700
ENB.TO,2025-12-04,66.66999816894531,67.41999816894531,66.62000274658203,67.26000213623047,64.645263671875,8812700
ENB.TO,2025-12-05,67.22000122070312,67.2300033569336,66.31999969482422,66.58000183105469,63.99169158935547,6170100
ENB.TO,2025-12-08,66.4000015258789,66.94000244140625,65.69999694824219,66.80999755859375,64.2127456665039,11003400
ENB.TO,2025-12-09,66.80999755859375,67.2699966430664,65.8499984741211,65.87000274658203,63.30929946899414,6054600
ENB.TO,2025-12-10,65.80000305175781,66.0999984741211,64.83000183105469,65.12999725341797,62.598060607910156,6601900
ENB.TO,2025-12-11,65.13999938964844,65.55000305175781,64.88999938964844,65.23999786376953,62.70378494262695,6281900
ENB.TO,2025-12-12,65.23999786376953,65.7699966430664,65.08000183105469,65.45999908447266,62.91523361206055,2022000
ENB.TO,2025-12-15,65.55000305175781,65.87000274658203,65.20999908447266,65.66000366210938,63.10746383666992,3184800
ENB.TO,2025-12-16,65.5999984741211,65.63999938964844,64.22000122070312,64.2300033569336,61.73305130004883,6685000
ENB.TO,2025-12-17,64.2300033569336,64.86000061035156,63.66999816894531,64.66000366210938,62.146339416503906,3335300
ENB.TO,2025-12-18,64.75,64.83999633789062,64.37999725341797,64.43000030517578,61.92527389526367,3172100
ENB.TO,2025-12-19,64.87999725341797,65.18000030517578,64.30000305175781,64.30000305175781,61.80033493041992,10887300
ENB.TO,2025-12-22,64.30000305175781,64.44999694824219,63.869998931884766,64.4000015258789,61.89644241333008,3489000
ENB.TO,2025-12-23,64.52999877929688,65.06999969482422,64.5,64.98999786376953,62.463504791259766,3059300
ENB.TO,2025-12-24,64.93000030517578,65.12000274658203,64.7699966430664,64.87999725341797,62.3577766418457,1524600
ENB.TO,2025-12-29,64.95999908447266,65.7300033569336,64.95999908447266,65.33000183105469,62.790287017822266,2876500
ENB.TO,2025-12-30,65.66999816894531,65.94000244140625,65.43000030517578,65.77999877929688,63.22279739379883,3064700
ENB.TO,2025-12-31,65.98999786376953,66.05000305175781,65.30000305175781,65.68000030517578,63.126686096191406,2432500
CNQ.TO,2025-01-02,44.849998474121094,45.59000015258789,44.810001373291016,45.18000030517578,41.65226745605469,7239300
CNQ.TO,2025-01-03,45.45000076293945,45.650001525878906,45.2400016784668,45.61000061035156,42.048702239990234,4643000
CNQ.TO,2025-01-06,46.2400016784668,47.029998779296875,45.959999084472656,46.22999954223633,42.62028503417969,13435200
CNQ.TO,2025-01-07,46.810001373291016,47.08000183105469,46.2599983215332,47.0099983215332,43.339385986328125,7967600
CNQ.TO,2025-01-08,47.04999923706055,47.209999084472656,46.58000183105469,46.9900016784668,43.320945739746094,6565600
CNQ.TO,2025-01-09,46.90999984741211,47.2400016784668,46.779998779296875,46.90999984741211,43.2471923828125,1905400
CNQ.TO,2025-01-10,47.88999938964844,48.209999084472656,47.04999923706055,47.27000045776367,43.579078674316406,12182100
CNQ.TO,2025-01-13,47.369998931884766,48.2599983215332,45.2400016784668,45.45000076293945,41.90119171142578,12417300
CNQ.TO,2025-01-14,45.45000076293945,45.540000915527344,44.70000076293945,45.2599983215332,41.72602844238281,5497600
CNQ.TO,2025-01-15,45.41999816894531,45.61000061035156,44.810001373291016,45.13999938964844,41.61539840698242,5126800
CNQ.TO,2025-01-16,44.79999923706055,44.95000076293945,44.040000915527344,44.33000183105469,40.86863708496094,8999900
CNQ.TO,2025-01-17,44.2599983215332,45.119998931884766,44.040000915527344,45.0099983215332,41.49554443359375,7695500
CNQ.TO,2025-01-20,45.16999816894531,46.9900016784668,45.060001373291016,46.970001220703125,43.30250930786133,5872800
CNQ.TO,2025-01-21,45.650001525878906,45.779998779296875,44.41999816894531,45.650001525878906,42.085575103759766,10829000
CNQ.TO,2025-01-22,45.70000076293945,46.08000183105469,45.27000045776367,45.38999938964844,41.84587478637695,7196100
CNQ.TO,2025-01-23,45.529998779296875,46.22999954223633,45.04999923706055,45.45000076293945,41.90119171142578,4430700
CNQ.TO,2025-01-24,45.43000030517578,45.619998931884766,44.880001068115234,44.95000076293945,41.44023895263672,3509100
CNQ.TO,2025-01-27,44.5,44.810001373291016,43.72999954223633,44.529998779296875,41.05302810668945,5064100
CNQ.TO,2025-01-28,44.54999923706055,44.779998779296875,43.36000061035156,43.779998779296875,40.36158752441406,6388100
CNQ.TO,2025-01-29,43.40999984741211,44.29999923706055,43.36000061035156,44.2599983215332,40.80411148071289,4352500
CNQ.TO,2025-01-30,44.5099983215332,45.09000015258789,43.959999084472656,44.79999923706055,41.30194091796875,7219500
CNQ.TO,2025-01-31,44.79999923706055,45.54999923706055,44.02000045776367,44.150001525878906,40.702701568603516,6756300
CNQ.TO,2025-02-03,42.0099983215332,44.16999816894531,42.0099983215332,43.72999954223633,40.31549072265625,6657600
CNQ.TO,2025-02-04,43.5,44.91999816894531,43.29999923706055,44.400001525878906,40.93317794799805,4785500
CNQ.TO,2025-02-05,44.29999923706055,44.560001373291016,43.68000030517578,44.560001373291016,41.080684661865234,3993500
CNQ.TO,2025-02-06,44.84000015258789,45.11000061035156,43.41999816894531,43.95000076293945,40.518310546875,4734800
CNQ.TO,2025-02-07,44.09000015258789,44.150001525878906,43.27000045776367,43.41999816894531,40.029693603515625,5168300
CNQ.TO,2025-02-10,43.7599983215332,44.119998931884766,43.619998931884766,43.93000030517578,40.499874114990234,5199200
CNQ.TO,2025-02-11,43.91999816894531,44.43000030517578,43.720001220703125,44.18000030517578,40.7303581237793,4118400
CNQ.TO,2025-02-12,43.7400016784668,44.20000076293945,42.81999969482422,42.900001525878906,39.550296783447266,7154900
CNQ.TO,2025-02-13,43.0,43.38999938964844,42.720001220703125,43.130001068115234,39.7623405456543,3307900
CNQ.TO,2025-02-14,43.2400016784668,43.40999984741211,42.529998779296875,42.66999816894531,39.338253021240234,4464900
CNQ.TO,2025-02-18,42.70000076293945,43.5,42.58000183105469,43.099998474121094,39.734683990478516,15047400
CNQ.TO,2025-02-19,43.400001525878906,43.70000076293945,43.119998931884766,43.29999923706055,39.9190673828125,11554100
CNQ.TO,2025-02-20,43.11000061035156,43.790000915527344,42.97999954223633,43.5,40.103450775146484,16648800
CNQ.TO,2025-02-21,43.400001525878906,43.470001220703125,42.5099983215332,42.65999984741211,39.329036712646484,6462700
CNQ.TO,2025-02-24,42.65999984741211,42.869998931884766,41.79999923706055,41.88999938964844,38.61915969848633,19305800
CNQ.TO,2025-02-25,41.7599983215332,42.02000045776367,40.83000183105469,41.2599983215332,38.038352966308594,18128600
CNQ.TO,2025-02-26,41.15999984741211,41.56999969482422,40.709999084472656,41.08000183105469,37.872413635253906,5681100
CNQ.TO,2025-02-27,41.33000183105469,41.65999984741211,40.790000915527344,40.79999923706055,37.6142692565918,14221100
CNQ.TO,2025-02-28,40.54999923706055,40.95000076293945,39.91999816894531,40.849998474121094,37.66036605834961,16171400
CNQ.TO,2025-03-03,40.65999984741211,41.150001525878906,38.279998779296875,38.75,35.724334716796875,18078400
CNQ.TO,2025-03-04,38.0,39.439998626708984,37.11000061035156,38.97999954223633,35.93638229370117,21984500
CNQ.TO,2025-03-05,38.95000076293945,39.540000915527344,38.4900016784668,39.40999984741211,36.33280563354492,21214100
CNQ.TO,2025-03-06,39.52000045776367,40.56999969482422,38.95000076293945,39.95000076293945,36.83064270019531,38070500
CNQ.TO,2025-03-07,41.0099983215332,41.63999938964844,40.56999969482422,40.7400016784668,37.5589599609375,20193900
CNQ.TO,2025-03-10,40.650001525878906,41.02000045776367,40.0,40.90999984741211,37.71567916870117,17749800
CNQ.TO,2025-03-11,41.08000183105469,41.47999954223633,40.86000061035156,41.400001525878906,38.16741943359375,17866900
CNQ.TO,2025-03-12,41.599998474121094,42.29999923706055,41.41999816894531,42.02000045776367,38.739009857177734,38647200
CNQ.TO,2025-03-13,41.79999923706055,42.060001373291016,40.97999954223633,41.38999938964844,38.158203125,32828900
CNQ.TO,2025-03-14,41.650001525878906,42.380001068115234,41.2400016784668,42.209999084472656,38.9141731262207,15763100
CNQ.TO,2025-03-17,42.459999084472656,43.0,42.22999954223633,42.59000015258789,39.264503479003906,46900800
CNQ.TO,2025-03-18,42.790000915527344,42.91999816894531,42.400001525878906,42.849998474121094,39.50419998168945,17231800
CNQ.TO,2025-03-19,43.27000045776367,44.31999969482422,42.93000030517578,44.0099983215332,40.57362747192383,22872400
CNQ.TO,2025-03-20,43.90999984741211,44.40999984741211,43.59000015258789,44.130001068115234,40.684261322021484,14337500
CNQ.TO,2025-03-21,43.529998779296875,43.68000030517578,43.150001525878906,43.470001220703125,40.61698532104492,18388800
CNQ.TO,2025-03-24,43.72999954223633,44.29999923706055,43.59000015258789,44.08000183105469,41.186954498291016,39462300
CNQ.TO,2025-03-25,44.20000076293945,44.709999084472656,44.13999938964844,44.45000076293945,41.53266525268555,20732600
CNQ.TO,2025-03-26,44.61000061035156,45.34000015258789,44.58000183105469,44.689998626708984,41.75690841674805,15877400
CNQ.TO,2025-03-27,44.61000061035156,44.95000076293945,44.22999954223633,44.279998779296875,41.37382125854492,15349400
CNQ.TO,2025-03-28,43.90999984741211,44.18000030517578,43.40999984741211,43.72999954223633,40.859920501708984,21330300
CNQ.TO,2025-03-31,43.43000030517578,44.63999938964844,43.380001068115234,44.279998779296875,41.37382125854492,6407800
CNQ.TO,2025-04-01,44.369998931884766,44.84000015258789,44.04999923706055,44.81999969482422,41.87837600708008,3760000
CNQ.TO,2025-04-02,44.36000061035156,45.060001373291016,44.130001068115234,45.060001373291016,42.102630615234375,4734500
CNQ.TO,2025-04-03,42.529998779296875,43.63999938964844,42.040000915527344,42.04999923706055,39.29018020629883,17962200
CNQ.TO,2025-04-04,40.349998474121094,40.65999984741211,38.0099983215332,39.2400016784668,36.66460418701172,22744100
CNQ.TO,2025-04-07,37.91999816894531,39.7599983215332,36.97999954223633,37.84000015258789,35.35649490356445,22179700
CNQ.TO,2025-04-08,38.849998474121094,38.880001068115234,35.54999923706055,35.849998474121094,33.49709701538086,17021500
CNQ.TO,2025-04-09,35.04999923706055,39.77000045776367,34.91999816894531,39.2599983215332,36.683292388916016,15854000
CNQ.TO,2025-04-10,38.25,38.25,36.029998779296875,36.61000061035156,34.207218170166016,10742300
CNQ.TO,2025-04-11,36.41999816894531,38.08000183105469,36.099998474121094,37.720001220703125,35.24436569213867,19496800
CNQ.TO,2025-04-14,38.470001220703125,38.540000915527344,37.5,37.9900016784668,35.49665069580078,15327000
CNQ.TO,2025-04-15,37.849998474121094,38.77000045776367,37.79999923706055,38.209999084472656,35.702205657958984,12479500
CNQ.TO,2025-04-16,38.349998474121094,39.63999938964844,38.349998474121094,39.06999969482422,36.50576400756836,9923400
CNQ.TO,2025-04-17,39.529998779296875,40.189998626708984,39.45000076293945,39.880001068115234,37.262603759765625,19856100
CNQ.TO,2025-04-21,39.470001220703125,39.81999969482422,39.060001373291016,39.619998931884766,37.01966857910156,17517700
CNQ.TO,2025-04-22,40.18000030517578,41.0,40.08000183105469,40.52000045776367,37.860595703125,10649700
CNQ.TO,2025-04-23,40.849998474121094,41.18000030517578,39.86000061035156,40.220001220703125,37.58028793334961,7977000
CNQ.TO,2025-04-24,40.619998931884766,40.720001220703125,40.150001525878906,40.689998626708984,38.019439697265625,5695300
CNQ.TO,2025-04-25,40.29999923706055,40.900001525878906,40.29999923706055,40.68000030517578,38.01009750366211,8933300
CNQ.TO,2025-04-28,40.619998931884766,40.97999954223633,40.52000045776367,40.900001525878906,38.21565628051758,5434800
CNQ.TO,2025-04-29,40.5,40.93000030517578,40.40999984741211,40.54999923706055,37.88862609863281,3497600
CNQ.TO,2025-04-30,40.290000915527344,40.29999923706055,38.849998474121094,39.560001373291016,36.96360397338867,6237500
CNQ.TO,2025-05-01,39.5099983215332,40.720001220703125,39.33000183105469,40.0,37.37472915649414,5015700
CNQ.TO,2025-05-02,40.54999923706055,40.68000030517578,39.619998931884766,40.040000915527344,37.41210174560547,4602100
CNQ.TO,2025-05-05,39.47999954223633,39.5099983215332,38.58000183105469,38.66999816894531,36.132015228271484,6725600
CNQ.TO,2025-05-06,39.099998474121094,39.66999816894531,38.79999923706055,39.279998779296875,36.70198440551758,10101700
CNQ.TO,2025-05-07,39.58000183105469,39.849998474121094,38.970001220703125,39.81999969482422,37.206539154052734,6470100
CNQ.TO,2025-05-08,40.650001525878906,42.36000061035156,40.63999938964844,41.81999969482422,39.075279235839844,14956800
CNQ.TO,2025-05-09,42.27000045776367,42.70000076293945,42.130001068115234,42.529998779296875,39.738677978515625,8252100
CNQ.TO,2025-05-12,44.0,44.34000015258789,43.63999938964844,43.959999084472656,41.07482147216797,8987800
CNQ.TO,2025-05-13,44.150001525878906,45.02000045776367,43.7599983215332,44.93000030517578,41.981163024902344,17810700
CNQ.TO,2025-05-14,44.470001220703125,44.84000015258789,43.869998931884766,43.900001525878906,41.018768310546875,6831400
CNQ.TO,2025-05-15,43.29999923706055,43.380001068115234,42.939998626708984,43.150001525878906,40.317989349365234,8828600
CNQ.TO,2025-05-16,43.5,43.52000045776367,42.810001373291016,42.900001525878906,40.08439254760742,10684300
CNQ.TO,2025-05-20,42.849998474121094,43.099998474121094,42.59000015258789,42.72999954223633,39.92555236816406,14734600
CNQ.TO,2025-05-21,42.77000045776367,43.06999969482422,42.31999969482422,42.61000061035156,39.81343078613281,15887600
CNQ.TO,2025-05-22,42.36000061035156,42.95000076293945,41.83000183105469,42.77000045776367,39.96292495727539,14491600
CNQ.TO,2025-05-23,42.189998626708984,42.75,42.119998931884766,42.61000061035156,39.81343078613281,6909500
CNQ.TO,2025-05-26,42.439998626708984,43.06999969482422,42.439998626708984,42.79999923706055,39.9909553527832,5547100
CNQ.TO,2025-05-27,43.0099983215332,43.150001525878906,42.619998931884766,43.04999923706055,40.224552154541016,14574300
CNQ.TO,2025-05-28,43.29999923706055,43.45000076293945,42.349998474121094,42.54999923706055,39.75736618041992,15155900
CNQ.TO,2025-05-29,42.599998474121094,42.75,42.310001373291016,42.4900016784668,39.7013053894043,7796800
CNQ.TO,2025-05-30,42.29999923706055,42.349998474121094,41.470001220703125,41.66999816894531,38.93511962890625,8967400
CNQ.TO,2025-06-02,42.47999954223633,42.66999816894531,41.91999816894531,42.220001220703125,39.44902038574219,23863500
CNQ.TO,2025-06-03,42.540000915527344,43.439998626708984,42.04999923706055,43.13999938964844,40.30863952636719,27927100
CNQ.TO,2025-06-04,43.15999984741211,43.470001220703125,42.029998779296875,42.310001373291016,39.53311538696289,15049900
CNQ.TO,2025-06-05,42.75,42.869998931884766,42.189998626708984,42.36000061035156,39.579833984375,33654000
CNQ.TO,2025-06-06,43.04999923706055,43.540000915527344,42.400001525878906,43.25,40.41142272949219,31593200
CNQ.TO,2025-06-09,43.41999816894531,43.5,42.790000915527344,43.279998779296875,40.439453125,33170400
CNQ.TO,2025-06-10,43.31999969482422,44.43000030517578,43.31999969482422,44.029998779296875,41.140228271484375,27431000
CNQ.TO,2025-06-11,44.34000015258789,44.93000030517578,43.91999816894531,44.72999954223633,41.794281005859375,29529600
CNQ.TO,2025-06-12,44.529998779296875,45.09000015258789,44.2599983215332,45.06999969482422,42.11197280883789,22555800
CNQ.TO,2025-06-13,46.25,46.25,45.09000015258789,45.900001525878906,43.45442199707031,51979400
CNQ.TO,2025-06-16,45.5,45.86000061035156,45.0,45.2400016784668,42.82958984375,43639500
CNQ.TO,2025-06-17,45.709999084472656,46.599998474121094,45.310001373291016,46.43000030517578,43.95618438720703,33843700
CNQ.TO,2025-06-18,46.38999938964844,46.91999816894531,45.86000061035156,46.0,43.549095153808594,20600500
CNQ.TO,2025-06-19,46.31999969482422,46.7400016784668,45.970001220703125,46.040000915527344,43.58696365356445,5030700
CNQ.TO,2025-06-20,46.540000915527344,46.540000915527344,45.56999969482422,46.0,43.549095153808594,30066700
CNQ.TO,2025-06-23,46.189998626708984,46.439998626708984,43.90999984741211,44.119998931884766,41.76926040649414,31164400
CNQ.TO,2025-06-24,43.20000076293945,44.099998474121094,43.16999816894531,43.2599983215332,40.955078125,19616400
CNQ.TO,2025-06-25,43.20000076293945,43.310001373291016,42.88999938964844,43.040000915527344,40.746803283691406,13130400
CNQ.TO,2025-06-26,43.16999816894531,43.560001373291016,42.95000076293945,43.560001373291016,41.23910140991211,15247200
CNQ.TO,2025-06-27,43.45000076293945,43.650001525878906,42.84000015258789,43.11000061035156,40.81307601928711,17009900
CNQ.TO,2025-06-30,43.040000915527344,43.06999969482422,42.77000045776367,42.79999923706055,40.51959228515625,10519800
CNQ.TO,2025-07-02,43.619998931884766,44.06999969482422,43.06999969482422,44.060001373291016,41.712459564208984,4999400
CNQ.TO,2025-07-03,44.0099983215332,44.0099983215332,43.47999954223633,43.790000915527344,41.456844329833984,4279900
CNQ.TO,2025-07-04,43.58000183105469,44.02000045776367,43.4900016784668,43.77000045776367,41.43790817260742,10910700
CNQ.TO,2025-07-07,43.93000030517578,44.0099983215332,43.11000061035156,43.38999938964844,41.078155517578125,34159900
CNQ.TO,2025-07-08,43.25,44.400001525878906,43.209999084472656,43.970001220703125,41.627254486083984,21428200
CNQ.TO,2025-07-09,44.04999923706055,44.25,43.59000015258789,43.779998779296875,41.44738006591797,15135600
CNQ.TO,2025-07-10,43.470001220703125,43.56999969482422,42.900001525878906,43.459999084472656,41.14442443847656,17988900
CNQ.TO,2025-07-11,43.470001220703125,43.9900016784668,43.290000915527344,43.90999984741211,41.57044982910156,14789300
CNQ.TO,2025-07-14,43.97999954223633,44.0,43.130001068115234,43.56999969482422,41.248565673828125,9697000
CNQ.TO,2025-07-15,43.33000183105469,43.56999969482422,42.79999923706055,42.970001220703125,40.6805305480957,11182900
CNQ.TO,2025-07-16,42.93000030517578,43.04999923706055,42.15999984741211,42.33000183105469,40.07463073730469,10604300
CNQ.TO,2025-07-17,42.29999923706055,42.77000045776367,42.209999084472656,42.619998931884766,40.349178314208984,9820600
CNQ.TO,2025-07-18,43.029998779296875,43.029998779296875,41.95000076293945,42.29999923706055,40.04623031616211,9026700
CNQ.TO,2025-07-21,42.380001068115234,42.380001068115234,41.779998779296875,41.83000183105469,39.601280212402344,8124800
CNQ.TO,2025-07-22,41.810001373291016,42.459999084472656,41.75,42.439998626708984,40.178775787353516,12478000
CNQ.TO,2025-07-23,42.45000076293945,42.88999938964844,42.41999816894531,42.68000030517578,40.40598678588867,3478100
CNQ.TO,2025-07-24,42.599998474121094,43.25,42.439998626708984,43.13999938964844,40.84147644042969,5418300
CNQ.TO,2025-07-25,43.2400016784668,43.279998779296875,42.75,43.0099983215332,40.71839904785156,5821600
CNQ.TO,2025-07-28,43.400001525878906,43.959999084472656,43.349998474121094,43.869998931884766,41.5325813293457,4841100
CNQ.TO,2025-07-29,43.790000915527344,44.43000030517578,43.779998779296875,44.38999938964844,42.02487564086914,4894000
CNQ.TO,2025-07-30,44.22999954223633,44.290000915527344,43.790000915527344,44.119998931884766,41.76926040649414,4971800
CNQ.TO,2025-07-31,43.720001220703125,44.150001525878906,43.41999816894531,43.86000061035156,41.52311325073242,7552200
CNQ.TO,2025-08-01,43.5,43.54999923706055,42.58000183105469,42.720001220703125,40.4438591003418,5344100
CNQ.TO,2025-08-05,42.599998474121094,43.36000061035156,42.5,43.29999923706055,40.99294662475586,9281700
CNQ.TO,2025-08-06,43.61000061035156,44.11000061035156,42.869998931884766,43.119998931884766,40.82254409790039,8908100
CNQ.TO,2025-08-07,43.59000015258789,43.79999923706055,41.619998931884766,41.810001373291016,39.58234405517578,7393400
CNQ.TO,2025-08-08,42.209999084472656,42.209999084472656,41.36000061035156,41.709999084472656,39.487667083740234,7916500
CNQ.TO,2025-08-11,41.709999084472656,42.029998779296875,41.18000030517578,41.20000076293945,39.00484085083008,5375600
CNQ.TO,2025-08-12,41.220001220703125,41.470001220703125,41.04999923706055,41.18000030517578,38.98590850830078,7081700
CNQ.TO,2025-08-13,41.25,41.470001220703125,40.849998474121094,41.20000076293945,39.00484085083008,6564300
CNQ.TO,2025-08-14,41.31999969482422,41.31999969482422,40.88999938964844,41.150001525878906,38.95750427246094,5668200
CNQ.TO,2025-08-15,41.099998474121094,41.34000015258789,40.970001220703125,41.22999954223633,39.03323745727539,5628300
CNQ.TO,2025-08-18,41.29999923706055,41.470001220703125,40.9900016784668,41.119998931884766,38.92910385131836,13387500
CNQ.TO,2025-08-19,41.040000915527344,41.33000183105469,40.619998931884766,40.65999984741211,38.49361038208008,13676300
CNQ.TO,2025-08-20,40.81999969482422,41.279998779296875,40.79999923706055,41.099998474121094,38.91017150878906,13879300
CNQ.TO,2025-08-21,41.15999984741211,41.959999084472656,40.97999954223633,41.939998626708984,39.705406188964844,20786000
CNQ.TO,2025-08-22,42.0099983215332,43.20000076293945,41.95000076293945,43.06999969482422,40.77520751953125,24395500
CNQ.TO,2025-08-25,43.0,43.06999969482422,42.7400016784668,43.029998779296875,40.737335205078125,27642300
CNQ.TO,2025-08-26,42.68000030517578,42.720001220703125,41.9900016784668,42.15999984741211,39.913692474365234,23124500
CNQ.TO,2025-08-27,42.18000030517578,43.27000045776367,42.15999984741211,43.15999984741211,40.86041259765625,20634100
CNQ.TO,2025-08-28,43.150001525878906,43.400001525878906,42.72999954223633,43.33000183105469,41.021358489990234,11384800
CNQ.TO,2025-08-29,43.34000015258789,43.7400016784668,43.2400016784668,43.4900016784668,41.172828674316406,9956300
CNQ.TO,2025-09-02,43.470001220703125,44.119998931884766,43.470001220703125,44.11000061035156,41.759796142578125,13874800
CNQ.TO,2025-09-03,43.7599983215332,43.88999938964844,42.83000183105469,43.08000183105469,40.78467559814453,20452700
CNQ.TO,2025-09-04,42.91999816894531,43.5,42.7400016784668,43.38999938964844,41.078155517578125,11231300
CNQ.TO,2025-09-05,42.939998626708984,42.9900016784668,41.959999084472656,42.060001373291016,39.81901931762695,23401600
CNQ.TO,2025-09-08,42.33000183105469,42.61000061035156,41.75,41.86000061035156,39.62967300415039,25585200
CNQ.TO,2025-09-09,41.97999954223633,43.0,41.97999954223633,42.81999969482422,40.53852844238281,37600500
CNQ.TO,2025-09-10,42.95000076293945,43.470001220703125,42.810001373291016,43.2400016784668,40.93614959716797,32904700
CNQ.TO,2025-09-11,42.88999938964844,43.459999084472656,42.849998474121094,43.18000030517578,40.87934112548828,20704300
CNQ.TO,2025-09-12,43.56999969482422,43.7400016784668,43.130001068115234,43.209999084472656,40.907745361328125,25797600
CNQ.TO,2025-09-15,43.40999984741211,44.34000015258789,43.18000030517578,44.150001525878906,41.797664642333984,23982700
CNQ.TO,2025-09-16,44.0099983215332,45.31999969482422,43.939998626708984,45.279998779296875,42.86745834350586,26259200
CNQ.TO,2025-09-17,45.08000183105469,45.66999816894531,44.90999984741211,45.13999938964844,42.73491668701172,21404400
CNQ.TO,2025-09-18,45.290000915527344,45.310001373291016,44.470001220703125,44.88999938964844,42.498233795166016,11611500
CNQ.TO,2025-09-19,44.79999923706055,44.79999923706055,43.130001068115234,43.58000183105469,41.80562973022461,49594800
CNQ.TO,2025-09-22,43.130001068115234,45.13999938964844,43.06999969482422,44.400001525878906,42.592247009277344,52299600
CNQ.TO,2025-09-23,44.84000015258789,45.540000915527344,44.40999984741211,44.439998626708984,42.630615234375,26361700
CNQ.TO,2025-09-24,44.939998626708984,45.93000030517578,44.869998931884766,45.54999923706055,43.69541931152344,31631400
CNQ.TO,2025-09-25,45.52000045776367,45.779998779296875,45.2400016784668,45.27000045776367,43.42681884765625,14630100
CNQ.TO,2025-09-26,45.31999969482422,46.119998931884766,45.130001068115234,45.56999969482422,43.71460723876953,27468800
CNQ.TO,2025-09-29,45.31999969482422,45.380001068115234,44.93000030517578,45.029998779296875,43.196590423583984,12106900
CNQ.TO,2025-09-30,44.75,45.040000915527344,44.13999938964844,44.5,42.688175201416016,9492200
CNQ.TO,2025-10-01,44.400001525878906,44.650001525878906,43.97999954223633,44.2599983215332,42.45793914794922,5728400
CNQ.TO,2025-10-02,44.20000076293945,44.61000061035156,43.900001525878906,43.91999816894531,42.13178634643555,12314600
CNQ.TO,2025-10-03,44.02000045776367,44.68000030517578,44.02000045776367,44.400001525878906,42.592247009277344,16675300
CNQ.TO,2025-10-06,44.81999969482422,45.459999084472656,44.4900016784668,45.279998779296875,43.43641662597656,18666600
CNQ.TO,2025-10-07,45.2599983215332,45.91999816894531,45.06999969482422,45.720001220703125,43.85850143432617,16622600
CNQ.TO,2025-10-08,46.0,46.04999923706055,44.779998779296875,45.54999923706055,43.69541931152344,19271200
CNQ.TO,2025-10-09,45.790000915527344,46.40999984741211,45.70000076293945,45.880001068115234,44.011985778808594,16459300
CNQ.TO,2025-10-10,45.529998779296875,45.529998779296875,43.970001220703125,43.970001220703125,42.179752349853516,18641900
CNQ.TO,2025-10-14,43.95000076293945,44.13999938964844,43.43000030517578,43.439998626708984,41.671329498291016,21590900
CNQ.TO,2025-10-15,43.88999938964844,44.11000061035156,43.119998931884766,43.36000061035156,41.59458923339844,9095600
CNQ.TO,2025-10-16,43.40999984741211,43.470001220703125,42.40999984741211,42.4900016784668,40.760009765625,5566200
CNQ.TO,2025-10-17,42.4900016784668,42.5,42.06999969482422,42.189998626708984,40.472225189208984,9105700
CNQ.TO,2025-10-20,42.2599983215332,42.63999938964844,42.029998779296875,42.22999954223633,40.510597229003906,18081100
CNQ.TO,2025-10-21,42.2599983215332,42.279998779296875,41.66999816894531,41.90999984741211,40.2036247253418,3645300
CNQ.TO,2025-10-22,42.25,42.65999984741211,41.959999084472656,42.45000076293945,40.721641540527344,11397800
CNQ.TO,2025-10-23,43.36000061035156,44.099998474121094,43.220001220703125,43.68000030517578,41.901554107666016,9872100
CNQ.TO,2025-10-24,43.81999969482422,43.93000030517578,43.470001220703125,43.779998779296875,41.99748611450195,6787200
CNQ.TO,2025-10-27,44.02000045776367,44.189998626708984,43.90999984741211,44.11000061035156,42.31405258178711,8615800
CNQ.TO,2025-10-28,43.849998474121094,43.86000061035156,43.41999816894531,43.68000030517578,41.901554107666016,4015800
CNQ.TO,2025-10-29,43.81999969482422,45.0,43.68000030517578,44.83000183105469,43.004737854003906,6197400
CNQ.TO,2025-10-30,44.75,45.029998779296875,44.310001373291016,44.66999816894531,42.85124969482422,9103100
CNQ.TO,2025-10-31,45.099998474121094,45.2599983215332,44.52000045776367,44.869998931884766,43.04310607910156,4004300
CNQ.TO,2025-11-03,44.849998474121094,45.119998931884766,44.529998779296875,44.900001525878906,43.07188415527344,8850700
CNQ.TO,2025-11-04,44.529998779296875,44.63999938964844,43.72999954223633,44.18000030517578,42.381202697753906,8658800
CNQ.TO,2025-11-05,44.25,45.439998626708984,44.150001525878906,45.0099983215332,43.177406311035156,7360000
CNQ.TO,2025-11-06,45.5,45.5,44.18000030517578,44.439998626708984,42.630615234375,7845700
CNQ.TO,2025-11-07,44.459999084472656,44.88999938964844,43.540000915527344,44.400001525878906,42.592247009277344,9294200
CNQ.TO,2025-11-10,44.599998474121094,44.880001068115234,44.15999984741211,44.81999969482422,42.995140075683594,5895700
CNQ.TO,2025-11-11,44.939998626708984,45.720001220703125,44.91999816894531,45.380001068115234,43.532344818115234,7359800
CNQ.TO,2025-11-12,45.18000030517578,45.5,44.86000061035156,45.41999816894531,43.570716857910156,6785500
CNQ.TO,2025-11-13,45.5,45.90999984741211,45.130001068115234,45.65999984741211,43.80094528198242,11288200
CNQ.TO,2025-11-14,45.65999984741211,47.08000183105469,45.369998931884766,47.060001373291016,45.143943786621094,12254900
CNQ.TO,2025-11-17,47.0,47.630001068115234,46.72999954223633,46.869998931884766,44.961673736572266,25322000
CNQ.TO,2025-11-18,46.5099983215332,47.79999923706055,46.43000030517578,47.560001373291016,45.62358856201172,17465000
CNQ.TO,2025-11-19,46.88999938964844,47.91999816894531,46.650001525878906,47.790000915527344,45.84421920776367,11533000
CNQ.TO,2025-11-20,47.9900016784668,49.20000076293945,47.84000015258789,47.900001525878906,45.94974136352539,15302900
CNQ.TO,2025-11-21,47.790000915527344,47.790000915527344,46.68000030517578,47.11000061035156,45.1919059753418,12552200
CNQ.TO,2025-11-24,46.79999923706055,46.84000015258789,46.09000015258789,46.47999954223633,44.587554931640625,25912100
CNQ.TO,2025-11-25,46.189998626708984,46.880001068115234,45.77000045776367,46.84000015258789,44.93289566040039,23145500
CNQ.TO,2025-11-26,46.88999938964844,47.290000915527344,46.70000076293945,46.79999923706055,44.89452362060547,14408100
CNQ.TO,2025-11-27,46.810001373291016,47.02000045776367,46.720001220703125,46.72999954223633,44.82737731933594,1226100
CNQ.TO,2025-11-28,46.77000045776367,47.43000030517578,46.5,47.290000915527344,45.36457824707031,7032800
CNQ.TO,2025-12-01,47.439998626708984,47.97999954223633,47.2599983215332,47.66999816894531,45.72909927368164,29637900
CNQ.TO,2025-12-02,47.66999816894531,47.689998626708984,46.65999984741211,46.939998626708984,45.02882766723633,32331800
CNQ.TO,2025-12-03,47.20000076293945,47.84000015258789,47.02000045776367,47.63999938964844,45.7003288269043,23675300
CNQ.TO,2025-12-04,48.13999938964844,48.91999816894531,47.939998626708984,48.09000015258789,46.13200378417969,30842400
CNQ.TO,2025-12-05,48.09000015258789,48.7400016784668,47.90999984741211,47.959999084472656,46.00729751586914,32995600
CNQ.TO,2025-12-08,47.66999816894531,48.5,47.060001373291016,47.209999084472656,45.28783416748047,33445300
CNQ.TO,2025-12-09,47.040000915527344,47.70000076293945,46.540000915527344,46.66999816894531,44.76982116699219,30749700
CNQ.TO,2025-12-10,46.4900016784668,46.650001525878906,45.709999084472656,46.5099983215332,44.6163330078125,35666700
CNQ.TO,2025-12-11,46.099998474121094,46.25,45.54999923706055,45.619998931884766,43.76256561279297,24303600
CNQ.TO,2025-12-12,45.25,45.54999923706055,44.939998626708984,45.439998626708984,44.15906524658203,49335100
CNQ.TO,2025-12-15,45.40999984741211,45.47999954223633,44.38999938964844,44.65999984741211,43.401058197021484,40587000
CNQ.TO,2025-12-16,44.34000015258789,44.36000061035156,43.0,43.0,41.7878532409668,37040100
CNQ.TO,2025-12-17,43.22999954223633,43.970001220703125,43.04999923706055,43.95000076293945,42.7110710144043,40468000
CNQ.TO,2025-12-18,43.90999984741211,44.0,43.36000061035156,43.40999984741211,42.18629455566406,15910300
CNQ.TO,2025-12-19,43.77000045776367,44.349998474121094,43.689998626708984,43.9900016784668,42.74995040893555,17274800
CNQ.TO,2025-12-22,44.529998779296875,44.810001373291016,44.20000076293945,44.47999954223633,43.226131439208984,13944400
CNQ.TO,2025-12-23,44.54999923706055,45.09000015258789,44.18000030517578,44.959999084472656,43.69260025024414,12585800
CNQ.TO,2025-12-24,45.029998779296875,45.45000076293945,44.790000915527344,45.06999969482422,43.79949951171875,4140300
CNQ.TO,2025-12-29,45.2599983215332,45.779998779296875,45.13999938964844,45.4900016784668,44.207664489746094,18276600
CNQ.TO,2025-12-30,45.779998779296875,46.650001525878906,45.7400016784668,46.470001220703125,45.1600341796875,12172300
CNQ.TO,2025-12-31,46.630001068115234,46.790000915527344,46.290000915527344,46.4900016784668,45.17947006225586,4631500
SHOP.TO,2025-01-02,155.3300018310547,156.32000732421875,151.38999938964844,154.91000366210938,154.91000366210938,1396400
SHOP.TO,2025-01-03,156.14999389648438,158.1699981689453,155.39999389648438,157.8699951171875,157.8699951171875,1381400
SHOP.TO,2025-01-06,161.0,163.83999633789062,159.83999633789062,163.6699981689453,163.6699981689453,1543200
SHOP.TO,2025-01-07,164.74000549316406,165.00999450683594,152.3800048828125,153.36000061035156,153.36000061035156,2009200
SHOP.TO,2025-01-08,153.8800048828125,154.97999572753906,151.1999969482422,154.8800048828125,154.8800048828125,2044700
SHOP.TO,2025-01-09,154.85000610351562,156.10000610351562,153.99000549316406,155.4499969482422,155.4499969482422,308000
SHOP.TO,2025-01-10,150.3800048828125,150.5,143.8000030517578,149.72000122070312,149.72000122070312,2491200
SHOP.TO,2025-01-13,145.0,146.92999267578125,142.77000427246094,146.47000122070312,146.47000122070312,2244400
SHOP.TO,2025-01-14,148.22000122070312,148.85000610351562,144.8000030517578,145.82000732421875,145.82000732421875,1847000
SHOP.TO,2025-01-15,149.47000122070312,150.17999267578125,147.5,149.4199981689453,149.4199981689453,1418700
SHOP.TO,2025-01-16,150.00999450683594,151.91000366210938,148.47000122070312,149.00999450683594,149.00999450683594,1315100
SHOP.TO,2025-01-17,152.4499969482422,152.8000030517578,149.0500030517578,149.5500030517578,149.5500030517578,2739500
SHOP.TO,2025-01-20,149.5,150.47000122070312,148.47999572753906,149.52000427246094,149.52000427246094,427500
SHOP.TO,2025-01-21,149.94000244140625,153.14999389648438,149.64999389648438,152.42999267578125,152.42999267578125,1701700
SHOP.TO,2025-01-22,154.0,154.77000427246094,151.89999389648438,153.02999877929688,153.02999877929688,1525100
SHOP.TO,2025-01-23,152.99000549316406,153.0800018310547,151.07000732421875,152.66000366210938,152.66000366210938,1230500
SHOP.TO,2025-01-24,152.60000610351562,156.6999969482422,152.35000610351562,154.47000122070312,154.47000122070312,1613000
SHOP.TO,2025-01-27,150.0,155.85000610351562,147.57000732421875,154.35000610351562,154.35000610351562,1179500
SHOP.TO,2025-01-28,157.66000366210938,169.67999267578125,157.11000061035156,169.1999969482422,169.1999969482422,2338300
SHOP.TO,2025-01-29,169.02000427246094,170.83999633789062,165.74000549316406,168.4600067138672,168.4600067138672,1564400
SHOP.TO,2025-01-30,167.4600067138672,172.9600067138672,167.0,172.55999755859375,172.55999755859375,2012400
SHOP.TO,2025-01-31,173.64999389648438,176.99000549316406,169.13999938964844,169.61000061035156,169.61000061035156,2475400
SHOP.TO,2025-02-03,161.0,168.69000244140625,160.5500030517578,166.57000732421875,166.57000732421875,2982000
SHOP.TO,2025-02-04,167.19000244140625,172.6199951171875,167.10000610351562,170.72999572753906,170.72999572753906,1595400
SHOP.TO,2025-02-05,170.11000061035156,174.55999755859375,169.27999877929688,174.3800048828125,174.3800048828125,2003000
SHOP.TO,2025-02-06,175.0,176.0800018310547,167.3300018310547,169.97000122070312,169.97000122070312,1678600
SHOP.TO,2025-02-07,169.47999572753906,171.0,166.44000244140625,167.6699981689453,167.6699981689453,1342000
SHOP.TO,2025-02-10,174.0,176.75,170.5,171.5500030517578,171.5500030517578,2274400
SHOP.TO,2025-02-11,174.66000366210938,179.85000610351562,164.3699951171875,176.57000732421875,176.57000732421875,3695100
SHOP.TO,2025-02-12,170.5,174.99000549316406,167.22000122070312,172.0800018310547,172.0800018310547,2425400
SHOP.TO,2025-02-13,173.00999450683594,182.05999755859375,171.72000122070312,181.02000427246094,181.02000427246094,2498900
SHOP.TO,2025-02-14,179.19000244140625,182.14999389648438,175.4499969482422,181.9199981689453,181.9199981689453,1739400
SHOP.TO,2025-02-18,182.7100067138672,183.52999877929688,176.1999969482422,183.4499969482422,183.4499969482422,1889600
SHOP.TO,2025-02-19,183.2899932861328,183.2899932861328,176.75,181.6699981689453,181.6699981689453,2404700
SHOP.TO,2025-02-20,180.0,180.0800018310547,171.5,174.97000122070312,174.97000122070312,2426500
SHOP.TO,2025-02-21,177.50999450683594,177.8800048828125,164.0800018310547,164.47999572753906,164.47999572753906,2085900
SHOP.TO,2025-02-24,164.4499969482422,166.36000061035156,156.4499969482422,164.6300048828125,164.6300048828125,1909000
SHOP.TO,2025-02-25,161.3300018310547,164.0399932861328,152.86000061035156,158.77999877929688,158.77999877929688,2127900
SHOP.TO,2025-02-26,160.0,164.6300048828125,159.0500030517578,162.5399932861328,162.5399932861328,1659000
SHOP.TO,2025-02-27,165.08999633789062,166.6699981689453,159.05999755859375,160.07000732421875,160.07000732421875,1507700
SHOP.TO,2025-02-28,157.1300048828125,162.1999969482422,155.3000030517578,162.0399932861328,162.0399932861328,2759700
SHOP.TO,2025-03-03,162.5399932861328,165.6999969482422,152.4199981689453,154.5500030517578,154.5500030517578,2688600
SHOP.TO,2025-03-04,149.36000061035156,150.80999755859375,142.05999755859375,147.24000549316406,147.24000549316406,3093500
SHOP.TO,2025-03-05,147.3800048828125,152.91000366210938,145.8800048828125,152.1699981689453,152.1699981689453,2842500
SHOP.TO,2025-03-06,149.0,156.3000030517578,145.1199951171875,146.63999938964844,146.63999938964844,2985300
SHOP.TO,2025-03-07,144.7100067138672,148.49000549316406,137.5500030517578,143.85000610351562,143.85000610351562,3572200
SHOP.TO,2025-03-10,138.63999938964844,138.63999938964844,132.5399932861328,133.92999267578125,133.92999267578125,3357000
SHOP.TO,2025-03-11,133.52000427246094,137.1699981689453,132.19000244140625,133.9600067138672,133.9600067138672,2523400
SHOP.TO,2025-03-12,139.25,142.77999877929688,137.27000427246094,138.83999633789062,138.83999633789062,3282900
SHOP.TO,2025-03-13,136.32000732421875,137.42999267578125,128.24000549316406,130.72000122070312,130.72000122070312,2946400
SHOP.TO,2025-03-14,136.0,137.8800048828125,134.0,136.3300018310547,136.3300018310547,1808600
SHOP.TO,2025-03-17,136.17999267578125,140.86000061035156,135.5399932861328,138.02000427246094,138.02000427246094,2035100
SHOP.TO,2025-03-18,136.8000030517578,137.0800018310547,133.00999450683594,134.3800048828125,134.3800048828125,1640400
SHOP.TO,2025-03-19,142.0,147.67999267578125,139.74000549316406,145.50999450683594,145.50999450683594,2788200
SHOP.TO,2025-03-20,141.88999938964844,149.47000122070312,141.8300018310547,145.6999969482422,145.6999969482422,2018900
SHOP.TO,2025-03-21,143.64999389648438,149.8000030517578,142.5399932861328,149.5500030517578,149.5500030517578,6607700
SHOP.TO,2025-03-24,153.22000122070312,158.3300018310547,153.1199951171875,156.5500030517578,156.5500030517578,1973700
SHOP.TO,2025-03-25,156.77000427246094,158.39999389648438,155.61000061035156,156.8300018310547,156.8300018310547,1677200
SHOP.TO,2025-03-26,156.14999389648438,156.14999389648438,147.30999755859375,148.75999450683594,148.75999450683594,1608200
SHOP.TO,2025-03-27,146.22999572753906,148.33999633789062,142.91000366210938,146.6199951171875,146.6199951171875,1432200
SHOP.TO,2025-03-28,141.9499969482422,143.30999755859375,137.3000030517578,138.25,138.25,2201400
SHOP.TO,2025-03-31,133.0,138.08999633789062,128.44000244140625,136.89999389648438,136.89999389648438,3253600
SHOP.TO,2025-04-01,137.6999969482422,142.47000122070312,135.36000061035156,139.72000122070312,139.72000122070312,2212300
SHOP.TO,2025-04-02,136.41000366210938,145.1699981689453,135.69000244140625,144.17999267578125,144.17999267578125,2185600
SHOP.TO,2025-04-03,125.7300033569336,125.7300033569336,114.48999786376953,115.87999725341797,115.87999725341797,4808500
SHOP.TO,2025-04-04,110.0,111.19999694824219,99.31999969482422,109.41999816894531,109.41999816894531,4698700
SHOP.TO,2025-04-07,100.80000305175781,118.0999984741211,99.80000305175781,112.30999755859375,112.30999755859375,3641400
SHOP.TO,2025-04-08,119.33000183105469,122.25,107.26000213623047,109.83999633789062,109.83999633789062,5175100
SHOP.TO,2025-04-09,106.51000213623047,132.72000122070312,106.08000183105469,129.08999633789062,129.08999633789062,5162500
SHOP.TO,2025-04-10,122.51000213623047,122.8499984741211,114.0999984741211,118.26000213623047,118.26000213623047,4004300
SHOP.TO,2025-04-11,117.68000030517578,118.33000183105469,108.55999755859375,116.38999938964844,116.38999938964844,3445900
SHOP.TO,2025-04-14,120.86000061035156,122.38999938964844,113.86000061035156,114.8499984741211,114.8499984741211,2581200
SHOP.TO,2025-04-15,115.06999969482422,117.88999938964844,113.83999633789062,117.37000274658203,117.37000274658203,2599600
SHOP.TO,2025-04-16,113.7300033569336,118.44999694824219,112.83999633789062,116.58000183105469,116.58000183105469,2677800
SHOP.TO,2025-04-17,116.51000213623047,117.7699966430664,113.51000213623047,116.02999877929688,116.02999877929688,2444400
SHOP.TO,2025-04-21,113.63999938964844,114.68000030517578,111.05999755859375,112.91999816894531,112.91999816894531,1401800
SHOP.TO,2025-04-22,115.0,119.55999755859375,113.0,118.4800033569336,118.4800033569336,2245600
SHOP.TO,2025-04-23,126.0999984741211,132.0,124.94999694824219,126.29000091552734,126.29000091552734,2552900
SHOP.TO,2025-04-24,125.5,132.0,123.94000244140625,131.77000427246094,131.77000427246094,1686000
SHOP.TO,2025-04-25,133.02000427246094,136.69000244140625,132.5,134.6699981689453,134.6699981689453,1743000
SHOP.TO,2025-04-28,134.69000244140625,137.02000427246094,133.75,136.17999267578125,136.17999267578125,1160600
SHOP.TO,2025-04-29,136.30999755859375,138.08999633789062,135.4600067138672,136.86000061035156,136.86000061035156,1398200
SHOP.TO,2025-04-30,133.16000366210938,133.16000366210938,127.81999969482422,131.1199951171875,131.1199951171875,3194200
SHOP.TO,2025-05-01,135.5800018310547,136.5500030517578,131.88999938964844,134.3300018310547,134.3300018310547,1381900
SHOP.TO,2025-05-02,135.6999969482422,138.47000122070312,134.64999389648438,137.00999450683594,137.00999450683594,2008800
SHOP.TO,2025-05-05,132.1199951171875,137.36000061035156,131.67999267578125,135.85000610351562,135.85000610351562,1253200
SHOP.TO,2025-05-06,134.2899932861328,134.3300018310547,128.8800048828125,129.24000549316406,129.24000549316406,1992100
SHOP.TO,2025-05-07,130.5800018310547,133.1999969482422,129.91000366210938,131.2899932861328,131.2899932861328,2657000
SHOP.TO,2025-05-08,124.52999877929688,133.38999938964844,122.4000015258789,130.8800048828125,130.8800048828125,3856300
SHOP.TO,2025-05-09,132.25999450683594,132.25999450683594,123.8499984741211,127.9800033569336,127.9800033569336,2014400
SHOP.TO,2025-05-12,144.1999969482422,147.6699981689453,138.47999572753906,146.0,146.0,3705600
SHOP.TO,2025-05-13,148.55999755859375,152.05999755859375,148.5500030517578,150.11000061035156,150.11000061035156,2308400
SHOP.TO,2025-05-14,151.42999267578125,156.33999633789062,151.0,155.8300018310547,155.8300018310547,2587900
SHOP.TO,2025-05-15,154.0,156.39999389648438,151.77000427246094,153.92999267578125,153.92999267578125,1932000
SHOP.TO,2025-05-16,155.7899932861328,156.99000549316406,153.6699981689453,154.91000366210938,154.91000366210938,2736300
SHOP.TO,2025-05-20,151.58999633789062,152.0,145.77999877929688,148.02999877929688,148.02999877929688,1915300
SHOP.TO,2025-05-21,146.0,146.42999267578125,140.66000366210938,141.82000732421875,141.82000732421875,2396500
SHOP.TO,2025-05-22,142.52999877929688,145.22000122070312,141.32000732421875,143.19000244140625,143.19000244140625,1791000
SHOP.TO,2025-05-23,139.42999267578125,142.0,138.61000061035156,139.50999450683594,139.50999450683594,1773100
SHOP.TO,2025-05-26,142.1300048828125,144.8300018310547,141.64999389648438,143.33999633789062,143.33999633789062,885800
SHOP.TO,2025-05-27,144.19000244140625,147.99000549316406,143.0800018310547,147.50999450683594,147.50999450683594,1649500
SHOP.TO,2025-05-28,147.75999450683594,149.5800018310547,145.97999572753906,148.27999877929688,148.27999877929688,1919900
SHOP.TO,2025-05-29,151.49000549316406,152.50999450683594,147.8800048828125,148.61000061035156,148.61000061035156,1732100
SHOP.TO,2025-05-30,148.5500030517578,148.5500030517578,142.8800048828125,146.63999938964844,146.63999938964844,3635800
SHOP.TO,2025-06-02,145.86000061035156,147.1699981689453,142.13999938964844,145.92999267578125,145.92999267578125,1152000
SHOP.TO,2025-06-03,144.3000030517578,146.1199951171875,143.10000610351562,144.13999938964844,144.13999938964844,1208400
SHOP.TO,2025-06-04,144.64999389648438,144.80999755859375,140.60000610351562,141.7100067138672,141.7100067138672,1573400
SHOP.TO,2025-06-05,142.0,145.5500030517578,140.6999969482422,143.52999877929688,143.52999877929688,1550200
SHOP.TO,2025-06-06,146.1999969482422,153.4199981689453,146.00999450683594,152.5800018310547,152.5800018310547,2015000
SHOP.TO,2025-06-09,151.5500030517578,151.9499969482422,147.5,147.5500030517578,147.5500030517578,2374700
SHOP.TO,2025-06-10,148.42999267578125,151.39999389648438,147.02000427246094,150.7899932861328,150.7899932861328,1629000
SHOP.TO,2025-06-11,152.0,160.25,152.0,156.0,156.0,2021000
SHOP.TO,2025-06-12,154.3000030517578,154.77999877929688,148.1300048828125,148.55999755859375,148.55999755859375,1702200
SHOP.TO,2025-06-13,144.10000610351562,145.52999877929688,142.3699951171875,143.17999267578125,143.17999267578125,1566700
SHOP.TO,2025-06-16,146.5,148.36000061035156,145.0,147.07000732421875,147.07000732421875,1549900
SHOP.TO,2025-06-17,146.55999755859375,147.47999572753906,144.7899932861328,145.3800048828125,145.3800048828125,1234200
SHOP.TO,2025-06-18,146.0800018310547,147.35000610351562,144.3000030517578,145.27000427246094,145.27000427246094,1727300
SHOP.TO,2025-06-19,144.5500030517578,144.57000732421875,143.25,143.6999969482422,143.6999969482422,459200
SHOP.TO,2025-06-20,147.27999877929688,149.52000427246094,145.14999389648438,146.22999572753906,146.22999572753906,3598100
SHOP.TO,2025-06-23,145.94000244140625,151.14999389648438,143.17999267578125,150.99000549316406,150.99000549316406,1700100
SHOP.TO,2025-06-24,153.8300018310547,158.05999755859375,153.25999450683594,157.02999877929688,157.02999877929688,1750000
SHOP.TO,2025-06-25,157.22999572753906,157.39999389648438,155.1199951171875,156.1699981689453,156.1699981689453,1511900
SHOP.TO,2025-06-26,155.3300018310547,155.3300018310547,147.8000030517578,154.2100067138672,154.2100067138672,3128600
SHOP.TO,2025-06-27,154.1999969482422,157.1999969482422,153.52000427246094,155.72999572753906,155.72999572753906,2457900
SHOP.TO,2025-06-30,157.5500030517578,158.8800048828125,155.8300018310547,157.05999755859375,157.05999755859375,1689800
SHOP.TO,2025-07-02,153.0500030517578,159.82000732421875,152.5,155.9600067138672,155.9600067138672,2082000
SHOP.TO,2025-07-03,157.14999389648438,159.67999267578125,156.2100067138672,159.2899932861328,159.2899932861328,1196000
SHOP.TO,2025-07-04,159.97999572753906,159.97999572753906,157.99000549316406,158.25999450683594,158.25999450683594,346700
SHOP.TO,2025-07-07,158.33999633789062,159.66000366210938,156.80999755859375,159.3300018310547,159.3300018310547,1420500
SHOP.TO,2025-07-08,160.0,161.8800048828125,152.3000030517578,153.99000549316406,153.99000549316406,2008300
SHOP.TO,2025-07-09,155.08999633789062,157.35000610351562,154.13999938964844,156.49000549316406,156.49000549316406,1671900
SHOP.TO,2025-07-10,157.00999450683594,159.33999633789062,153.99000549316406,157.42999267578125,157.42999267578125,1920800
SHOP.TO,2025-07-11,155.64999389648438,159.02000427246094,152.35000610351562,153.4199981689453,153.4199981689453,1666200
SHOP.TO,2025-07-14,154.97999572753906,162.27999877929688,153.08999633789062,159.9499969482422,159.9499969482422,2028300
SHOP.TO,2025-07-15,161.6300048828125,162.27000427246094,157.3000030517578,157.86000061035156,157.86000061035156,1460200
SHOP.TO,2025-07-16,157.6699981689453,164.41000366210938,154.85000610351562,164.1199951171875,164.1199951171875,2042600
SHOP.TO,2025-07-17,164.41000366210938,175.07000732421875,164.38999938964844,174.2100067138672,174.2100067138672,2428800
SHOP.TO,2025-07-18,174.64999389648438,176.88999938964844,172.66000366210938,174.36000061035156,174.36000061035156,1513100
SHOP.TO,2025-07-21,174.97999572753906,176.9499969482422,174.0,175.7899932861328,175.7899932861328,1115100
SHOP.TO,2025-07-22,173.8800048828125,173.8800048828125,167.5,168.4499969482422,168.4499969482422,1865900
SHOP.TO,2025-07-23,167.52999877929688,167.57000732421875,162.0,166.05999755859375,166.05999755859375,1572200
SHOP.TO,2025-07-24,167.52999877929688,167.52999877929688,164.52999877929688,166.52000427246094,166.52000427246094,980100
SHOP.TO,2025-07-25,167.36000061035156,172.1699981689453,166.58999633789062,170.6199951171875,170.6199951171875,1097900
SHOP.TO,2025-07-28,172.9600067138672,175.75,172.64999389648438,174.16000366210938,174.16000366210938,1151800
SHOP.TO,2025-07-29,174.11000061035156,175.6699981689453,169.82000732421875,171.97000122070312,171.97000122070312,1224400
SHOP.TO,2025-07-30,172.0399932861328,173.85000610351562,168.92999267578125,170.33999633789062,170.33999633789062,1585200
SHOP.TO,2025-07-31,173.32000732421875,175.25,169.1199951171875,169.3699951171875,169.3699951171875,2023400
SHOP.TO,2025-08-01,162.75999450683594,165.61000061035156,159.66000366210938,163.6300048828125,163.6300048828125,2161800
SHOP.TO,2025-08-05,171.14999389648438,175.25,169.8800048828125,175.16000366210938,175.16000366210938,1872400
SHOP.TO,2025-08-06,199.1199951171875,214.89999389648438,199.1199951171875,212.82000732421875,212.82000732421875,4168100
SHOP.TO,2025-08-07,212.69000244140625,215.75,203.0,207.55999755859375,207.55999755859375,2445600
SHOP.TO,2025-08-08,206.74000549316406,207.5399932861328,203.61000061035156,205.82000732421875,205.82000732421875,1364900
SHOP.TO,2025-08-11,206.88999938964844,211.22000122070312,202.9499969482422,203.3800048828125,203.3800048828125,1359300
SHOP.TO,2025-08-12,204.52999877929688,207.4600067138672,202.75999450683594,205.8000030517578,205.8000030517578,1238900
SHOP.TO,2025-08-13,206.60000610351562,208.66000366210938,204.44000244140625,206.77999877929688,206.77999877929688,1292700
SHOP.TO,2025-08-14,204.60000610351562,205.0,197.44000244140625,199.4600067138672,199.4600067138672,1833200
SHOP.TO,2025-08-15,201.0,201.0,194.38499450683594,195.60000610351562,195.60000610351562,1573700
SHOP.TO,2025-08-18,195.4499969482422,197.91000366210938,193.52999877929688,197.6999969482422,197.6999969482422,1024300
SHOP.TO,2025-08-19,197.58999633789062,199.8000030517578,192.82000732421875,193.05999755859375,193.05999755859375,1107100
SHOP.TO,2025-08-20,191.10000610351562,192.0500030517578,186.89999389648438,190.42999267578125,190.42999267578125,1165700
SHOP.TO,2025-08-21,189.47000122070312,191.66000366210938,187.63999938964844,190.10000610351562,190.10000610351562,1063300
SHOP.TO,2025-08-22,190.89999389648438,198.02000427246094,188.8000030517578,196.52000427246094,196.52000427246094,2197400
SHOP.TO,2025-08-25,195.7100067138672,197.13999938964844,192.88999938964844,194.8699951171875,194.8699951171875,1002400
SHOP.TO,2025-08-26,195.0,195.4199981689453,192.7100067138672,194.86000061035156,194.86000061035156,1761400
SHOP.TO,2025-08-27,195.89999389648438,197.27000427246094,189.75,193.02999877929688,193.02999877929688,1094300
SHOP.TO,2025-08-28,193.55999755859375,198.3699951171875,193.52000427246094,194.77999877929688,194.77999877929688,1290100
SHOP.TO,2025-08-29,194.35000610351562,196.9600067138672,192.1999969482422,193.97999572753906,193.97999572753906,1223100
SHOP.TO,2025-09-02,189.0500030517578,192.05999755859375,184.00999450683594,191.7100067138672,191.7100067138672,1233800
SHOP.TO,2025-09-03,193.5,194.39999389648438,190.60000610351562,193.49000549316406,193.49000549316406,1071100
SHOP.TO,2025-09-04,194.5,201.4199981689453,193.8000030517578,200.77999877929688,200.77999877929688,1220100
SHOP.TO,2025-09-05,203.16000366210938,204.1999969482422,200.57000732421875,203.33999633789062,203.33999633789062,1545900
SHOP.TO,2025-09-08,203.60000610351562,205.07000732421875,199.1999969482422,201.89999389648438,201.89999389648438,1222800
SHOP.TO,2025-09-09,200.5800018310547,202.63999938964844,197.75,198.8300018310547,198.8300018310547,1241500
SHOP.TO,2025-09-10,200.4499969482422,201.24000549316406,195.99000549316406,197.22000122070312,197.22000122070312,1405000
SHOP.TO,2025-09-11,198.30999755859375,203.3000030517578,197.1699981689453,200.64999389648438,200.64999389648438,1564300
SHOP.TO,2025-09-12,198.36000061035156,200.4199981689453,195.9499969482422,198.49000549316406,198.49000549316406,1319500
SHOP.TO,2025-09-15,199.77999877929688,204.10000610351562,197.7100067138672,203.6699981689453,203.6699981689453,1298200
SHOP.TO,2025-09-16,205.5,206.3000030517578,199.63999938964844,202.33999633789062,202.33999633789062,2977400
SHOP.TO,2025-09-17,203.36000061035156,205.2899932861328,200.35000610351562,203.57000732421875,203.57000732421875,1924400
SHOP.TO,2025-09-18,206.0,210.94000244140625,204.3300018310547,209.74000549316406,209.74000549316406,1538300
SHOP.TO,2025-09-19,217.77000427246094,217.77000427246094,209.52999877929688,211.60000610351562,211.60000610351562,5652400
SHOP.TO,2025-09-22,210.82000732421875,219.74000549316406,209.8000030517578,217.27000427246094,217.27000427246094,1300100
SHOP.TO,2025-09-23,217.0,217.14999389648438,206.44500732421875,207.47000122070312,207.47000122070312,1699600
SHOP.TO,2025-09-24,209.0800018310547,211.22999572753906,206.55999755859375,206.83999633789062,206.83999633789062,1302300
SHOP.TO,2025-09-25,201.9499969482422,201.97000122070312,197.77000427246094,199.9600067138672,199.9600067138672,1449800
SHOP.TO,2025-09-26,200.1199951171875,200.44000244140625,194.5,195.39999389648438,195.39999389648438,2020100
SHOP.TO,2025-09-29,197.6300048828125,208.1300048828125,196.05999755859375,207.4600067138672,207.4600067138672,2133700
SHOP.TO,2025-09-30,206.74000549316406,211.24000549316406,202.25,206.75999450683594,206.75999450683594,1732800
SHOP.TO,2025-10-01,204.80999755859375,211.44000244140625,203.5,208.6199951171875,208.6199951171875,1139000
SHOP.TO,2025-10-02,210.94000244140625,211.35000610351562,206.5,211.24000549316406,211.24000549316406,2139600
SHOP.TO,2025-10-03,212.3000030517578,226.64999389648438,212.3000030517578,224.88999938964844,224.88999938964844,2079300
SHOP.TO,2025-10-06,231.92999267578125,236.99000549316406,227.38999938964844,229.52000427246094,229.52000427246094,1310100
SHOP.TO,2025-10-07,230.4499969482422,234.80999755859375,224.3300018310547,225.10000610351562,225.10000610351562,1117300
SHOP.TO,2025-10-08,227.44000244140625,233.80999755859375,227.0,232.4199981689453,232.4199981689453,1256100
SHOP.TO,2025-10-09,232.3800048828125,233.80999755859375,227.6999969482422,229.8800048828125,229.8800048828125,1037000
SHOP.TO,2025-10-10,231.10000610351562,231.3699951171875,210.9499969482422,211.38999938964844,211.38999938964844,1955700
SHOP.TO,2025-10-14,209.27000427246094,217.39999389648438,204.17999267578125,214.83999633789062,214.83999633789062,1539000
SHOP.TO,2025-10-15,218.94000244140625,222.77000427246094,216.86000061035156,219.4199981689453,219.4199981689453,1227000
SHOP.TO,2025-10-16,225.72999572753906,231.52000427246094,219.13999938964844,220.10000610351562,220.10000610351562,2468400
SHOP.TO,2025-10-17,218.77999877929688,223.02000427246094,217.02000427246094,220.92999267578125,220.92999267578125,963300
SHOP.TO,2025-10-20,224.5399932861328,231.58999633789062,224.0,231.35000610351562,231.35000610351562,1248800
SHOP.TO,2025-10-21,230.47999572753906,231.5,226.0,227.9600067138672,227.9600067138672,983400
SHOP.TO,2025-10-22,227.0,228.64999389648438,222.9199981689453,226.55999755859375,226.55999755859375,1649200
SHOP.TO,2025-10-23,226.52999877929688,234.5,226.14999389648438,233.50999450683594,233.50999450683594,1624900
SHOP.TO,2025-10-24,237.52999877929688,244.67999267578125,236.9949951171875,242.1199951171875,242.1199951171875,1835900
SHOP.TO,2025-10-27,246.25,247.1699981689453,241.82000732421875,245.1699981689453,245.1699981689453,2012600
SHOP.TO,2025-10-28,244.13999938964844,250.33999633789062,242.0,249.38999938964844,249.38999938964844,1577100
SHOP.TO,2025-10-29,250.57000732421875,253.10000610351562,245.86000061035156,249.7100067138672,249.7100067138672,1445000
SHOP.TO,2025-10-30,247.82000732421875,249.06500244140625,241.63999938964844,242.9499969482422,242.9499969482422,1531600
SHOP.TO,2025-10-31,249.0,252.35000610351562,240.8800048828125,243.86000061035156,243.86000061035156,1501300
SHOP.TO,2025-11-03,247.42999267578125,250.75,238.6699981689453,242.9600067138672,242.9600067138672,1819700
SHOP.TO,2025-11-04,229.92999267578125,245.1999969482422,226.1199951171875,227.22999572753906,227.22999572753906,1869300
SHOP.TO,2025-11-05,226.47999572753906,235.24000549316406,221.4499969482422,230.6300048828125,230.6300048828125,1711200
SHOP.TO,2025-11-06,229.49000549316406,230.0,219.9600067138672,220.3300018310547,220.3300018310547,1781100
SHOP.TO,2025-11-07,215.41000366210938,216.08999633789062,206.75,214.22000122070312,214.22000122070312,1789900
SHOP.TO,2025-11-10,220.00999450683594,223.72000122070312,218.85000610351562,222.69000244140625,222.69000244140625,1101200
SHOP.TO,2025-11-11,219.50999450683594,224.10000610351562,218.0800018310547,222.7100067138672,222.7100067138672,792800
SHOP.TO,2025-11-12,224.52000427246094,224.94000244140625,218.85000610351562,219.49000549316406,219.49000549316406,1299400
SHOP.TO,2025-11-13,216.0,216.00999450683594,202.0,205.8800048828125,205.8800048828125,2152200
SHOP.TO,2025-11-14,199.3800048828125,209.92999267578125,198.0,204.9199981689453,204.9199981689453,1833600
SHOP.TO,2025-11-17,201.27999877929688,203.97999572753906,195.00999450683594,196.88999938964844,196.88999938964844,2172000
SHOP.TO,2025-11-18,192.82000732421875,199.1300048828125,190.7899932861328,196.32000732421875,196.32000732421875,2390300
SHOP.TO,2025-11-19,198.42999267578125,206.60000610351562,197.0,205.36000061035156,205.36000061035156,2044700
SHOP.TO,2025-11-20,216.08999633789062,216.99000549316406,202.7899932861328,203.9199981689453,203.9199981689453,1951000
SHOP.TO,2025-11-21,205.36000061035156,211.1999969482422,201.35000610351562,208.27999877929688,208.27999877929688,1744600
SHOP.TO,2025-11-24,210.0,220.49000549316406,207.74000549316406,219.13999938964844,219.13999938964844,2949100
SHOP.TO,2025-11-25,218.2100067138672,223.11000061035156,213.7899932861328,221.99000549316406,221.99000549316406,1913600
SHOP.TO,2025-11-26,223.4199981689453,225.44000244140625,222.0,223.8699951171875,223.8699951171875,1217700
SHOP.TO,2025-11-27,223.8699951171875,225.72000122070312,223.2899932861328,224.0,224.0,226600
SHOP.TO,2025-11-28,224.32000732421875,224.32000732421875,220.75,223.22000122070312,223.22000122070312,751800
SHOP.TO,2025-12-01,213.3699951171875,217.0399932861328,208.75,209.11000061035156,209.11000061035156,1457700
SHOP.TO,2025-12-02,214.02999877929688,221.9499969482422,212.75,219.36000061035156,219.36000061035156,1308600
SHOP.TO,2025-12-03,218.5399932861328,224.8699951171875,216.52999877929688,223.1300048828125,223.1300048828125,1270500
SHOP.TO,2025-12-04,225.0,227.91000366210938,220.39999389648438,226.6699981689453,226.6699981689453,1001000
SHOP.TO,2025-12-05,225.5500030517578,226.30999755859375,220.1999969482422,222.77999877929688,222.77999877929688,1013400
SHOP.TO,2025-12-08,223.75999450683594,226.27000427246094,216.69000244140625,219.67999267578125,219.67999267578125,1767500
SHOP.TO,2025-12-09,219.89999389648438,224.97999572753906,218.86000061035156,221.75999450683594,221.75999450683594,1309700
SHOP.TO,2025-12-10,219.9499969482422,232.97000122070312,218.92999267578125,232.49000549316406,232.49000549316406,2840200
SHOP.TO,2025-12-11,230.0800018310547,230.5500030517578,223.88999938964844,226.91000366210938,226.91000366210938,1167900
SHOP.TO,2025-12-12,226.19000244140625,226.5,219.4499969482422,226.14999389648438,226.14999389648438,1310100
SHOP.TO,2025-12-15,230.0,233.07000732421875,219.97000122070312,220.22000122070312,220.22000122070312,1500500
SHOP.TO,2025-12-16,216.74000549316406,224.94000244140625,214.0,224.35000610351562,224.35000610351562,1540100
SHOP.TO,2025-12-17,229.72999572753906,234.47000122070312,222.72999572753906,223.02000427246094,223.02000427246094,1732400
SHOP.TO,2025-12-18,229.6199951171875,238.22000122070312,227.8000030517578,229.89999389648438,229.89999389648438,1366000
SHOP.TO,2025-12-19,232.66000366210938,236.8000030517578,230.1699981689453,233.8000030517578,233.8000030517578,4959500
SHOP.TO,2025-12-22,237.6300048828125,237.8800048828125,233.32000732421875,233.3800048828125,233.3800048828125,1210900
SHOP.TO,2025-12-23,232.02000427246094,232.60000610351562,229.2100067138672,232.1199951171875,232.1199951171875,1439900
SHOP.TO,2025-12-24,231.7899932861328,232.99000549316406,230.02999877929688,231.75999450683594,231.75999450683594,424800
SHOP.TO,2025-12-29,231.38999938964844,233.63999938964844,228.77999877929688,229.85000610351562,229.85000610351562,1791100
SHOP.TO,2025-12-30,228.77999877929688,229.3800048828125,224.2100067138672,224.2100067138672,224.2100067138672,1540200
SHOP.TO,2025-12-31,224.1999969482422,224.4600067138672,220.6199951171875,221.0,221.0,1021100
CSU.TO,2025-01-02,4445.009765625,4533.35009765625,4400.0,4440.169921875,4427.2548828125,24500
CSU.TO,2025-01-03,4471.10009765625,4471.10009765625,4341.8798828125,4458.43994140625,4445.47216796875,22200
CSU.TO,2025-01-06,4590.77978515625,4590.77978515625,4282.25,4318.5498046875,4305.98828125,47800
CSU.TO,2025-01-07,4394.14013671875,4394.14013671875,4112.330078125,4162.68994140625,4150.58251953125,63600
CSU.TO,2025-01-08,4101.7001953125,4349.990234375,4101.7001953125,4325.0,4312.419921875,59300
CSU.TO,2025-01-09,4339.97021484375,4393.2099609375,4310.0,4320.47998046875,4307.9130859375,11100
CSU.TO,2025-01-10,4344.60009765625,4344.60009765625,4166.10009765625,4275.47021484375,4263.03466796875,51600
CSU.TO,2025-01-13,4273.3701171875,4319.0,4216.14990234375,4298.3701171875,4285.8681640625,35100
CSU.TO,2025-01-14,4300.10009765625,4300.10009765625,4223.64990234375,4264.66015625,4252.25634765625,19500
CSU.TO,2025-01-15,4350.0,4374.72021484375,4314.4501953125,4340.81982421875,4328.19384765625,30600
CSU.TO,2025-01-16,4398.240234375,4547.60009765625,4359.89990234375,4401.16015625,4388.3583984375,24200
CSU.TO,2025-01-17,4404.22998046875,4461.39013671875,4371.41015625,4392.3701171875,4379.59423828125,23900
CSU.TO,2025-01-20,4442.75,4442.75,4344.9501953125,4361.60986328125,4348.92333984375,6300
CSU.TO,2025-01-21,4437.919921875,4449.97998046875,4372.0,4440.93017578125,4428.0126953125,20900
CSU.TO,2025-01-22,4427.31005859375,4511.68994140625,4427.31005859375,4500.02001953125,4486.9306640625,25100
CSU.TO,2025-01-23,4549.990234375,4570.47021484375,4503.7099609375,4563.27001953125,4549.9970703125,27000
CSU.TO,2025-01-24,4563.27978515625,4718.7998046875,4563.27978515625,4633.10986328125,4619.6337890625,41400
CSU.TO,2025-01-27,4538.169921875,4630.0,4511.39990234375,4594.3798828125,4581.01611328125,25800
CSU.TO,2025-01-28,4646.1298828125,4746.919921875,4599.990234375,4716.81982421875,4703.10009765625,40900
CSU.TO,2025-01-29,4716.81982421875,4755.68017578125,4706.89990234375,4725.0,4711.2568359375,25500
CSU.TO,2025-01-30,4755.0,4832.93994140625,4755.0,4798.1298828125,4784.173828125,27900
CSU.TO,2025-01-31,4798.1298828125,4837.5,4753.02001953125,4753.02001953125,4739.1943359375,53100
CSU.TO,2025-02-03,4658.91015625,4832.06005859375,4658.91015625,4820.0,4805.97998046875,40000
CSU.TO,2025-02-04,4839.85009765625,4839.85009765625,4783.6298828125,4800.0,4786.0390625,31800
CSU.TO,2025-02-05,4781.93017578125,4916.3798828125,4781.93017578125,4902.64013671875,4888.3798828125,31500
CSU.TO,2025-02-06,4902.64013671875,4969.2900390625,4869.81005859375,4931.8701171875,4917.52490234375,38800
CSU.TO,2025-02-07,4980.7001953125,4980.7001953125,4800.0,4908.66015625,4894.3828125,25300
CSU.TO,2025-02-10,4925.0498046875,4961.4501953125,4887.68017578125,4934.169921875,4919.81884765625,22000
CSU.TO,2025-02-11,4879.58984375,4920.31982421875,4860.0,4882.25,4868.0498046875,14300
CSU.TO,2025-02-12,4879.85986328125,4890.8701171875,4845.52001953125,4877.0,4862.8154296875,16800
CSU.TO,2025-02-13,4890.02001953125,4991.85009765625,4890.02001953125,4961.5498046875,4947.1181640625,24400
CSU.TO,2025-02-14,4961.56982421875,4987.919921875,4918.81005859375,4934.83984375,4920.48583984375,16900
CSU.TO,2025-02-18,4934.83984375,4959.39990234375,4872.5,4949.89013671875,4935.49267578125,20100
CSU.TO,2025-02-19,4947.89990234375,4947.89990234375,4864.43994140625,4886.81005859375,4872.59619140625,31200
CSU.TO,2025-02-20,4859.740234375,4923.169921875,4839.18994140625,4870.330078125,4856.1640625,31500
CSU.TO,2025-02-21,4900.0,4900.0,4839.02001953125,4840.0,4825.92236328125,24300
CSU.TO,2025-02-24,4887.0,4916.830078125,4825.0,4876.330078125,4862.1474609375,28000
CSU.TO,2025-02-25,4847.0,4909.35986328125,4824.85009765625,4900.009765625,4885.75732421875,30100
CSU.TO,2025-02-26,4885.10009765625,5002.0,4885.10009765625,4935.33984375,4920.98486328125,27100
CSU.TO,2025-02-27,4977.10986328125,4988.0,4884.580078125,4892.580078125,4878.349609375,20400
CSU.TO,2025-02-28,4894.5498046875,5018.33984375,4824.77001953125,4986.97021484375,4972.46435546875,63300
CSU.TO,2025-03-03,4982.990234375,4998.39990234375,4856.0,4861.85009765625,4847.70849609375,32300
CSU.TO,2025-03-04,4838.02978515625,4931.41015625,4800.0,4867.66015625,4853.50146484375,50900
CSU.TO,2025-03-05,4836.43994140625,5020.0,4836.43994140625,4988.919921875,4974.4091796875,39200
CSU.TO,2025-03-06,4915.0,5040.0,4864.91015625,4908.6298828125,4894.3525390625,59700
CSU.TO,2025-03-07,4876.0,4964.77001953125,4813.7998046875,4948.18994140625,4933.79736328125,34800
CSU.TO,2025-03-10,4905.02978515625,4905.02978515625,4760.0,4800.0,4786.0390625,76900
CSU.TO,2025-03-11,4771.02001953125,4830.60009765625,4715.0,4722.5,4708.763671875,38600
CSU.TO,2025-03-12,4766.60986328125,4801.330078125,4742.4501953125,4754.93994140625,4741.109375,37200
CSU.TO,2025-03-13,4765.009765625,4849.89990234375,4560.0,4628.58984375,4615.12744140625,51600
CSU.TO,2025-03-14,4661.6298828125,4727.64990234375,4661.6298828125,4698.7998046875,4685.1318359375,40000
CSU.TO,2025-03-17,4669.8798828125,4734.2001953125,4669.8798828125,4693.72021484375,4680.06787109375,23700
CSU.TO,2025-03-18,4697.919921875,4697.919921875,4565.06982421875,4600.0,4586.62060546875,37700
CSU.TO,2025-03-19,4600.0,4662.60986328125,4593.56982421875,4655.7099609375,4642.16845703125,45300
CSU.TO,2025-03-20,4663.39990234375,4692.240234375,4610.47021484375,4654.97998046875,4641.43994140625,47600
CSU.TO,2025-03-21,4637.14990234375,4678.72998046875,4546.0,4626.66015625,4613.20263671875,99100
CSU.TO,2025-03-24,4628.52001953125,4750.43994140625,4574.0,4729.5400390625,4715.78369140625,61000
CSU.TO,2025-03-25,4692.06005859375,4745.0,4683.02978515625,4700.490234375,4686.81787109375,47100
CSU.TO,2025-03-26,4683.8798828125,4753.83984375,4634.16015625,4645.740234375,4632.2275390625,33300
CSU.TO,2025-03-27,4612.3701171875,4662.08984375,4594.990234375,4662.08984375,4648.529296875,39500
CSU.TO,2025-03-28,4660.81005859375,4660.81005859375,4526.7099609375,4564.7998046875,4552.9208984375,39900
CSU.TO,2025-03-31,4517.8798828125,4565.77001953125,4484.1201171875,4557.3701171875,4545.509765625,70600
CSU.TO,2025-04-01,4556.259765625,4628.2998046875,4552.259765625,4603.16015625,4591.1806640625,33200
CSU.TO,2025-04-02,4611.27001953125,4755.3701171875,4600.10986328125,4740.0,4727.66455078125,40500
CSU.TO,2025-04-03,4699.89013671875,4699.89013671875,4490.0,4519.580078125,4507.818359375,56000
CSU.TO,2025-04-04,4598.16015625,4598.16015625,4320.56005859375,4365.009765625,4353.650390625,57300
CSU.TO,2025-04-07,4211.68017578125,4475.0,4203.0,4345.0,4333.6923828125,56200
CSU.TO,2025-04-08,4412.35009765625,4589.89990234375,4222.1201171875,4284.1298828125,4272.98046875,49900
CSU.TO,2025-04-09,4284.1298828125,4700.0,4249.56005859375,4664.75,4652.6103515625,62700
CSU.TO,2025-04-10,4573.02001953125,4573.02001953125,4350.0,4365.0,4353.640625,49600
CSU.TO,2025-04-11,4366.759765625,4597.25,4344.009765625,4549.669921875,4537.82958984375,56100
CSU.TO,2025-04-14,4643.240234375,4720.10986328125,4490.0,4565.0,4553.119140625,40900
CSU.TO,2025-04-15,4565.0,4671.5400390625,4564.9599609375,4664.25,4652.111328125,27800
CSU.TO,2025-04-16,4582.1298828125,4731.3798828125,4567.77001953125,4718.4599609375,4706.18017578125,66900
CSU.TO,2025-04-17,4735.2001953125,4735.2001953125,4615.8701171875,4682.5400390625,4670.3544921875,31600
CSU.TO,2025-04-21,4580.830078125,4650.89990234375,4556.169921875,4605.31005859375,4593.32470703125,18900
CSU.TO,2025-04-22,4595.2001953125,4717.77001953125,4595.2001953125,4644.1298828125,4632.04345703125,24600
CSU.TO,2025-04-23,4710.990234375,4843.85009765625,4710.990234375,4769.97021484375,4757.55615234375,28600
CSU.TO,2025-04-24,4762.0,4891.97998046875,4762.0,4888.91015625,4876.18701171875,34600
CSU.TO,2025-04-25,4851.89990234375,4919.93017578125,4710.0,4883.41015625,4870.701171875,18700
CSU.TO,2025-04-28,4931.009765625,5000.0,4893.0,4927.7099609375,4914.88623046875,17500
CSU.TO,2025-04-29,4893.60009765625,4989.4599609375,4893.60009765625,4982.0,4969.0341796875,22000
CSU.TO,2025-04-30,4957.080078125,4973.35009765625,4802.14990234375,4968.35009765625,4955.41943359375,40100
CSU.TO,2025-05-01,4957.60009765625,5045.83984375,4957.31005859375,4986.14990234375,4973.17333984375,26900
CSU.TO,2025-05-02,5020.0,5070.259765625,4982.35009765625,5042.6201171875,5029.49609375,27100
CSU.TO,2025-05-05,5041.990234375,5065.89990234375,4977.02001953125,4994.41015625,4981.41259765625,39100
CSU.TO,2025-05-06,4984.83984375,5000.0,4928.31005859375,4967.419921875,4954.49267578125,24600
CSU.TO,2025-05-07,4975.10986328125,5056.52978515625,4910.0,5050.009765625,5036.86767578125,40600
CSU.TO,2025-05-08,5070.0,5200.0,5008.39990234375,5181.9599609375,5168.47412109375,49000
CSU.TO,2025-05-09,5249.990234375,5249.990234375,5049.64990234375,5113.43017578125,5100.123046875,34600
CSU.TO,2025-05-12,5175.43017578125,5300.0,5069.66015625,5130.009765625,5116.6591796875,37600
CSU.TO,2025-05-13,5085.0,5110.490234375,4917.2001953125,4936.4599609375,4923.61328125,38300
CSU.TO,2025-05-14,4902.18994140625,4984.669921875,4867.14013671875,4984.669921875,4971.697265625,36500
CSU.TO,2025-05-15,4960.02001953125,5084.7998046875,4960.02001953125,5063.47998046875,5050.30224609375,27900
CSU.TO,2025-05-16,5033.0,5087.8701171875,5006.31005859375,5066.89013671875,5053.703125,32500
CSU.TO,2025-05-20,5020.02001953125,5124.89990234375,5012.60986328125,5050.47998046875,5037.3359375,34700
CSU.TO,2025-05-21,5063.56005859375,5063.66015625,4862.18017578125,4880.7099609375,4868.00830078125,39600
CSU.TO,2025-05-22,4912.22998046875,4930.77001953125,4860.02001953125,4900.0,4887.24853515625,29400
CSU.TO,2025-05-23,4900.0,5030.2998046875,4832.77001953125,4841.06982421875,4828.47119140625,30400
CSU.TO,2025-05-26,4865.2900390625,4869.0,4791.58984375,4858.7998046875,4846.1552734375,16000
CSU.TO,2025-05-27,4850.10009765625,4930.60986328125,4837.1201171875,4870.1298828125,4857.4560546875,42300
CSU.TO,2025-05-28,4852.31005859375,4940.0,4852.31005859375,4869.419921875,4856.74755859375,26900
CSU.TO,2025-05-29,4872.14013671875,4925.93994140625,4817.259765625,4896.580078125,4883.8369140625,22900
CSU.TO,2025-05-30,4894.60986328125,4985.72021484375,4861.759765625,4975.759765625,4962.81103515625,99900
CSU.TO,2025-06-02,4939.83984375,4960.7900390625,4862.16015625,4960.0,4947.091796875,33600
CSU.TO,2025-06-03,4920.009765625,4981.5,4906.06005859375,4945.35986328125,4932.48974609375,28700
CSU.TO,2025-06-04,4970.009765625,4971.7001953125,4940.0,4964.68017578125,4951.759765625,20400
CSU.TO,2025-06-05,4951.5,4975.0,4896.10009765625,4898.27001953125,4885.5224609375,19900
CSU.TO,2025-06-06,4904.31005859375,4938.22998046875,4850.77978515625,4911.08984375,4898.30859375,15900
CSU.TO,2025-06-09,4973.509765625,4973.509765625,4852.5,4881.2001953125,4868.4970703125,26600
CSU.TO,2025-06-10,4919.52978515625,4925.18994140625,4853.8798828125,4888.31982421875,4875.59814453125,39400
CSU.TO,2025-06-11,4899.0400390625,4940.4501953125,4886.39990234375,4904.259765625,4891.49658203125,21800
CSU.TO,2025-06-12,4894.97998046875,4934.89990234375,4881.10986328125,4923.89013671875,4911.07568359375,21600
CSU.TO,2025-06-13,4870.10986328125,4924.68017578125,4826.52978515625,4829.990234375,4817.42041015625,18500
CSU.TO,2025-06-16,4829.990234375,4858.22998046875,4821.1201171875,4842.240234375,4829.638671875,44000
CSU.TO,2025-06-17,4826.0400390625,4889.64013671875,4757.0,4832.93994140625,4820.3623046875,18900
CSU.TO,2025-06-18,4916.25,4949.89990234375,4834.97998046875,4919.990234375,4907.18603515625,27200
CSU.TO,2025-06-19,4899.89990234375,4899.89990234375,4855.93994140625,4865.0,4852.3388671875,6300
CSU.TO,2025-06-20,4916.68994140625,4916.68994140625,4760.02978515625,4828.1298828125,4816.92138671875,64500
CSU.TO,2025-06-23,4813.9501953125,4913.22021484375,4813.9501953125,4887.83984375,4876.49267578125,24400
CSU.TO,2025-06-24,4887.83984375,4992.75,4887.83984375,4968.009765625,4956.4765625,22800
CSU.TO,2025-06-25,4987.2001953125,4991.990234375,4901.02001953125,4909.1298828125,4897.7333984375,43100
CSU.TO,2025-06-26,4909.1298828125,4946.7001953125,4844.8798828125,4926.7900390625,4915.35205078125,24000
CSU.TO,2025-06-27,4902.14990234375,4998.93994140625,4902.14990234375,4983.68994140625,4972.12060546875,51500
CSU.TO,2025-06-30,4982.27001953125,5020.2001953125,4968.75,4993.2001953125,4981.6083984375,38000
CSU.TO,2025-07-02,5037.990234375,5038.0,4898.2998046875,4973.240234375,4961.69482421875,38500
CSU.TO,2025-07-03,5009.60009765625,5058.39013671875,4882.5,5030.08984375,5018.41259765625,18900
CSU.TO,2025-07-04,5008.7900390625,5060.2001953125,5005.0,5005.0,4993.380859375,6400
CSU.TO,2025-07-07,4959.990234375,5050.0,4959.990234375,4998.97021484375,4987.36474609375,25300
CSU.TO,2025-07-08,5009.990234375,5009.990234375,4965.93994140625,4972.02001953125,4960.4775390625,21800
CSU.TO,2025-07-09,4973.31005859375,4991.60009765625,4942.0,4956.27978515625,4944.77392578125,17300
CSU.TO,2025-07-10,4985.0,5006.5,4926.240234375,4955.58984375,4944.08544921875,23300
CSU.TO,2025-07-11,4953.60009765625,4953.60009765625,4855.0,4888.06005859375,4876.712890625,24300
CSU.TO,2025-07-14,4929.0,4970.0,4888.009765625,4959.3701171875,4947.8564453125,26400
CSU.TO,2025-07-15,4990.0,5000.0,4905.14990234375,4913.60009765625,4902.193359375,19800
CSU.TO,2025-07-16,4913.60009765625,4976.97998046875,4900.0,4976.97998046875,4965.42578125,25600
CSU.TO,2025-07-17,4974.97998046875,5060.7001953125,4974.97998046875,5040.06982421875,5028.36962890625,26200
CSU.TO,2025-07-18,5040.06982421875,5040.75,4980.5400390625,4984.830078125,4973.2578125,21300
CSU.TO,2025-07-21,5015.0,5015.0,4912.330078125,4916.43994140625,4905.0263671875,19300
CSU.TO,2025-07-22,4914.4599609375,4914.60009765625,4845.97998046875,4850.240234375,4838.98095703125,27400
CSU.TO,2025-07-23,4850.240234375,4873.25,4820.7099609375,4844.169921875,4832.92431640625,28100
CSU.TO,2025-07-24,4864.64990234375,4870.9501953125,4829.830078125,4845.77001953125,4834.5205078125,18300
CSU.TO,2025-07-25,4851.0498046875,4911.77001953125,4851.0498046875,4890.2900390625,4878.93701171875,15500
CSU.TO,2025-07-28,4882.4501953125,4907.0,4836.0400390625,4842.5400390625,4831.29833984375,26800
CSU.TO,2025-07-29,4844.490234375,4896.5,4838.39990234375,4860.31982421875,4849.03662109375,38600
CSU.TO,2025-07-30,4884.6298828125,4900.0,4859.990234375,4862.16015625,4850.873046875,23200
CSU.TO,2025-07-31,4844.419921875,4869.0,4762.25,4780.27978515625,4769.1826171875,40400
CSU.TO,2025-08-01,4761.27001953125,4791.56005859375,4666.56005859375,4718.31005859375,4707.3564453125,36700
CSU.TO,2025-08-05,4812.669921875,4837.5,4714.89990234375,4790.56005859375,4779.4384765625,34500
CSU.TO,2025-08-06,4814.52001953125,4820.64990234375,4713.68017578125,4723.52978515625,4712.564453125,27900
CSU.TO,2025-08-07,4650.10986328125,4795.89013671875,4639.14990234375,4650.009765625,4639.21484375,44100
CSU.TO,2025-08-08,4677.35986328125,4727.5,4577.14013671875,4599.93017578125,4589.25146484375,33300
CSU.TO,2025-08-11,4653.16015625,4922.93017578125,4653.16015625,4801.81005859375,4790.66259765625,40800
CSU.TO,2025-08-12,4828.14990234375,4885.919921875,4676.91015625,4681.2001953125,4670.3330078125,37200
CSU.TO,2025-08-13,4683.56005859375,4712.0,4476.06005859375,4507.580078125,4497.11572265625,58800
CSU.TO,2025-08-14,4601.8798828125,4601.8798828125,4245.18017578125,4256.68017578125,4246.798828125,83400
CSU.TO,2025-08-15,4350.9501953125,4497.5,4281.35009765625,4353.3798828125,4343.27392578125,81700
CSU.TO,2025-08-18,4365.0,4441.27001953125,4326.919921875,4394.27978515625,4384.07861328125,46500
CSU.TO,2025-08-19,4403.759765625,4403.759765625,4330.68994140625,4334.02001953125,4323.9580078125,42600
CSU.TO,2025-08-20,4369.97021484375,4406.8798828125,4322.6298828125,4360.35009765625,4350.22802734375,42000
CSU.TO,2025-08-21,4328.240234375,4442.97998046875,4326.4501953125,4438.009765625,4427.70703125,42100
CSU.TO,2025-08-22,4455.10986328125,4575.60009765625,4455.10986328125,4549.91015625,4539.34765625,43900
CSU.TO,2025-08-25,4538.0,4559.22998046875,4452.509765625,4470.990234375,4460.61083984375,24300
CSU.TO,2025-08-26,4470.990234375,4515.52978515625,4357.919921875,4393.0,4382.8017578125,101400
CSU.TO,2025-08-27,4415.89990234375,4424.52001953125,4341.58984375,4399.009765625,4388.7978515625,32500
CSU.TO,2025-08-28,4452.77001953125,4484.52978515625,4322.5,4421.93017578125,4411.6650390625,30600
CSU.TO,2025-08-29,4414.990234375,4551.02001953125,4393.9501953125,4550.33984375,4539.77587890625,50000
CSU.TO,2025-09-02,4495.06005859375,4594.7900390625,4466.81005859375,4568.77978515625,4558.1728515625,54800
CSU.TO,2025-09-03,4560.0,4629.52978515625,4560.0,4603.31982421875,4592.63330078125,37800
CSU.TO,2025-09-04,4617.58984375,4628.77001953125,4558.60009765625,4605.39990234375,4594.70849609375,24500
CSU.TO,2025-09-05,4587.990234375,4623.0,4555.0,4599.68994140625,4589.01220703125,25200
CSU.TO,2025-09-08,4597.3798828125,4634.97998046875,4574.5498046875,4579.22998046875,4568.5986328125,43300
CSU.TO,2025-09-09,4576.93017578125,4594.91015625,4530.22998046875,4582.10986328125,4571.47265625,37000
CSU.TO,2025-09-10,4557.27978515625,4589.02001953125,4416.39013671875,4421.93017578125,4411.6650390625,47000
CSU.TO,2025-09-11,4465.4599609375,4465.4599609375,4396.89990234375,4430.27001953125,4419.9853515625,40900
CSU.TO,2025-09-12,4437.7001953125,4437.7001953125,4355.56982421875,4392.7900390625,4382.591796875,27200
CSU.TO,2025-09-15,4441.77978515625,4441.77978515625,4266.52978515625,4301.830078125,4291.8427734375,56600
CSU.TO,2025-09-16,4300.0,4355.330078125,4192.2001953125,4355.169921875,4345.05908203125,72400
CSU.TO,2025-09-17,4317.0,4355.14990234375,4235.10986328125,4281.58984375,4271.64990234375,29400
CSU.TO,2025-09-18,4265.0,4329.06982421875,4243.3798828125,4310.9501953125,4300.94287109375,38600
CSU.TO,2025-09-19,4500.0,4500.0,4376.009765625,4417.31982421875,4408.4775390625,137000
CSU.TO,2025-09-22,4419.5400390625,4426.8701171875,4165.02001953125,4200.27978515625,4191.87158203125,69900
CSU.TO,2025-09-23,4218.89990234375,4229.990234375,3977.7099609375,4000.010009765625,3992.0029296875,89000
CSU.TO,2025-09-24,4003.1298828125,4150.66015625,4003.1298828125,4137.6201171875,4129.33740234375,72400
CSU.TO,2025-09-25,3949.989990234375,3981.0,3390.010009765625,3891.39990234375,3883.6103515625,142100
CSU.TO,2025-09-26,3928.280029296875,3950.090087890625,3604.030029296875,3660.0,3652.673583984375,145300
CSU.TO,2025-09-29,3660.010009765625,3772.239990234375,3660.010009765625,3766.739990234375,3759.199951171875,101600
CSU.TO,2025-09-30,3753.14990234375,3823.570068359375,3709.43994140625,3777.97998046875,3770.41748046875,109200
CSU.TO,2025-10-01,3803.570068359375,3988.989990234375,3799.169921875,3832.22998046875,3824.558837890625,75600
CSU.TO,2025-10-02,3827.2099609375,3904.949951171875,3821.780029296875,3901.840087890625,3894.029541015625,59400
CSU.TO,2025-10-03,3925.0,4055.419921875,3925.0,4029.530029296875,4021.464111328125,80100
CSU.TO,2025-10-06,4110.0,4110.0,3882.64990234375,3897.60009765625,3889.798095703125,43800
CSU.TO,2025-10-07,3899.56005859375,3910.0,3802.550048828125,3837.429931640625,3829.748291015625,60600
CSU.TO,2025-10-08,3857.8701171875,3898.300048828125,3791.25,3869.330078125,3861.58447265625,43700
CSU.TO,2025-10-09,3872.31005859375,3971.639892578125,3849.969970703125,3949.969970703125,3942.06298828125,44500
CSU.TO,2025-10-10,3952.669921875,4015.0,3933.419921875,3936.18994140625,3928.310791015625,49800
CSU.TO,2025-10-14,3943.47998046875,4081.7099609375,3943.47998046875,3955.010009765625,3947.093017578125,68100
CSU.TO,2025-10-15,3969.0,4029.8701171875,3940.0,3970.35009765625,3962.40234375,52000
CSU.TO,2025-10-16,3998.419921875,4029.760009765625,3834.39990234375,3855.639892578125,3847.921875,59700
CSU.TO,2025-10-17,3825.0,3892.820068359375,3810.6201171875,3814.1298828125,3806.4951171875,59000
CSU.TO,2025-10-20,3814.1298828125,3845.0,3707.820068359375,3709.989990234375,3702.5634765625,48000
CSU.TO,2025-10-21,3672.0,3716.2099609375,3635.10009765625,3678.31005859375,3670.947021484375,65300
CSU.TO,2025-10-22,3693.139892578125,3747.39990234375,3668.4599609375,3690.0,3682.613525390625,49700
CSU.TO,2025-10-23,3738.110107421875,3752.080078125,3657.5,3727.909912109375,3720.447509765625,70600
CSU.TO,2025-10-24,3782.889892578125,3825.239990234375,3722.590087890625,3782.389892578125,3774.818359375,33900
CSU.TO,2025-10-27,3823.800048828125,3889.31005859375,3785.260009765625,3844.219970703125,3836.52490234375,39900
CSU.TO,2025-10-28,3869.72998046875,3898.030029296875,3745.89990234375,3753.030029296875,3745.517333984375,39800
CSU.TO,2025-10-29,3731.889892578125,3735.610107421875,3447.77001953125,3453.8798828125,3446.966064453125,125700
CSU.TO,2025-10-30,3403.590087890625,3605.6298828125,3403.590087890625,3586.889892578125,3579.7099609375,77000
CSU.TO,2025-10-31,3581.81005859375,3710.8798828125,3581.81005859375,3691.080078125,3683.69140625,64600
CSU.TO,2025-11-03,3679.9599609375,3691.889892578125,3509.610107421875,3584.85009765625,3577.673828125,69600
CSU.TO,2025-11-04,3423.81005859375,3604.56005859375,3422.110107421875,3507.030029296875,3500.009765625,52200
CSU.TO,2025-11-05,3524.580078125,3600.239990234375,3500.179931640625,3570.97998046875,3563.831787109375,43500
CSU.TO,2025-11-06,3527.760009765625,3571.9599609375,3365.02001953125,3392.8798828125,3386.08837890625,108600
CSU.TO,2025-11-07,3300.0,3401.1201171875,3300.0,3385.760009765625,3378.982666015625,69000
CSU.TO,2025-11-10,3570.010009765625,3570.010009765625,3183.3701171875,3304.8798828125,3298.264404296875,150500
CSU.TO,2025-11-11,3220.830078125,3283.0,3199.010009765625,3257.27001953125,3250.74951171875,87800
CSU.TO,2025-11-12,3284.1201171875,3382.77001953125,3269.719970703125,3355.72998046875,3349.012451171875,62100
CSU.TO,2025-11-13,3299.659912109375,3323.409912109375,3219.60009765625,3277.56005859375,3270.999267578125,95000
CSU.TO,2025-11-14,3237.590087890625,3375.139892578125,3237.580078125,3343.010009765625,3336.318115234375,91000
CSU.TO,2025-11-17,3303.68994140625,3366.659912109375,3211.2099609375,3245.530029296875,3239.033203125,76800
CSU.TO,2025-11-18,3239.419921875,3281.97998046875,3207.6201171875,3238.35009765625,3231.86767578125,44500
CSU.TO,2025-11-19,3266.27001953125,3299.989990234375,3173.8701171875,3201.659912109375,3195.2509765625,71400
CSU.TO,2025-11-20,3273.610107421875,3281.5,3155.60009765625,3220.989990234375,3214.54248046875,53800
CSU.TO,2025-11-21,3200.2099609375,3325.0,3200.0,3291.409912109375,3284.8212890625,56600
CSU.TO,2025-11-24,3330.0,3404.93994140625,3266.6298828125,3382.9599609375,3376.18798828125,166700
CSU.TO,2025-11-25,3365.510009765625,3437.77001953125,3357.860107421875,3396.27001953125,3389.4716796875,74000
CSU.TO,2025-11-26,3412.6298828125,3437.449951171875,3374.97998046875,3420.0,3413.154052734375,41800
CSU.TO,2025-11-27,3434.179931640625,3434.179931640625,3381.0,3422.010009765625,3415.159912109375,9100
CSU.TO,2025-11-28,3422.010009765625,3422.010009765625,3355.6201171875,3382.25,3375.479736328125,28700
CSU.TO,2025-12-01,3368.469970703125,3368.47998046875,3284.550048828125,3319.389892578125,3312.745361328125,94700
CSU.TO,2025-12-02,3354.260009765625,3354.260009765625,3274.699951171875,3321.0400390625,3314.391845703125,51700
CSU.TO,2025-12-03,3309.469970703125,3318.5,3261.0,3293.419921875,3286.8271484375,44000
CSU.TO,2025-12-04,3250.010009765625,3342.5,3250.010009765625,3309.97998046875,3303.3544921875,40300
CSU.TO,2025-12-05,3342.6298828125,3389.6298828125,3308.169921875,3325.820068359375,3319.16259765625,31600
CSU.TO,2025-12-08,3327.489990234375,3378.449951171875,3301.43994140625,3336.469970703125,3329.791259765625,47300
CSU.TO,2025-12-09,3336.469970703125,3358.0,3317.449951171875,3341.580078125,3334.89111328125,52200
CSU.TO,2025-12-10,3337.610107421875,3343.0,3250.0,3315.0,3308.364013671875,72200
CSU.TO,2025-12-11,3279.860107421875,3308.72998046875,3231.0,3258.080078125,3251.558349609375,71900
CSU.TO,2025-12-12,3260.929931640625,3299.97998046875,3220.0,3285.389892578125,3278.813232421875,58800
CSU.TO,2025-12-15,3298.35009765625,3338.679931640625,3268.43994140625,3336.0,3329.322265625,79700
CSU.TO,2025-12-16,3300.0,3380.010009765625,3226.02001953125,3260.0,3253.474365234375,118900
CSU.TO,2025-12-17,3299.64990234375,3380.0,3298.3701171875,3315.0,3308.364013671875,82700
CSU.TO,2025-12-18,3331.080078125,3372.7099609375,3295.43994140625,3325.580078125,3318.92333984375,51900
CSU.TO,2025-12-19,3349.530029296875,3381.389892578125,3307.260009765625,3375.080078125,3369.720458984375,116900
CSU.TO,2025-12-22,3363.510009765625,3363.510009765625,3275.0,3307.820068359375,3302.567138671875,82900
CSU.TO,2025-12-23,3309.47998046875,3341.719970703125,3267.25,3331.320068359375,3326.02978515625,43800
CSU.TO,2025-12-24,3301.8701171875,3355.889892578125,3295.77001953125,3316.169921875,3310.90380859375,12900
CSU.TO,2025-12-29,3339.97998046875,3363.760009765625,3318.260009765625,3344.590087890625,3339.27880859375,45700
CSU.TO,2025-12-30,3339.989990234375,3371.860107421875,3312.760009765625,3313.070068359375,3307.80859375,62900
CSU.TO,2025-12-31,3315.0,3323.360107421875,3265.300048828125,3301.39990234375,3296.1572265625,31500
ABX.TO,2025-01-02,22.65999984741211,23.18000030517578,22.65999984741211,23.010000228881836,22.167327880859375,1680600
ABX.TO,2025-01-03,22.950000762939453,23.09000015258789,22.84000015258789,22.899999618530273,22.061357498168945,1849000
ABX.TO,2025-01-06,22.790000915527344,22.829999923706055,22.219999313354492,22.229999542236328,21.4158935546875,3374100
ABX.TO,2025-01-07,22.530000686645508,22.799999237060547,22.239999771118164,22.360000610351562,21.541135787963867,4536800
ABX.TO,2025-01-08,22.489999771118164,22.84000015258789,22.389999389648438,22.81999969482422,21.98428726196289,4777300
ABX.TO,2025-01-09,22.81999969482422,23.1299991607666,22.790000915527344,23.1299991607666,22.282934188842773,1099800
ABX.TO,2025-01-10,23.190000534057617,23.360000610351562,22.639999389648438,22.700000762939453,21.868682861328125,5798500
ABX.TO,2025-01-13,22.200000762939453,22.440000534057617,22.06999969482422,22.260000228881836,21.444795608520508,3236100
ABX.TO,2025-01-14,22.139999389648438,22.3799991607666,22.020000457763672,22.360000610351562,21.541135787963867,3323100
ABX.TO,2025-01-15,22.600000381469727,22.829999923706055,22.40999984741211,22.690000534057617,21.859046936035156,3677100
ABX.TO,2025-01-16,22.90999984741211,22.950000762939453,22.610000610351562,22.639999389648438,21.81087875366211,1872500
ABX.TO,2025-01-17,22.75,23.18000030517578,22.5,23.139999389648438,22.292566299438477,2968600
ABX.TO,2025-01-20,22.989999771118164,23.260000228881836,22.950000762939453,23.209999084472656,22.360000610351562,667600
ABX.TO,2025-01-21,22.889999389648438,23.34000015258789,22.8799991607666,22.899999618530273,22.061357498168945,2463800
ABX.TO,2025-01-22,23.1200008392334,23.170000076293945,22.6299991607666,22.65999984741211,21.830148696899414,2110100
ABX.TO,2025-01-23,22.3700008392334,22.719999313354492,22.25,22.719999313354492,21.887950897216797,2703900
ABX.TO,2025-01-24,22.989999771118164,23.309999465942383,22.8700008392334,23.149999618530273,22.302202224731445,2591100
ABX.TO,2025-01-27,22.799999237060547,23.100000381469727,22.600000381469727,23.09000015258789,22.244400024414062,1962900
ABX.TO,2025-01-28,23.079999923706055,23.350000381469727,22.90999984741211,22.979999542236328,22.138427734375,1768300
ABX.TO,2025-01-29,23.0,23.290000915527344,22.799999237060547,23.020000457763672,22.17696189880371,2043000
ABX.TO,2025-01-30,23.43000030517578,24.229999542236328,23.40999984741211,23.989999771118164,23.111440658569336,3501700
ABX.TO,2025-01-31,24.350000381469727,24.469999313354492,23.709999084472656,23.760000228881836,22.889863967895508,3650000
ABX.TO,2025-02-03,23.860000610351562,24.530000686645508,23.860000610351562,24.110000610351562,23.227046966552734,3027400
ABX.TO,2025-02-04,23.809999465942383,24.100000381469727,23.68000030517578,23.889999389648438,23.01510238647461,3358400
ABX.TO,2025-02-05,24.139999389648438,24.6299991607666,24.1200008392334,24.549999237060547,23.650928497314453,3498500
ABX.TO,2025-02-06,24.59000015258789,24.639999389648438,24.420000076293945,24.610000610351562,23.70873260498047,4032700
ABX.TO,2025-02-07,24.75,24.979999542236328,24.309999465942383,24.329999923706055,23.438989639282227,3973700
ABX.TO,2025-02-10,24.969999313354492,25.309999465942383,24.799999237060547,24.93000030517578,24.017013549804688,6514100
ABX.TO,2025-02-11,24.739999771118164,24.860000610351562,24.399999618530273,24.420000076293945,23.525691986083984,2501500
ABX.TO,2025-02-12,24.8700008392334,26.200000762939453,24.68000030517578,25.969999313354492,25.01892852783203,5221200
ABX.TO,2025-02-13,26.040000915527344,26.329999923706055,25.75,26.190000534057617,25.230871200561523,3610300
ABX.TO,2025-02-14,26.15999984741211,26.25,25.399999618530273,25.43000030517578,24.498701095581055,4635800
ABX.TO,2025-02-18,25.8799991607666,26.1200008392334,25.639999389648438,26.059999465942383,25.105632781982422,4248200
ABX.TO,2025-02-19,25.989999771118164,27.1299991607666,25.760000228881836,26.719999313354492,25.7414608001709,4667100
ABX.TO,2025-02-20,26.65999984741211,27.190000534057617,26.579999923706055,26.670000076293945,25.69329261779785,2952100
ABX.TO,2025-02-21,26.479999542236328,26.6200008392334,26.010000228881836,26.049999237060547,25.095996856689453,2023000
ABX.TO,2025-02-24,26.260000228881836,26.290000915527344,25.770000457763672,26.040000915527344,25.08636474609375,2228100
ABX.TO,2025-02-25,25.899999618530273,25.959999084472656,25.34000015258789,25.8700008392334,24.922592163085938,4375900
ABX.TO,2025-02-26,25.75,26.559999465942383,25.700000762939453,26.469999313354492,25.5006160736084,4088600
ABX.TO,2025-02-27,26.15999984741211,26.219999313354492,25.649999618530273,25.670000076293945,24.729915618896484,3896200
ABX.TO,2025-02-28,25.100000381469727,25.68000030517578,24.959999084472656,25.65999984741211,24.85973358154297,4395200
ABX.TO,2025-03-03,26.010000228881836,26.18000030517578,25.600000381469727,25.649999618530273,24.85004997253418,2009500
ABX.TO,2025-03-04,25.8799991607666,26.059999465942383,25.31999969482422,25.68000030517578,24.87911033630371,3905200
ABX.TO,2025-03-05,25.920000076293945,26.559999465942383,25.68000030517578,26.479999542236328,25.65416145324707,4162700
ABX.TO,2025-03-06,26.270000457763672,26.780000686645508,26.1200008392334,26.389999389648438,25.566967010498047,4118700
ABX.TO,2025-03-07,26.329999923706055,27.020000457763672,26.270000457763672,26.739999771118164,25.90605354309082,3411400
ABX.TO,2025-03-10,26.549999237060547,26.90999984741211,26.1299991607666,26.260000228881836,25.441020965576172,5072100
ABX.TO,2025-03-11,26.489999771118164,27.0,26.389999389648438,26.6200008392334,25.789796829223633,3052700
ABX.TO,2025-03-12,26.520000457763672,26.600000381469727,26.139999389648438,26.399999618530273,25.576656341552734,3152500
ABX.TO,2025-03-13,26.56999969482422,27.450000762939453,26.479999542236328,27.059999465942383,26.216073989868164,4191200
ABX.TO,2025-03-14,27.399999618530273,27.450000762939453,26.969999313354492,27.0,26.157943725585938,4267800
ABX.TO,2025-03-17,27.100000381469727,27.489999771118164,27.049999237060547,27.440000534057617,26.5842227935791,2895800
ABX.TO,2025-03-18,28.010000228881836,28.15999984741211,27.6299991607666,27.649999618530273,26.78767204284668,3624000
ABX.TO,2025-03-19,27.739999771118164,27.8700008392334,27.479999542236328,27.809999465942383,26.942684173583984,3889300
ABX.TO,2025-03-20,27.709999084472656,27.8700008392334,27.5,27.59000015258789,26.729541778564453,2601700
ABX.TO,2025-03-21,27.360000610351562,27.40999984741211,26.8700008392334,27.049999237060547,26.206382751464844,8908600
ABX.TO,2025-03-24,27.09000015258789,27.280000686645508,27.030000686645508,27.079999923706055,26.23544692993164,3494200
ABX.TO,2025-03-25,27.309999465942383,27.780000686645508,27.260000228881836,27.639999389648438,26.777984619140625,2623100
ABX.TO,2025-03-26,27.700000762939453,27.850000381469727,27.3799991607666,27.59000015258789,26.729541778564453,2230700
ABX.TO,2025-03-27,27.81999969482422,28.059999465942383,27.709999084472656,28.010000228881836,27.136445999145508,2220000
ABX.TO,2025-03-28,28.190000534057617,28.440000534057617,27.329999923706055,27.3799991607666,26.526092529296875,2862300
ABX.TO,2025-03-31,27.690000534057617,28.030000686645508,27.030000686645508,27.940000534057617,27.068626403808594,5317200
ABX.TO,2025-04-01,28.020000457763672,28.260000228881836,27.809999465942383,28.139999389648438,27.26239013671875,2632300
ABX.TO,2025-04-02,28.25,28.260000228881836,27.459999084472656,27.780000686645508,26.913618087768555,2228600
ABX.TO,2025-04-03,25.8700008392334,27.770000457763672,25.760000228881836,27.299999237060547,26.448585510253906,3793300
ABX.TO,2025-04-04,26.75,26.8799991607666,25.049999237060547,25.110000610351562,24.326887130737305,4829000
ABX.TO,2025-04-07,24.299999237060547,26.299999237060547,24.280000686645508,25.1200008392334,24.336578369140625,5408700
ABX.TO,2025-04-08,25.93000030517578,26.020000457763672,24.739999771118164,24.979999542236328,24.20094108581543,6338600
ABX.TO,2025-04-09,25.690000534057617,26.68000030517578,25.5,26.530000686645508,25.702600479125977,5887600
ABX.TO,2025-04-10,26.600000381469727,27.270000457763672,26.40999984741211,26.889999389648438,26.051374435424805,6142100
ABX.TO,2025-04-11,27.760000228881836,28.940000534057617,27.75,28.6200008392334,27.727420806884766,6520600
ABX.TO,2025-04-14,28.219999313354492,28.770000457763672,27.549999237060547,28.34000015258789,27.456151962280273,5171600
ABX.TO,2025-04-15,28.649999618530273,28.729999542236328,28.190000534057617,28.40999984741211,27.523971557617188,3924400
ABX.TO,2025-04-16,29.190000534057617,29.389999389648438,28.360000610351562,28.639999389648438,27.746795654296875,4255300
ABX.TO,2025-04-17,28.3700008392334,28.440000534057617,27.770000457763672,27.959999084472656,27.088003158569336,4460800
ABX.TO,2025-04-21,28.790000915527344,28.899999618530273,27.989999771118164,28.31999969482422,27.43677520751953,2592800
ABX.TO,2025-04-22,28.84000015258789,28.84000015258789,27.489999771118164,27.6200008392334,26.758607864379883,3871300
ABX.TO,2025-04-23,26.440000534057617,26.649999618530273,26.010000228881836,26.469999313354492,25.64447021484375,3396900
ABX.TO,2025-04-24,26.729999542236328,26.940000534057617,26.329999923706055,26.899999618530273,26.06106185913086,2495500
ABX.TO,2025-04-25,26.219999313354492,26.540000915527344,26.1200008392334,26.40999984741211,25.58634376525879,3151800
ABX.TO,2025-04-28,26.190000534057617,26.700000762939453,26.190000534057617,26.65999984741211,25.82854652404785,2945500
ABX.TO,2025-04-29,26.40999984741211,26.639999389648438,26.1200008392334,26.139999389648438,25.324764251708984,2760600
ABX.TO,2025-04-30,25.950000762939453,26.290000915527344,25.950000762939453,26.290000915527344,25.470088958740234,4594700
ABX.TO,2025-05-01,25.639999389648438,25.709999084472656,25.34000015258789,25.440000534057617,24.646596908569336,3002600
ABX.TO,2025-05-02,25.719999313354492,25.739999771118164,25.010000228881836,25.420000076293945,24.627220153808594,3067400
ABX.TO,2025-05-05,26.0,26.040000915527344,25.489999771118164,25.760000228881836,24.956615447998047,4840000
ABX.TO,2025-05-06,26.25,26.540000915527344,26.030000686645508,26.530000686645508,25.702600479125977,6723500
ABX.TO,2025-05-07,25.84000015258789,26.989999771118164,25.739999771118164,26.850000381469727,26.01262092590332,6186000
ABX.TO,2025-05-08,26.719999313354492,26.93000030517578,26.260000228881836,26.280000686645508,25.460399627685547,5467200
ABX.TO,2025-05-09,26.540000915527344,27.100000381469727,26.299999237060547,27.09000015258789,26.245136260986328,2276500
ABX.TO,2025-05-12,26.059999465942383,26.229999542236328,25.329999923706055,25.459999084472656,24.665971755981445,3813800
ABX.TO,2025-05-13,25.610000610351562,25.649999618530273,25.1299991607666,25.280000686645508,24.491588592529297,3076300
ABX.TO,2025-05-14,24.75,24.84000015258789,24.420000076293945,24.6299991607666,23.861858367919922,3596100
ABX.TO,2025-05-15,24.899999618530273,25.09000015258789,24.709999084472656,25.049999237060547,24.26875877380371,5288400
ABX.TO,2025-05-16,24.31999969482422,25.020000457763672,24.290000915527344,24.940000534057617,24.162187576293945,3939100
ABX.TO,2025-05-20,25.40999984741211,26.020000457763672,25.329999923706055,26.0,25.189130783081055,2539900
ABX.TO,2025-05-21,26.049999237060547,26.25,25.979999542236328,26.1200008392334,25.305389404296875,2844400
ABX.TO,2025-05-22,26.040000915527344,26.1200008392334,25.56999969482422,25.889999389648438,25.082557678222656,2749500
ABX.TO,2025-05-23,26.270000457763672,26.40999984741211,25.969999313354492,26.18000030517578,25.363515853881836,2043100
ABX.TO,2025-05-26,25.90999984741211,26.170000076293945,25.90999984741211,26.09000015258789,25.276323318481445,1610500
ABX.TO,2025-05-27,25.559999465942383,26.219999313354492,25.559999465942383,26.15999984741211,25.344141006469727,3825300
ABX.TO,2025-05-28,26.260000228881836,26.40999984741211,26.010000228881836,26.31999969482422,25.4991512298584,4023000
ABX.TO,2025-05-29,26.34000015258789,26.399999618530273,26.059999465942383,26.219999313354492,25.402271270751953,1836200
ABX.TO,2025-05-30,26.030000686645508,26.350000381469727,25.940000534057617,26.31999969482422,25.634065628051758,8796200
ABX.TO,2025-06-02,26.729999542236328,27.889999389648438,26.600000381469727,27.84000015258789,27.114456176757812,3690600
ABX.TO,2025-06-03,27.530000686645508,27.68000030517578,27.299999237060547,27.56999969482422,26.851490020751953,3850000
ABX.TO,2025-06-04,27.56999969482422,27.770000457763672,27.469999313354492,27.56999969482422,26.851490020751953,2512900
ABX.TO,2025-06-05,27.850000381469727,28.280000686645508,27.229999542236328,27.350000381469727,26.637226104736328,2874000
ABX.TO,2025-06-06,27.3700008392334,27.43000030517578,26.790000915527344,27.149999618530273,26.442434310913086,4528400
ABX.TO,2025-06-09,27.200000762939453,27.860000610351562,27.149999618530273,27.790000915527344,27.06575584411621,7021000
ABX.TO,2025-06-10,27.8799991607666,28.0,27.290000915527344,27.40999984741211,26.695659637451172,3357400
ABX.TO,2025-06-11,27.440000534057617,27.690000534057617,27.350000381469727,27.670000076293945,26.948884963989258,2364900
ABX.TO,2025-06-12,27.889999389648438,28.639999389648438,27.729999542236328,28.479999542236328,27.737773895263672,4163600
ABX.TO,2025-06-13,28.790000915527344,29.440000534057617,28.600000381469727,29.31999969482422,28.555883407592773,3998600
ABX.TO,2025-06-16,28.959999084472656,29.389999389648438,28.899999618530273,29.100000381469727,28.341617584228516,6604700
ABX.TO,2025-06-17,29.170000076293945,29.290000915527344,28.649999618530273,29.139999389648438,28.380573272705078,3825400
ABX.TO,2025-06-18,29.100000381469727,29.149999618530273,28.770000457763672,28.90999984741211,28.156570434570312,3519000
ABX.TO,2025-06-19,28.899999618530273,28.940000534057617,28.6299991607666,28.770000457763672,28.020217895507812,834000
ABX.TO,2025-06-20,28.600000381469727,29.389999389648438,28.5,28.790000915527344,28.039697647094727,7546000
ABX.TO,2025-06-23,28.829999923706055,29.5,28.829999923706055,29.079999923706055,28.3221378326416,4137100
ABX.TO,2025-06-24,28.1200008392334,28.6299991607666,28.030000686645508,28.350000381469727,27.611162185668945,5304600
ABX.TO,2025-06-25,28.270000457763672,28.989999771118164,28.260000228881836,28.6299991607666,27.883865356445312,3555100
ABX.TO,2025-06-26,28.709999084472656,28.940000534057617,28.6200008392334,28.889999389648438,28.137086868286133,2821900
ABX.TO,2025-06-27,28.15999984741211,28.510000228881836,27.920000076293945,28.030000686645508,27.299503326416016,3277300
ABX.TO,2025-06-30,27.979999542236328,28.360000610351562,27.889999389648438,28.350000381469727,27.611162185668945,2174900
ABX.TO,2025-07-02,28.700000762939453,28.959999084472656,28.479999542236328,28.829999923706055,28.078651428222656,3644500
ABX.TO,2025-07-03,28.6200008392334,29.209999084472656,28.579999923706055,29.139999389648438,28.380573272705078,2042100
ABX.TO,2025-07-04,29.079999923706055,29.299999237060547,29.030000686645508,29.18000030517578,28.419532775878906,587700
ABX.TO,2025-07-07,28.920000076293945,29.600000381469727,28.610000610351562,29.520000457763672,28.750669479370117,3044900
ABX.TO,2025-07-08,29.469999313354492,29.520000457763672,28.1299991607666,28.350000381469727,27.611162185668945,5192700
ABX.TO,2025-07-09,28.190000534057617,28.709999084472656,28.170000076293945,28.59000015258789,27.844911575317383,2915100
ABX.TO,2025-07-10,28.68000030517578,28.799999237060547,28.469999313354492,28.770000457763672,28.020217895507812,3066600
ABX.TO,2025-07-11,29.1299991607666,29.229999542236328,28.829999923706055,29.040000915527344,28.283180236816406,3513800
ABX.TO,2025-07-14,29.06999969482422,29.3700008392334,29.030000686645508,29.09000015258789,28.331876754760742,3379200
ABX.TO,2025-07-15,29.110000610351562,29.290000915527344,28.510000228881836,28.829999923706055,28.078651428222656,2273700
ABX.TO,2025-07-16,28.920000076293945,29.399999618530273,28.84000015258789,29.030000686645508,28.273439407348633,3291500
ABX.TO,2025-07-17,28.639999389648438,28.729999542236328,28.219999313354492,28.59000015258789,27.844911575317383,3769500
ABX.TO,2025-07-18,28.670000076293945,28.850000381469727,28.3799991607666,28.43000030517578,27.689077377319336,2540800
ABX.TO,2025-07-21,28.850000381469727,29.489999771118164,28.799999237060547,29.190000534057617,28.42927360534668,3248500
ABX.TO,2025-07-22,29.5,29.770000457763672,29.34000015258789,29.579999923706055,28.809106826782227,4026700
ABX.TO,2025-07-23,29.559999465942383,29.8799991607666,29.34000015258789,29.399999618530273,28.633798599243164,3147100
ABX.TO,2025-07-24,29.049999237060547,29.65999984741211,28.790000915527344,29.3799991607666,28.61431884765625,2438700
ABX.TO,2025-07-25,29.40999984741211,29.979999542236328,29.31999969482422,29.84000015258789,29.06233024597168,3339000
ABX.TO,2025-07-28,29.610000610351562,29.670000076293945,28.950000762939453,29.389999389648438,28.62405776977539,3082800
ABX.TO,2025-07-29,29.389999389648438,29.75,29.280000686645508,29.6200008392334,28.848064422607422,2043100
ABX.TO,2025-07-30,29.469999313354492,29.790000915527344,29.020000457763672,29.190000534057617,28.42927360534668,3924600
ABX.TO,2025-07-31,29.34000015258789,29.549999237060547,28.989999771118164,29.25,28.487709045410156,3173900
ABX.TO,2025-08-01,29.600000381469727,29.700000762939453,29.15999984741211,29.469999313354492,28.70197105407715,2851900
ABX.TO,2025-08-05,30.100000381469727,31.100000381469727,30.100000381469727,31.059999465942383,30.250534057617188,5816800
ABX.TO,2025-08-06,31.110000610351562,31.549999237060547,30.989999771118164,31.270000457763672,30.455066680908203,6437500
ABX.TO,2025-08-07,31.469999313354492,32.209999084472656,31.469999313354492,31.770000457763672,30.942033767700195,3592000
ABX.TO,2025-08-08,32.150001525878906,32.369998931884766,31.850000381469727,32.220001220703125,31.380306243896484,5119600
ABX.TO,2025-08-11,30.899999618530273,31.56999969482422,30.530000686645508,31.459999084472656,30.640111923217773,9424400
ABX.TO,2025-08-12,31.93000030517578,32.4900016784668,31.6200008392334,32.38999938964844,31.545875549316406,3984600
ABX.TO,2025-08-13,32.5,33.22999954223633,32.45000076293945,32.84000015258789,31.98414421081543,3394100
ABX.TO,2025-08-14,32.84000015258789,33.0099983215332,32.47999954223633,32.66999816894531,31.81857681274414,4304100
ABX.TO,2025-08-15,32.650001525878906,33.33000183105469,32.34000015258789,33.310001373291016,32.44190216064453,8862600
ABX.TO,2025-08-18,33.33000183105469,33.7400016784668,33.20000076293945,33.5,32.62694549560547,3442900
ABX.TO,2025-08-19,33.61000061035156,33.880001068115234,33.18000030517578,33.2599983215332,32.39320373535156,2609500
ABX.TO,2025-08-20,33.599998474121094,34.77000045776367,33.599998474121094,34.47999954223633,33.58140563964844,7558500
ABX.TO,2025-08-21,34.65999984741211,35.63999938964844,34.560001373291016,35.5099983215332,34.584564208984375,11457500
ABX.TO,2025-08-22,35.2599983215332,36.47999954223633,35.2599983215332,36.25,35.30527877807617,7294000
ABX.TO,2025-08-25,36.150001525878906,36.77000045776367,36.099998474121094,36.45000076293945,35.50006866455078,4787400
ABX.TO,2025-08-26,36.45000076293945,37.06999969482422,36.2599983215332,37.040000915527344,36.07469177246094,8726800
ABX.TO,2025-08-27,36.90999984741211,36.9900016784668,36.31999969482422,36.45000076293945,35.50006866455078,3596900
ABX.TO,2025-08-28,36.25,36.45000076293945,35.970001220703125,36.189998626708984,35.2468376159668,2945100
ABX.TO,2025-08-29,36.060001373291016,36.86000061035156,36.060001373291016,36.630001068115234,35.879608154296875,5527000
ABX.TO,2025-09-02,37.2599983215332,37.47999954223633,36.66999816894531,37.18000030517578,36.41834259033203,4496100
ABX.TO,2025-09-03,37.560001373291016,37.63999938964844,37.18000030517578,37.43000030517578,36.6632194519043,5098700
ABX.TO,2025-09-04,37.27000045776367,37.77000045776367,37.09000015258789,37.65999984741211,36.88850784301758,3447800
ABX.TO,2025-09-05,38.20000076293945,39.38999938964844,37.88999938964844,39.369998931884766,38.563472747802734,6130700
ABX.TO,2025-09-08,39.779998779296875,40.2400016784668,39.29999923706055,40.06999969482422,39.24913787841797,5857300
ABX.TO,2025-09-09,40.5,40.529998779296875,39.90999984741211,40.43000030517578,39.60176467895508,6079500
ABX.TO,2025-09-10,40.65999984741211,41.2400016784668,40.54999923706055,40.91999816894531,40.081722259521484,4993000
ABX.TO,2025-09-11,40.45000076293945,40.720001220703125,40.099998474121094,40.689998626708984,39.8564338684082,5322700
ABX.TO,2025-09-12,40.81999969482422,40.959999084472656,39.91999816894531,40.220001220703125,39.39606475830078,5065400
ABX.TO,2025-09-15,40.09000015258789,40.2599983215332,39.630001068115234,40.0,39.180572509765625,6492600
ABX.TO,2025-09-16,39.880001068115234,40.060001373291016,39.369998931884766,39.709999084472656,38.89651107788086,5443800
ABX.TO,2025-09-17,39.15999984741211,41.060001373291016,39.04999923706055,40.630001068115234,39.797664642333984,7980900
ABX.TO,2025-09-18,40.349998474121094,41.540000915527344,40.16999816894531,41.52000045776367,40.66943359375,7664600
ABX.TO,2025-09-19,42.290000915527344,45.7400016784668,41.88999938964844,45.54999923706055,44.61687469482422,14916600
ABX.TO,2025-09-22,47.02000045776367,49.33000183105469,46.93000030517578,48.939998626708984,47.93742752075195,11596200
ABX.TO,2025-09-23,49.04999923706055,49.91999816894531,47.54999923706055,47.79999923706055,46.82078552246094,7710700
ABX.TO,2025-09-24,47.880001068115234,48.08000183105469,46.08000183105469,46.70000076293945,45.74332046508789,7362400
ABX.TO,2025-09-25,46.97999954223633,48.470001220703125,46.68000030517578,47.810001373291016,46.8305778503418,6842400
ABX.TO,2025-09-26,47.95000076293945,48.08000183105469,47.13999938964844,48.060001373291016,47.07545852661133,6408600
ABX.TO,2025-09-29,48.849998474121094,49.619998931884766,45.79999923706055,46.119998931884766,45.17519760131836,8804100
ABX.TO,2025-09-30,45.540000915527344,46.63999938964844,45.380001068115234,45.709999084472656,44.773597717285156,7024000
ABX.TO,2025-10-01,46.150001525878906,47.61000061035156,46.04999923706055,47.0,46.03717041015625,4045000
ABX.TO,2025-10-02,47.41999816894531,47.540000915527344,45.529998779296875,47.38999938964844,46.419185638427734,6548100
ABX.TO,2025-10-03,47.439998626708984,47.59000015258789,46.9900016784668,47.369998931884766,46.39958953857422,3565400
ABX.TO,2025-10-06,48.20000076293945,49.18000030517578,47.439998626708984,47.5,46.52693176269531,4620300
ABX.TO,2025-10-07,47.5,47.529998779296875,45.779998779296875,46.36000061035156,45.410282135009766,3996000
ABX.TO,2025-10-08,47.16999816894531,47.56999969482422,46.7599983215332,47.31999969482422,46.350616455078125,6747900
ABX.TO,2025-10-09,47.5,47.5099983215332,45.75,46.33000183105469,45.38090133666992,4180100
ABX.TO,2025-10-10,46.4900016784668,46.4900016784668,45.5099983215332,45.86000061035156,44.920528411865234,4565400
ABX.TO,2025-10-14,46.560001373291016,47.439998626708984,46.369998931884766,46.79999923706055,45.841270446777344,6364000
ABX.TO,2025-10-15,47.36000061035156,48.779998779296875,47.33000183105469,48.70000076293945,47.70234680175781,4383800
ABX.TO,2025-10-16,49.209999084472656,51.09000015258789,49.02000045776367,50.08000183105469,49.054073333740234,4966600
ABX.TO,2025-10-17,49.06999969482422,49.279998779296875,45.91999816894531,46.72999954223633,45.772701263427734,7335600
ABX.TO,2025-10-20,48.06999969482422,48.880001068115234,47.31999969482422,48.7599983215332,47.76111602783203,5299500
ABX.TO,2025-10-21,45.529998779296875,45.63999938964844,43.880001068115234,44.15999984741211,43.25535202026367,6157500
ABX.TO,2025-10-22,42.84000015258789,44.38999938964844,42.619998931884766,44.09000015258789,43.18678283691406,9822300
ABX.TO,2025-10-23,45.459999084472656,45.470001220703125,44.529998779296875,44.66999816894531,43.75489807128906,6144200
ABX.TO,2025-10-24,44.029998779296875,46.790000915527344,43.75,45.4900016784668,44.55810546875,8809000
ABX.TO,2025-10-27,44.20000076293945,44.790000915527344,43.400001525878906,44.540000915527344,43.627567291259766,5106000
ABX.TO,2025-10-28,43.38999938964844,44.59000015258789,43.33000183105469,44.38999938964844,43.48063659667969,4660800
ABX.TO,2025-10-29,45.08000183105469,45.130001068115234,44.27000045776367,44.70000076293945,43.7842903137207,3302800
ABX.TO,2025-10-30,44.86000061035156,46.29999923706055,44.630001068115234,46.27000045776367,45.32212829589844,4604200
ABX.TO,2025-10-31,46.349998474121094,46.4900016784668,45.34000015258789,46.040000915527344,45.096839904785156,3159000
ABX.TO,2025-11-03,46.0,46.7599983215332,45.650001525878906,46.45000076293945,45.49843978881836,7547400
ABX.TO,2025-11-04,45.16999816894531,45.52000045776367,44.56999969482422,44.619998931884766,43.70592498779297,4123200
ABX.TO,2025-11-05,45.41999816894531,46.279998779296875,45.36000061035156,46.25,45.30253601074219,6978900
ABX.TO,2025-11-06,46.40999984741211,47.08000183105469,45.7599983215332,45.93000030517578,44.98909378051758,4698200
ABX.TO,2025-11-07,45.779998779296875,46.470001220703125,45.279998779296875,46.439998626708984,45.48863983154297,6552500
ABX.TO,2025-11-10,48.619998931884766,49.97999954223633,47.81999969482422,48.88999938964844,47.888450622558594,11008700
ABX.TO,2025-11-11,49.34000015258789,50.41999816894531,48.65999984741211,50.18000030517578,49.15203094482422,5076500
ABX.TO,2025-11-12,50.310001373291016,52.619998931884766,50.02000045776367,52.31999969482422,51.24818801879883,5558400
ABX.TO,2025-11-13,52.189998626708984,52.66999816894531,50.63999938964844,51.11000061035156,50.06298065185547,8958700
ABX.TO,2025-11-14,49.349998474121094,52.900001525878906,49.09000015258789,52.0,50.93474197387695,10577200
ABX.TO,2025-11-17,51.689998626708984,53.540000915527344,51.59000015258789,51.97999954223633,50.91515350341797,6527400
ABX.TO,2025-11-18,53.150001525878906,53.56999969482422,52.099998474121094,52.7599983215332,51.679168701171875,5015800
ABX.TO,2025-11-19,53.900001525878906,54.33000183105469,52.86000061035156,53.08000183105469,51.99262237548828,3974800
ABX.TO,2025-11-20,52.95000076293945,53.56999969482422,50.59000015258789,50.79999923706055,49.75932312011719,7996400
ABX.TO,2025-11-21,50.939998626708984,51.9900016784668,50.380001068115234,51.529998779296875,50.47437286376953,4199100
ABX.TO,2025-11-24,53.25,55.93000030517578,52.79999923706055,55.93000030517578,54.78423309326172,14696800
ABX.TO,2025-11-25,55.68000030517578,56.34000015258789,54.790000915527344,55.18000030517578,54.04959487915039,3885600
ABX.TO,2025-11-26,55.529998779296875,57.68000030517578,55.4900016784668,57.560001373291016,56.38084411621094,5446500
ABX.TO,2025-11-27,57.25,57.66999816894531,56.9900016784668,57.5,56.32206726074219,718300
ABX.TO,2025-11-28,57.470001220703125,58.58000183105469,56.95000076293945,58.43000030517578,57.47892761230469,3892300
ABX.TO,2025-12-01,58.970001220703125,60.13999938964844,58.349998474121094,59.27000045776367,58.30525588989258,7116100
ABX.TO,2025-12-02,58.41999816894531,59.45000076293945,56.220001220703125,57.41999816894531,56.48536682128906,4520400
ABX.TO,2025-12-03,57.68000030517578,58.2400016784668,56.47999954223633,56.5099983215332,55.59018325805664,3434200
ABX.TO,2025-12-04,56.09000015258789,57.31999969482422,56.0099983215332,57.11000061035156,56.18041229248047,6045800
ABX.TO,2025-12-05,57.709999084472656,58.31999969482422,56.529998779296875,56.790000915527344,55.865623474121094,7259100
ABX.TO,2025-12-08,56.63999938964844,56.91999816894531,55.459999084472656,55.4900016784668,54.586788177490234,8751800
ABX.TO,2025-12-09,55.5,56.720001220703125,55.45000076293945,56.66999816894531,55.74757766723633,5266300
ABX.TO,2025-12-10,56.459999084472656,57.939998626708984,55.880001068115234,57.7599983215332,56.8198356628418,8312400
ABX.TO,2025-12-11,57.16999816894531,60.5,56.630001068115234,59.45000076293945,58.48232650756836,3421500
ABX.TO,2025-12-12,60.5,60.5,58.0,59.2599983215332,58.29541778564453,5164200
ABX.TO,2025-12-15,60.09000015258789,60.900001525878906,59.2400016784668,59.630001068115234,58.65939712524414,7300100
ABX.TO,2025-12-16,59.40999984741211,60.369998931884766,58.560001373291016,59.040000915527344,58.079002380371094,5049900
ABX.TO,2025-12-17,59.939998626708984,60.58000183105469,59.02000045776367,60.0,59.023372650146484,5365500
ABX.TO,2025-12-18,59.70000076293945,61.06999969482422,59.38999938964844,60.5099983215332,59.52507019042969,4278500
ABX.TO,2025-12-19,60.54999923706055,62.56999969482422,60.40999984741211,61.619998931884766,60.617000579833984,12797000
ABX.TO,2025-12-22,62.86000061035156,63.849998474121094,61.880001068115234,62.709999084472656,61.68925857543945,7161700
ABX.TO,2025-12-23,62.83000183105469,63.31999969482422,61.91999816894531,62.58000183105469,61.56138229370117,6285700
ABX.TO,2025-12-24,62.34000015258789,62.4900016784668,61.56999969482422,62.060001373291016,61.049842834472656,1993300
ABX.TO,2025-12-29,60.099998474121094,61.400001525878906,59.36000061035156,60.29999923706055,59.31848907470703,3380500
ABX.TO,2025-12-30,61.33000183105469,61.369998931884766,60.36000061035156,60.59000015258789,59.6037712097168,2443200
ABX.TO,2025-12-31,60.099998474121094,60.56999969482422,59.599998474121094,59.790000915527344,58.816795349121094,2678000
AEM.TO,2025-01-02,114.58999633789062,118.41000366210938,114.52999877929688,118.05999755859375,115.81996154785156,793500
AEM.TO,2025-01-03,117.79000091552734,118.20999908447266,116.93000030517578,117.13999938964844,114.91742706298828,636700
AEM.TO,2025-01-06,116.98999786376953,116.98999786376953,113.91000366210938,114.1500015258789,111.98416900634766,690100
AEM.TO,2025-01-07,117.0199966430664,118.76000213623047,115.69999694824219,116.58999633789062,114.37785339355469,1311200
AEM.TO,2025-01-08,117.75,120.08000183105469,117.13999938964844,119.95999908447266,117.68391418457031,907600
AEM.TO,2025-01-09,120.19999694824219,122.06999969482422,120.19999694824219,121.75,119.43995666503906,389100
AEM.TO,2025-01-10,122.38999938964844,123.58999633789062,120.91000366210938,121.69000244140625,119.38108825683594,961600
AEM.TO,2025-01-13,119.76000213623047,119.95999908447266,117.41000366210938,118.61000061035156,116.35953521728516,830300
AEM.TO,2025-01-14,118.80999755859375,120.61000061035156,117.9800033569336,120.52999877929688,118.24311065673828,839000
AEM.TO,2025-01-15,121.91000366210938,121.91000366210938,119.12000274658203,120.83000183105469,118.53740692138672,764700
AEM.TO,2025-01-16,122.08000183105469,123.37000274658203,121.05999755859375,121.20999908447266,118.91020202636719,685900
AEM.TO,2025-01-17,120.6500015258789,123.33000183105469,119.8499984741211,123.08999633789062,120.75452423095703,661800
AEM.TO,2025-01-20,122.5,124.19999694824219,122.5,124.01000213623047,121.6570816040039,185600
AEM.TO,2025-01-21,124.5,127.62000274658203,124.38999938964844,127.0999984741211,124.68844604492188,1044400
AEM.TO,2025-01-22,128.0500030517578,129.99000549316406,126.76000213623047,128.3800048828125,125.94417572021484,602000
AEM.TO,2025-01-23,130.0,130.0,125.29000091552734,127.4800033569336,125.06124877929688,770500
AEM.TO,2025-01-24,129.0,129.08999633789062,127.87000274658203,128.97000122070312,126.52296447753906,688500
AEM.TO,2025-01-27,126.83999633789062,128.61000061035156,125.87000274658203,128.52000427246094,126.08149719238281,695300
AEM.TO,2025-01-28,128.7899932861328,129.5500030517578,127.86000061035156,129.5,127.04290771484375,644200
AEM.TO,2025-01-29,130.0,131.75,128.75,129.97999572753906,127.5137939453125,608200
AEM.TO,2025-01-30,132.49000549316406,136.85000610351562,131.55999755859375,136.72999572753906,134.13572692871094,1034800
AEM.TO,2025-01-31,137.57000732421875,138.41000366210938,135.00999450683594,135.0800018310547,132.5170440673828,1346700
AEM.TO,2025-02-03,135.7100067138672,141.99000549316406,135.7100067138672,138.1699981689453,135.5483856201172,1480900
AEM.TO,2025-02-04,137.8000030517578,139.33999633789062,135.61000061035156,136.82000732421875,134.2240447998047,1114300
AEM.TO,2025-02-05,138.32000732421875,142.38999938964844,138.32000732421875,141.13999938964844,138.46205139160156,1352400
AEM.TO,2025-02-06,140.8800048828125,141.6300048828125,139.44000244140625,141.6199951171875,138.9329376220703,841300
AEM.TO,2025-02-07,142.0,142.88999938964844,140.44000244140625,140.47999572753906,137.81455993652344,685100
AEM.TO,2025-02-10,143.4499969482422,145.25,142.67999267578125,143.80999755859375,141.08139038085938,1069100
AEM.TO,2025-02-11,141.94000244140625,142.58999633789062,140.42999267578125,140.50999450683594,137.843994140625,693000
AEM.TO,2025-02-12,138.8699951171875,143.63999938964844,138.8300018310547,142.22999572753906,139.5313720703125,1032700
AEM.TO,2025-02-13,142.6300048828125,143.08999633789062,141.25,143.02999877929688,140.316162109375,726700
AEM.TO,2025-02-14,140.92999267578125,141.0,135.30999755859375,135.7899932861328,133.21356201171875,1553200
AEM.TO,2025-02-18,137.05999755859375,138.92999267578125,135.0500030517578,137.94000244140625,135.32275390625,1455400
AEM.TO,2025-02-19,137.10000610351562,140.60000610351562,136.77999877929688,139.42999267578125,136.7845001220703,1143800
AEM.TO,2025-02-20,139.4199981689453,141.0500030517578,138.4600067138672,138.9199981689453,136.28419494628906,1555400
AEM.TO,2025-02-21,138.00999450683594,138.39999389648438,136.33999633789062,136.77000427246094,134.1749725341797,768600
AEM.TO,2025-02-24,138.14999389648438,139.8000030517578,136.63999938964844,139.05999755859375,136.4215087890625,813100
AEM.TO,2025-02-25,137.61000061035156,138.88999938964844,134.30999755859375,138.6999969482422,136.06834411621094,1129700
AEM.TO,2025-02-26,138.07000732421875,141.5,137.3699951171875,141.05999755859375,138.38356018066406,790900
AEM.TO,2025-02-27,140.08999633789062,141.2100067138672,137.19000244140625,137.24000549316406,134.63604736328125,1063000
AEM.TO,2025-02-28,134.6199951171875,139.55999755859375,132.9600067138672,139.3699951171875,137.3029022216797,2783400
AEM.TO,2025-03-03,141.1199951171875,142.6199951171875,137.99000549316406,139.05999755859375,136.99749755859375,1647300
AEM.TO,2025-03-04,140.74000549316406,141.80999755859375,136.8699951171875,138.72000122070312,136.6625518798828,894300
AEM.TO,2025-03-05,138.49000549316406,143.0,137.5399932861328,142.7899932861328,140.67218017578125,1482600
AEM.TO,2025-03-06,141.44000244140625,142.4600067138672,139.10000610351562,139.99000549316406,137.91371154785156,849000
AEM.TO,2025-03-07,140.58999633789062,143.77999877929688,139.58999633789062,142.00999450683594,139.90374755859375,938000
AEM.TO,2025-03-10,141.0,142.00999450683594,138.5,140.1999969482422,138.12059020996094,1387800
AEM.TO,2025-03-11,142.5399932861328,147.0,142.11000061035156,144.97999572753906,142.82968139648438,1675800
AEM.TO,2025-03-12,144.86000061035156,146.4600067138672,143.5500030517578,145.22000122070312,143.06614685058594,1533800
AEM.TO,2025-03-13,146.07000732421875,150.25999450683594,145.6300048828125,148.22999572753906,146.031494140625,1149000
AEM.TO,2025-03-14,149.77999877929688,150.3800048828125,147.91000366210938,148.80999755859375,146.6029052734375,1021600
AEM.TO,2025-03-17,149.5800018310547,150.8699951171875,148.72000122070312,150.52000427246094,148.2875518798828,1180900
AEM.TO,2025-03-18,153.6300048828125,153.94000244140625,150.75,151.3300018310547,149.08551025390625,1042400
AEM.TO,2025-03-19,151.3800048828125,151.5,149.4600067138672,151.1300048828125,148.8885040283203,888400
AEM.TO,2025-03-20,150.6199951171875,152.14999389648438,149.7100067138672,150.8800048828125,148.64219665527344,750500
AEM.TO,2025-03-21,149.7100067138672,150.0,147.41000366210938,149.66000366210938,147.44029235839844,2537500
AEM.TO,2025-03-24,149.35000610351562,150.38999938964844,148.52999877929688,149.19000244140625,146.97726440429688,579800
AEM.TO,2025-03-25,150.0500030517578,152.61000061035156,149.85000610351562,150.64999389648438,148.4156036376953,757800
AEM.TO,2025-03-26,150.75,151.35000610351562,148.8000030517578,149.5800018310547,147.3614959716797,481100
AEM.TO,2025-03-27,152.08999633789062,154.38999938964844,151.02999877929688,154.33999633789062,152.0508575439453,849500
AEM.TO,2025-03-28,154.77000427246094,157.8800048828125,152.75999450683594,153.7899932861328,151.509033203125,1118000
AEM.TO,2025-03-31,153.42999267578125,157.05999755859375,151.07000732421875,155.91000366210938,153.59759521484375,1438800
AEM.TO,2025-04-01,157.36000061035156,158.10000610351562,153.02000427246094,154.86000061035156,152.5631561279297,917100
AEM.TO,2025-04-02,155.47999572753906,155.47999572753906,150.9600067138672,153.99000549316406,151.7060546875,963900
AEM.TO,2025-04-03,144.63999938964844,155.91000366210938,144.63999938964844,152.80999755859375,150.54354858398438,1179400
AEM.TO,2025-04-04,148.99000549316406,151.6300048828125,140.67999267578125,141.4600067138672,139.36190795898438,2726700
AEM.TO,2025-04-07,136.11000061035156,147.05999755859375,135.39999389648438,141.88999938964844,139.78553771972656,2036000
AEM.TO,2025-04-08,147.47999572753906,147.50999450683594,141.19000244140625,142.6999969482422,140.58351135253906,1602600
AEM.TO,2025-04-09,148.0500030517578,151.0,145.5500030517578,149.2899932861328,147.0757598876953,1681400
AEM.TO,2025-04-10,149.89999389648438,158.63999938964844,149.74000549316406,156.02999877929688,153.71580505371094,2193400
AEM.TO,2025-04-11,160.64999389648438,164.39999389648438,159.27000427246094,163.4199981689453,160.99620056152344,1396600
AEM.TO,2025-04-14,161.3300018310547,165.3699951171875,158.8800048828125,164.25999450683594,161.82374572753906,763000
AEM.TO,2025-04-15,166.33999633789062,168.82000732421875,164.25,168.3800048828125,165.88265991210938,1002200
AEM.TO,2025-04-16,174.58999633789062,175.3300018310547,168.6999969482422,170.0500030517578,167.5278778076172,1003100
AEM.TO,2025-04-17,168.86000061035156,169.6699981689453,166.44000244140625,168.3800048828125,165.88265991210938,817400
AEM.TO,2025-04-21,173.72000122070312,174.92999267578125,167.9600067138672,170.85000610351562,168.31600952148438,1017500
AEM.TO,2025-04-22,172.83999633789062,173.1999969482422,166.3300018310547,167.49000549316406,165.005859375,1393600
AEM.TO,2025-04-23,159.25,165.39999389648438,158.25,164.25999450683594,161.82374572753906,1610300
AEM.TO,2025-04-24,165.75999450683594,166.66000366210938,162.97000122070312,165.7899932861328,163.3310546875,707900
AEM.TO,2025-04-25,161.99000549316406,165.42999267578125,161.41000366210938,164.47000122070312,162.0306396484375,753800
AEM.TO,2025-04-28,163.1699981689453,164.55999755859375,160.9199981689453,164.5,162.06019592285156,692600
AEM.TO,2025-04-29,162.97999572753906,164.36000061035156,160.67999267578125,160.99000549316406,158.60226440429688,838100
AEM.TO,2025-04-30,161.0,162.27000427246094,160.4199981689453,162.02999877929688,159.6268310546875,1218100
AEM.TO,2025-05-01,158.47999572753906,158.8800048828125,155.0500030517578,155.75999450683594,153.44979858398438,1337200
AEM.TO,2025-05-02,157.69000244140625,157.80999755859375,151.6999969482422,153.50999450683594,151.23318481445312,994700
AEM.TO,2025-05-05,157.58999633789062,158.1300048828125,155.00999450683594,157.88999938964844,155.5482177734375,612200
AEM.TO,2025-05-06,161.5,164.32000732421875,159.77999877929688,164.11000061035156,161.6759796142578,1614400
AEM.TO,2025-05-07,161.0,162.9499969482422,159.80999755859375,162.35000610351562,159.9420623779297,937600
AEM.TO,2025-05-08,161.5800018310547,162.33999633789062,159.16000366210938,159.58999633789062,157.22300720214844,845500
AEM.TO,2025-05-09,161.0,163.6199951171875,159.24000549316406,163.5,161.0750274658203,789100
AEM.TO,2025-05-12,155.3300018310547,155.3300018310547,147.33999633789062,148.8300018310547,146.6226043701172,1833400
AEM.TO,2025-05-13,148.1999969482422,149.39999389648438,147.30999755859375,149.0500030517578,146.83934020996094,830700
AEM.TO,2025-05-14,145.77999877929688,147.0,144.2100067138672,146.3699951171875,144.19908142089844,1128200
AEM.TO,2025-05-15,147.8800048828125,148.9199981689453,146.8300018310547,148.6999969482422,146.49453735351562,920500
AEM.TO,2025-05-16,145.42999267578125,148.8699951171875,145.02999877929688,148.80999755859375,146.6029052734375,973600
AEM.TO,2025-05-20,150.60000610351562,156.94000244140625,150.60000610351562,156.75,154.4251251220703,1142900
AEM.TO,2025-05-21,159.0,160.6699981689453,156.58999633789062,160.30999755859375,157.9323272705078,1108400
AEM.TO,2025-05-22,159.30999755859375,160.97000122070312,158.17999267578125,158.9499969482422,156.5924835205078,999700
AEM.TO,2025-05-23,161.49000549316406,162.61000061035156,160.64999389648438,161.47999572753906,159.0849609375,862700
AEM.TO,2025-05-26,159.80999755859375,162.5,159.25999450683594,161.74000549316406,159.34112548828125,257500
AEM.TO,2025-05-27,158.5,162.6699981689453,158.17999267578125,160.7899932861328,158.4051971435547,1167100
AEM.TO,2025-05-28,161.3000030517578,163.24000549316406,160.5500030517578,163.11000061035156,160.6907958984375,1010100
AEM.TO,2025-05-29,163.1999969482422,164.2100067138672,161.0399932861328,163.17999267578125,160.75975036621094,689100
AEM.TO,2025-05-30,162.2899932861328,163.86000061035156,160.02000427246094,161.77000427246094,159.91162109375,3047200
AEM.TO,2025-06-02,164.30999755859375,170.75,164.30999755859375,170.32000732421875,168.36338806152344,1078100
AEM.TO,2025-06-03,168.41000366210938,169.36000061035156,165.94000244140625,168.05999755859375,166.12936401367188,823500
AEM.TO,2025-06-04,168.36000061035156,169.4499969482422,167.6199951171875,169.25999450683594,167.31556701660156,810700
AEM.TO,2025-06-05,171.2899932861328,172.75,166.27999877929688,166.80999755859375,164.89370727539062,848400
AEM.TO,2025-06-06,166.3300018310547,166.67999267578125,160.4600067138672,161.60000610351562,159.7435760498047,1248200
AEM.TO,2025-06-09,161.1300048828125,162.60000610351562,159.57000732421875,162.19000244140625,160.32679748535156,738200
AEM.TO,2025-06-10,162.25,163.0,158.27999877929688,160.07000732421875,158.2311553955078,876000
AEM.TO,2025-06-11,160.8699951171875,162.5500030517578,160.07000732421875,162.47999572753906,160.6134490966797,836700
AEM.TO,2025-06-12,164.39999389648438,167.14999389648438,164.1999969482422,166.1199951171875,164.21163940429688,700100
AEM.TO,2025-06-13,167.89999389648438,169.7899932861328,166.19000244140625,169.1300048828125,167.1870574951172,823500
AEM.TO,2025-06-16,167.41000366210938,169.1999969482422,166.83999633789062,168.44000244140625,166.50498962402344,723400
AEM.TO,2025-06-17,169.3699951171875,169.82000732421875,167.00999450683594,169.08999633789062,167.1475372314453,556800
AEM.TO,2025-06-18,168.99000549316406,170.2100067138672,167.42999267578125,167.97999572753906,166.05026245117188,741000
AEM.TO,2025-06-19,167.5,167.88999938964844,166.25,166.75999450683594,164.8442840576172,217400
AEM.TO,2025-06-20,166.5399932861328,169.4499969482422,166.22000122070312,166.2899932861328,164.3796844482422,1808700
AEM.TO,2025-06-23,167.0,170.91000366210938,167.0,168.08999633789062,166.15899658203125,736500
AEM.TO,2025-06-24,163.85000610351562,166.24000549316406,160.92999267578125,165.3000030517578,163.40106201171875,1251200
AEM.TO,2025-06-25,164.0399932861328,165.6699981689453,163.8800048828125,164.32000732421875,162.43231201171875,770600
AEM.TO,2025-06-26,164.99000549316406,168.07000732421875,164.10000610351562,167.89999389648438,165.97119140625,2454100
AEM.TO,2025-06-27,162.61000061035156,163.17999267578125,156.92999267578125,159.0800018310547,157.25253295898438,1442900
AEM.TO,2025-06-30,159.6300048828125,162.24000549316406,158.00999450683594,162.24000549316406,160.376220703125,1078300
AEM.TO,2025-07-02,162.97000122070312,162.97000122070312,159.27999877929688,161.3699951171875,159.51620483398438,980000
AEM.TO,2025-07-03,161.22000122070312,163.24000549316406,160.75,163.13999938964844,161.265869140625,662000
AEM.TO,2025-07-04,163.38999938964844,164.52999877929688,163.0399932861328,163.36000061035156,161.4833526611328,198700
AEM.TO,2025-07-07,162.7899932861328,167.13999938964844,160.5,166.8699951171875,164.95301818847656,812400
AEM.TO,2025-07-08,166.22000122070312,166.22999572753906,157.92999267578125,158.97000122070312,157.14378356933594,1048000
AEM.TO,2025-07-09,158.55999755859375,161.72999572753906,157.67999267578125,161.05999755859375,159.2097930908203,718700
AEM.TO,2025-07-10,161.6300048828125,162.5399932861328,159.25,161.42999267578125,159.57550048828125,898400
AEM.TO,2025-07-11,163.0,164.1999969482422,161.88999938964844,163.99000549316406,162.10614013671875,683400
AEM.TO,2025-07-14,164.5399932861328,167.3300018310547,163.6999969482422,163.75,161.8688507080078,672100
AEM.TO,2025-07-15,163.22999572753906,164.3300018310547,160.97999572753906,163.35000610351562,161.4734649658203,748700
AEM.TO,2025-07-16,164.05999755859375,165.6699981689453,161.9600067138672,163.7899932861328,161.90838623046875,960300
AEM.TO,2025-07-17,161.6300048828125,163.44000244140625,160.75999450683594,163.02000427246094,161.14727783203125,570600
AEM.TO,2025-07-18,163.25999450683594,164.33999633789062,161.4499969482422,161.61000061035156,159.7534637451172,731500
AEM.TO,2025-07-21,164.36000061035156,168.99000549316406,164.27999877929688,167.9199981689453,165.990966796875,989100
AEM.TO,2025-07-22,169.11000061035156,176.6199951171875,169.00999450683594,175.02000427246094,173.0093994140625,1247000
AEM.TO,2025-07-23,174.75999450683594,176.14999389648438,172.8300018310547,172.9199981689453,170.93353271484375,748800
AEM.TO,2025-07-24,171.83999633789062,174.7899932861328,168.8699951171875,171.75,169.77694702148438,587900
AEM.TO,2025-07-25,170.3699951171875,175.11000061035156,170.3699951171875,173.9199981689453,171.92202758789062,933500
AEM.TO,2025-07-28,172.85000610351562,173.2100067138672,167.75999450683594,169.97999572753906,168.0272979736328,757800
AEM.TO,2025-07-29,170.07000732421875,174.22999572753906,169.72999572753906,173.8300018310547,171.8330535888672,564000
AEM.TO,2025-07-30,171.8000030517578,175.14999389648438,169.75999450683594,170.6999969482422,168.73902893066406,684700
AEM.TO,2025-07-31,173.7100067138672,178.39999389648438,170.88999938964844,172.00999450683594,170.03396606445312,1466400
AEM.TO,2025-08-01,174.63999938964844,176.5,171.0800018310547,172.74000549316406,170.75558471679688,900200
AEM.TO,2025-08-05,179.52999877929688,185.97999572753906,179.39999389648438,185.4199981689453,183.28993225097656,1511600
AEM.TO,2025-08-06,185.32000732421875,187.0,184.02999877929688,186.1199951171875,183.9818878173828,1356700
AEM.TO,2025-08-07,188.08999633789062,188.5800018310547,185.72999572753906,186.6300048828125,184.4860382080078,846100
AEM.TO,2025-08-08,186.77999877929688,189.47000122070312,185.41000366210938,186.64999389648438,184.5057830810547,770300
AEM.TO,2025-08-11,182.7100067138672,187.55999755859375,182.0800018310547,186.8000030517578,184.65406799316406,590300
AEM.TO,2025-08-12,188.22999572753906,188.39999389648438,183.1300048828125,186.55999755859375,184.41683959960938,553100
AEM.TO,2025-08-13,187.91000366210938,187.91000366210938,183.17999267578125,183.99000549316406,181.87635803222656,928400
AEM.TO,2025-08-14,183.97000122070312,185.86000061035156,182.0,183.38999938964844,181.28326416015625,690500
AEM.TO,2025-08-15,182.86000061035156,184.60000610351562,180.9199981689453,184.35000610351562,182.23223876953125,1049300
AEM.TO,2025-08-18,185.02999877929688,185.11000061035156,182.83999633789062,184.38999938964844,182.27174377441406,548900
AEM.TO,2025-08-19,184.60000610351562,184.80999755859375,180.25999450683594,180.61000061035156,178.53518676757812,556000
AEM.TO,2025-08-20,182.13999938964844,186.9199981689453,181.94000244140625,186.85000610351562,184.70350646972656,769800
AEM.TO,2025-08-21,187.19000244140625,191.2100067138672,187.19000244140625,189.58999633789062,187.41201782226562,527500
AEM.TO,2025-08-22,188.08999633789062,190.86000061035156,186.61000061035156,189.8300018310547,187.64926147460938,1054400
AEM.TO,2025-08-25,190.5399932861328,190.74000549316406,188.25,189.3699951171875,187.1945343017578,502400
AEM.TO,2025-08-26,189.6699981689453,193.33999633789062,188.83999633789062,193.13999938964844,190.9212646484375,1244400
AEM.TO,2025-08-27,192.27000427246094,193.0,190.1300048828125,192.4199981689453,190.20950317382812,517300
AEM.TO,2025-08-28,194.22999572753906,194.22999572753906,190.14999389648438,191.42999267578125,189.2308807373047,616700
AEM.TO,2025-08-29,191.27000427246094,198.8699951171875,191.27000427246094,198.00999450683594,195.73526000976562,1150700
AEM.TO,2025-09-02,200.17999267578125,203.97000122070312,197.3300018310547,203.58999633789062,201.81277465820312,1915600
AEM.TO,2025-09-03,205.32000732421875,206.69000244140625,203.0,205.25999450683594,203.4682159423828,1149300
AEM.TO,2025-09-04,203.0,205.5,201.60000610351562,205.2100067138672,203.41864013671875,1046200
AEM.TO,2025-09-05,207.3800048828125,211.1999969482422,205.52999877929688,210.4199981689453,208.58316040039062,865900
AEM.TO,2025-09-08,212.47000122070312,213.9499969482422,210.00999450683594,212.92999267578125,211.07122802734375,1583900
AEM.TO,2025-09-09,213.44000244140625,214.4600067138672,210.39999389648438,211.7100067138672,209.86190795898438,1022800
AEM.TO,2025-09-10,213.07000732421875,216.0,210.61000061035156,211.94000244140625,210.0898895263672,1048000
AEM.TO,2025-09-11,211.92999267578125,212.77999877929688,209.64999389648438,212.72999572753906,210.87298583984375,929700
AEM.TO,2025-09-12,213.4199981689453,213.83999633789062,210.33999633789062,212.24000549316406,210.3872833251953,568600
AEM.TO,2025-09-15,210.6699981689453,212.99000549316406,209.13999938964844,211.82000732421875,209.97093200683594,865600
AEM.TO,2025-09-16,210.9499969482422,211.7899932861328,207.55999755859375,209.55999755859375,207.7306671142578,1611200
AEM.TO,2025-09-17,207.0,213.10000610351562,206.25,211.17999267578125,209.3365020751953,1417500
AEM.TO,2025-09-18,210.13999938964844,213.2100067138672,208.1199951171875,213.00999450683594,211.15054321289062,843600
AEM.TO,2025-09-19,215.5,223.86000061035156,214.4199981689453,222.1300048828125,220.19093322753906,3366800
AEM.TO,2025-09-22,226.7899932861328,226.7899932861328,221.5399932861328,222.77999877929688,220.8352508544922,1507400
AEM.TO,2025-09-23,225.0,226.66000366210938,223.1699981689453,224.75999450683594,222.7979736328125,1207200
AEM.TO,2025-09-24,225.1699981689453,225.74000549316406,219.52999877929688,219.5800018310547,217.66319274902344,891100
AEM.TO,2025-09-25,219.60000610351562,223.77000427246094,218.5399932861328,223.0,221.0533447265625,933200
AEM.TO,2025-09-26,224.25,229.41000366210938,223.77999877929688,227.85000610351562,225.8610076904297,881300
AEM.TO,2025-09-29,235.0,235.16000366210938,230.63999938964844,232.27999877929688,230.25233459472656,1079300
AEM.TO,2025-09-30,229.86000061035156,235.67999267578125,229.44000244140625,234.39999389648438,232.35382080078125,971000
AEM.TO,2025-10-01,236.2100067138672,238.8800048828125,236.10000610351562,237.30999755859375,235.23841857910156,522500
AEM.TO,2025-10-02,238.8699951171875,238.97000122070312,229.27000427246094,234.7100067138672,232.6611328125,915700
AEM.TO,2025-10-03,237.07000732421875,237.57000732421875,234.2100067138672,236.30999755859375,234.24716186523438,416400
AEM.TO,2025-10-06,237.67999267578125,240.05999755859375,236.32000732421875,237.72999572753906,235.65475463867188,647200
AEM.TO,2025-10-07,238.44000244140625,238.9600067138672,230.86000061035156,232.11000061035156,230.0838165283203,573200
AEM.TO,2025-10-08,238.0,238.0,232.02000427246094,236.6699981689453,234.60401916503906,714500
AEM.TO,2025-10-09,237.08999633789062,237.13999938964844,224.5,226.82000732421875,224.83999633789062,1031600
AEM.TO,2025-10-10,227.4600067138672,230.25,225.3699951171875,230.16000366210938,228.15084838867188,577000
AEM.TO,2025-10-14,237.9600067138672,243.47000122070312,237.67999267578125,240.49000549316406,238.3906707763672,1355200
AEM.TO,2025-10-15,241.22999572753906,251.6699981689453,241.22999572753906,251.1199951171875,248.9278564453125,911000
AEM.TO,2025-10-16,253.00999450683594,263.2300109863281,251.1999969482422,260.70001220703125,258.42425537109375,1140200
AEM.TO,2025-10-17,255.83999633789062,256.44000244140625,239.47999572753906,244.41000366210938,242.27645874023438,1143400
AEM.TO,2025-10-20,249.91000366210938,251.25999450683594,245.6699981689453,250.4600067138672,248.2736358642578,663700
AEM.TO,2025-10-21,236.25999450683594,236.5,224.8300018310547,228.4600067138672,226.4656982421875,1213200
AEM.TO,2025-10-22,222.57000732421875,229.63999938964844,222.32000732421875,228.1699981689453,226.17822265625,986200
AEM.TO,2025-10-23,232.3800048828125,233.10000610351562,228.75,230.14999389648438,228.14093017578125,647100
AEM.TO,2025-10-24,226.6300048828125,231.0399932861328,224.75999450683594,228.5800018310547,226.5846405029297,563800
AEM.TO,2025-10-27,218.5800018310547,223.85000610351562,213.00999450683594,217.0800018310547,215.18502807617188,2626800
AEM.TO,2025-10-28,211.11000061035156,219.10000610351562,211.11000061035156,218.47999572753906,216.5727996826172,971700
AEM.TO,2025-10-29,223.38999938964844,223.72000122070312,217.38999938964844,218.8800048828125,216.9693145751953,1056000
AEM.TO,2025-10-30,221.2100067138672,229.35000610351562,219.08999633789062,227.5399932861328,225.55369567871094,1290700
AEM.TO,2025-10-31,228.60000610351562,229.0,222.49000549316406,225.5800018310547,223.61082458496094,867600
AEM.TO,2025-11-03,226.0,228.75999450683594,223.75999450683594,228.35000610351562,226.35665893554688,991900
AEM.TO,2025-11-04,221.02999877929688,225.8800048828125,219.55999755859375,219.74000549316406,217.8218231201172,1122400
AEM.TO,2025-11-05,223.47999572753906,226.5800018310547,223.1699981689453,225.4199981689453,223.45220947265625,1081200
AEM.TO,2025-11-06,227.86000061035156,230.22000122070312,224.91000366210938,225.0500030517578,223.08544921875,749200
AEM.TO,2025-11-07,224.7100067138672,226.58999633789062,221.41000366210938,226.52000427246094,224.54261779785156,884200
AEM.TO,2025-11-10,232.0,236.99000549316406,229.74000549316406,235.44000244140625,233.384765625,659500
AEM.TO,2025-11-11,236.47000122070312,236.47000122070312,229.02000427246094,235.0500030517578,232.99815368652344,672200
AEM.TO,2025-11-12,236.08999633789062,244.38999938964844,234.0,242.4499969482422,240.33355712890625,933000
AEM.TO,2025-11-13,243.05999755859375,243.4499969482422,235.11000061035156,236.66000366210938,234.59408569335938,885400
AEM.TO,2025-11-14,228.8699951171875,237.36000061035156,227.36000061035156,236.02000427246094,233.95968627929688,999800
AEM.TO,2025-11-17,234.02999877929688,236.92999267578125,230.4499969482422,231.63999938964844,229.617919921875,1335100
AEM.TO,2025-11-18,232.77999877929688,235.3300018310547,229.50999450683594,232.83999633789062,230.80743408203125,841200
AEM.TO,2025-11-19,237.6199951171875,241.27000427246094,233.8300018310547,235.86000061035156,233.80108642578125,819100
AEM.TO,2025-11-20,236.66000366210938,238.19000244140625,223.47999572753906,223.6999969482422,221.7472381591797,689500
AEM.TO,2025-11-21,221.10000610351562,227.0,220.1199951171875,225.52000427246094,223.55136108398438,809400
AEM.TO,2025-11-24,228.1199951171875,234.9499969482422,227.22000122070312,234.6999969482422,232.6511993408203,2589800
AEM.TO,2025-11-25,235.55999755859375,237.19000244140625,232.8800048828125,233.8800048828125,231.83837890625,1270700
AEM.TO,2025-11-26,236.0399932861328,244.17999267578125,235.94000244140625,243.02999877929688,240.9084930419922,849500
AEM.TO,2025-11-27,242.74000549316406,242.74000549316406,241.36000061035156,242.10000610351562,239.9866180419922,662000
AEM.TO,2025-11-28,245.35000610351562,245.35000610351562,240.97000122070312,243.7899932861328,241.661865234375,678900
AEM.TO,2025-12-01,244.52000427246094,245.6300048828125,238.52999877929688,240.91000366210938,239.3558349609375,1070400
AEM.TO,2025-12-02,238.67999267578125,240.3800048828125,229.75,237.1999969482422,235.6697540283203,1084700
AEM.TO,2025-12-03,239.25999450683594,239.85000610351562,234.75999450683594,236.1999969482422,234.67620849609375,799100
AEM.TO,2025-12-04,235.2100067138672,239.85000610351562,233.7899932861328,239.49000549316406,237.94497680664062,813500
AEM.TO,2025-12-05,240.69000244140625,240.69000244140625,231.75,233.57000732421875,232.0631866455078,837900
AEM.TO,2025-12-08,233.5,234.22999572753906,228.02999877929688,228.3300018310547,226.85699462890625,1163100
AEM.TO,2025-12-09,229.39999389648438,231.77999877929688,228.39999389648438,230.25999450683594,228.77452087402344,726100
AEM.TO,2025-12-10,227.6999969482422,228.3699951171875,222.05999755859375,226.44000244140625,224.9791717529297,2097800
AEM.TO,2025-12-11,225.6300048828125,237.36000061035156,225.3800048828125,234.75,233.23556518554688,986400
AEM.TO,2025-12-12,239.60000610351562,240.47999572753906,230.7899932861328,231.6199951171875,230.12574768066406,1024700
AEM.TO,2025-12-15,238.10000610351562,238.5800018310547,230.83999633789062,231.75999450683594,230.2648468017578,1463800
AEM.TO,2025-12-16,231.64999389648438,233.64999389648438,228.25999450683594,229.14999389648438,227.67169189453125,1019100
AEM.TO,2025-12-17,230.8699951171875,232.27999877929688,227.13999938964844,230.97999572753906,229.48988342285156,1059400
AEM.TO,2025-12-18,230.8699951171875,235.4600067138672,229.0,232.49000549316406,230.99014282226562,1187500
AEM.TO,2025-12-19,233.02000427246094,243.3000030517578,232.58999633789062,241.5,239.9420166015625,3368800
AEM.TO,2025-12-22,246.49000549316406,249.16000366210938,243.63999938964844,247.69000244140625,246.09210205078125,943000
AEM.TO,2025-12-23,248.25,249.6999969482422,244.5800018310547,248.36000061035156,246.7577667236328,821700
AEM.TO,2025-12-24,248.36000061035156,248.69000244140625,244.25999450683594,247.67999267578125,246.08213806152344,373600
AEM.TO,2025-12-29,240.50999450683594,240.63999938964844,232.08999633789062,234.6699981689453,233.1560821533203,1447000
AEM.TO,2025-12-30,238.5,239.16000366210938,234.4499969482422,235.3000030517578,233.78201293945312,1025600
AEM.TO,2025-12-31,233.92999267578125,237.2100067138672,232.02000427246094,232.75999450683594,231.25839233398438,681900
